# Name: Histogram_1
# Instrument: CNCS
# Ei: 2.7
# Binning: 
# 	[H,H,0]: 75 bins from 0.0 to 0.75, step 0.01
# 	DeltaE: 72 bins from 0.2 to 2.0, step 0.025
# 	[0,0,L]: 1 bins from -3.05 to -2.95
# 	[H,-H,0]: 1 bins from -0.1 to 0.1
# UnitCell:
# 	Lattice parameters: a = 5.71082 b = 5.70969 c = 21.4314 alpha = 90.0249 beta = 89.9439 gamma = 119.988
# 	Orientation u:[0.76409,0.91221,20.4881]	v:[2.70519,2.75431,-6.28141]
# Intensity Error [H,H,0] DeltaE [0,0,L] [H,-H,0]
#  shape: 75x72x1x1
nan nan 5.000000e-03 2.125000e-01 -3.000000e+00 0.000000e+00
nan nan 5.000000e-03 2.375000e-01 -3.000000e+00 0.000000e+00
nan nan 5.000000e-03 2.625000e-01 -3.000000e+00 0.000000e+00
nan nan 5.000000e-03 2.875000e-01 -3.000000e+00 0.000000e+00
nan nan 5.000000e-03 3.125000e-01 -3.000000e+00 0.000000e+00
nan nan 5.000000e-03 3.375000e-01 -3.000000e+00 0.000000e+00
nan nan 5.000000e-03 3.624999e-01 -3.000000e+00 0.000000e+00
nan nan 5.000000e-03 3.874999e-01 -3.000000e+00 0.000000e+00
nan nan 5.000000e-03 4.124999e-01 -3.000000e+00 0.000000e+00
nan nan 5.000000e-03 4.374999e-01 -3.000000e+00 0.000000e+00
nan nan 5.000000e-03 4.624999e-01 -3.000000e+00 0.000000e+00
nan nan 5.000000e-03 4.874999e-01 -3.000000e+00 0.000000e+00
nan nan 5.000000e-03 5.124999e-01 -3.000000e+00 0.000000e+00
nan nan 5.000000e-03 5.374999e-01 -3.000000e+00 0.000000e+00
nan nan 5.000000e-03 5.624999e-01 -3.000000e+00 0.000000e+00
nan nan 5.000000e-03 5.874999e-01 -3.000000e+00 0.000000e+00
nan nan 5.000000e-03 6.124999e-01 -3.000000e+00 0.000000e+00
nan nan 5.000000e-03 6.374998e-01 -3.000000e+00 0.000000e+00
nan nan 5.000000e-03 6.624998e-01 -3.000000e+00 0.000000e+00
nan nan 5.000000e-03 6.874998e-01 -3.000000e+00 0.000000e+00
nan nan 5.000000e-03 7.124998e-01 -3.000000e+00 0.000000e+00
nan nan 5.000000e-03 7.374998e-01 -3.000000e+00 0.000000e+00
nan nan 5.000000e-03 7.624998e-01 -3.000000e+00 0.000000e+00
nan nan 5.000000e-03 7.874998e-01 -3.000000e+00 0.000000e+00
nan nan 5.000000e-03 8.124998e-01 -3.000000e+00 0.000000e+00
nan nan 5.000000e-03 8.374998e-01 -3.000000e+00 0.000000e+00
nan nan 5.000000e-03 8.624998e-01 -3.000000e+00 0.000000e+00
nan nan 5.000000e-03 8.874998e-01 -3.000000e+00 0.000000e+00
nan nan 5.000000e-03 9.124997e-01 -3.000000e+00 0.000000e+00
nan nan 5.000000e-03 9.374997e-01 -3.000000e+00 0.000000e+00
nan nan 5.000000e-03 9.624997e-01 -3.000000e+00 0.000000e+00
nan nan 5.000000e-03 9.874997e-01 -3.000000e+00 0.000000e+00
nan nan 5.000000e-03 1.012500e+00 -3.000000e+00 0.000000e+00
0.000000e+00 0.000000e+00 5.000000e-03 1.037500e+00 -3.000000e+00 0.000000e+00
0.000000e+00 0.000000e+00 5.000000e-03 1.062500e+00 -3.000000e+00 0.000000e+00
0.000000e+00 0.000000e+00 5.000000e-03 1.087500e+00 -3.000000e+00 0.000000e+00
0.000000e+00 0.000000e+00 5.000000e-03 1.112500e+00 -3.000000e+00 0.000000e+00
0.000000e+00 0.000000e+00 5.000000e-03 1.137500e+00 -3.000000e+00 0.000000e+00
0.000000e+00 0.000000e+00 5.000000e-03 1.162500e+00 -3.000000e+00 0.000000e+00
0.000000e+00 0.000000e+00 5.000000e-03 1.187500e+00 -3.000000e+00 0.000000e+00
5.010475e-04 2.892799e-04 5.000000e-03 1.212500e+00 -3.000000e+00 0.000000e+00
0.000000e+00 0.000000e+00 5.000000e-03 1.237500e+00 -3.000000e+00 0.000000e+00
0.000000e+00 0.000000e+00 5.000000e-03 1.262500e+00 -3.000000e+00 0.000000e+00
0.000000e+00 0.000000e+00 5.000000e-03 1.287500e+00 -3.000000e+00 0.000000e+00
0.000000e+00 0.000000e+00 5.000000e-03 1.312500e+00 -3.000000e+00 0.000000e+00
0.000000e+00 0.000000e+00 5.000000e-03 1.337500e+00 -3.000000e+00 0.000000e+00
0.000000e+00 0.000000e+00 5.000000e-03 1.362500e+00 -3.000000e+00 0.000000e+00
0.000000e+00 0.000000e+00 5.000000e-03 1.387500e+00 -3.000000e+00 0.000000e+00
1.430451e-04 8.258714e-05 5.000000e-03 1.412500e+00 -3.000000e+00 0.000000e+00
1.143137e-04 6.599905e-05 5.000000e-03 1.437500e+00 -3.000000e+00 0.000000e+00
2.820216e-04 9.400735e-05 5.000000e-03 1.462500e+00 -3.000000e+00 0.000000e+00
3.992037e-04 1.030740e-04 5.000000e-03 1.487500e+00 -3.000000e+00 0.000000e+00
2.079512e-04 6.931733e-05 5.000000e-03 1.512500e+00 -3.000000e+00 0.000000e+00
1.282380e-04 5.235294e-05 5.000000e-03 1.537500e+00 -3.000000e+00 0.000000e+00
4.291445e-04 9.364752e-05 5.000000e-03 1.562500e+00 -3.000000e+00 0.000000e+00
8.898580e-04 1.326531e-04 5.000000e-03 1.587500e+00 -3.000000e+00 0.000000e+00
1.594960e-03 1.740255e-04 5.000000e-03 1.612499e+00 -3.000000e+00 0.000000e+00
1.374119e-03 1.586704e-04 5.000000e-03 1.637499e+00 -3.000000e+00 0.000000e+00
6.894946e-04 1.104081e-04 5.000000e-03 1.662499e+00 -3.000000e+00 0.000000e+00
1.521638e-04 5.072147e-05 5.000000e-03 1.687499e+00 -3.000000e+00 0.000000e+00
1.900582e-04 5.486527e-05 5.000000e-03 1.712499e+00 -3.000000e+00 0.000000e+00
4.428918e-04 8.086099e-05 5.000000e-03 1.737499e+00 -3.000000e+00 0.000000e+00
2.118525e-04 5.470039e-05 5.000000e-03 1.762499e+00 -3.000000e+00 0.000000e+00
1.660500e-03 1.515833e-04 5.000000e-03 1.787499e+00 -3.000000e+00 0.000000e+00
2.212561e-03 1.738368e-04 5.000000e-03 1.812499e+00 -3.000000e+00 0.000000e+00
3.033847e-03 2.050098e-04 5.000000e-03 1.837499e+00 -3.000000e+00 0.000000e+00
1.834217e-03 1.578654e-04 5.000000e-03 1.862499e+00 -3.000000e+00 0.000000e+00
7.598264e-04 1.006421e-04 5.000000e-03 1.887499e+00 -3.000000e+00 0.000000e+00
1.191713e-04 3.972411e-05 5.000000e-03 1.912499e+00 -3.000000e+00 0.000000e+00
1.911565e-04 4.935652e-05 5.000000e-03 1.937499e+00 -3.000000e+00 0.000000e+00
5.389156e-04 8.315708e-05 5.000000e-03 1.962499e+00 -3.000000e+00 0.000000e+00
3.453638e-04 6.646565e-05 5.000000e-03 1.987499e+00 -3.000000e+00 0.000000e+00
nan nan 1.500000e-02 2.125000e-01 -3.000000e+00 0.000000e+00
nan nan 1.500000e-02 2.375000e-01 -3.000000e+00 0.000000e+00
nan nan 1.500000e-02 2.625000e-01 -3.000000e+00 0.000000e+00
nan nan 1.500000e-02 2.875000e-01 -3.000000e+00 0.000000e+00
nan nan 1.500000e-02 3.125000e-01 -3.000000e+00 0.000000e+00
nan nan 1.500000e-02 3.375000e-01 -3.000000e+00 0.000000e+00
nan nan 1.500000e-02 3.624999e-01 -3.000000e+00 0.000000e+00
nan nan 1.500000e-02 3.874999e-01 -3.000000e+00 0.000000e+00
nan nan 1.500000e-02 4.124999e-01 -3.000000e+00 0.000000e+00
nan nan 1.500000e-02 4.374999e-01 -3.000000e+00 0.000000e+00
nan nan 1.500000e-02 4.624999e-01 -3.000000e+00 0.000000e+00
nan nan 1.500000e-02 4.874999e-01 -3.000000e+00 0.000000e+00
nan nan 1.500000e-02 5.124999e-01 -3.000000e+00 0.000000e+00
nan nan 1.500000e-02 5.374999e-01 -3.000000e+00 0.000000e+00
nan nan 1.500000e-02 5.624999e-01 -3.000000e+00 0.000000e+00
nan nan 1.500000e-02 5.874999e-01 -3.000000e+00 0.000000e+00
nan nan 1.500000e-02 6.124999e-01 -3.000000e+00 0.000000e+00
nan nan 1.500000e-02 6.374998e-01 -3.000000e+00 0.000000e+00
nan nan 1.500000e-02 6.624998e-01 -3.000000e+00 0.000000e+00
nan nan 1.500000e-02 6.874998e-01 -3.000000e+00 0.000000e+00
nan nan 1.500000e-02 7.124998e-01 -3.000000e+00 0.000000e+00
nan nan 1.500000e-02 7.374998e-01 -3.000000e+00 0.000000e+00
nan nan 1.500000e-02 7.624998e-01 -3.000000e+00 0.000000e+00
nan nan 1.500000e-02 7.874998e-01 -3.000000e+00 0.000000e+00
nan nan 1.500000e-02 8.124998e-01 -3.000000e+00 0.000000e+00
nan nan 1.500000e-02 8.374998e-01 -3.000000e+00 0.000000e+00
nan nan 1.500000e-02 8.624998e-01 -3.000000e+00 0.000000e+00
nan nan 1.500000e-02 8.874998e-01 -3.000000e+00 0.000000e+00
nan nan 1.500000e-02 9.124997e-01 -3.000000e+00 0.000000e+00
nan nan 1.500000e-02 9.374997e-01 -3.000000e+00 0.000000e+00
nan nan 1.500000e-02 9.624997e-01 -3.000000e+00 0.000000e+00
nan nan 1.500000e-02 9.874997e-01 -3.000000e+00 0.000000e+00
0.000000e+00 0.000000e+00 1.500000e-02 1.012500e+00 -3.000000e+00 0.000000e+00
0.000000e+00 0.000000e+00 1.500000e-02 1.037500e+00 -3.000000e+00 0.000000e+00
0.000000e+00 0.000000e+00 1.500000e-02 1.062500e+00 -3.000000e+00 0.000000e+00
0.000000e+00 0.000000e+00 1.500000e-02 1.087500e+00 -3.000000e+00 0.000000e+00
0.000000e+00 0.000000e+00 1.500000e-02 1.112500e+00 -3.000000e+00 0.000000e+00
0.000000e+00 0.000000e+00 1.500000e-02 1.137500e+00 -3.000000e+00 0.000000e+00
0.000000e+00 0.000000e+00 1.500000e-02 1.162500e+00 -3.000000e+00 0.000000e+00
0.000000e+00 0.000000e+00 1.500000e-02 1.187500e+00 -3.000000e+00 0.000000e+00
4.832615e-04 2.790111e-04 1.500000e-02 1.212500e+00 -3.000000e+00 0.000000e+00
4.020349e-04 2.321149e-04 1.500000e-02 1.237500e+00 -3.000000e+00 0.000000e+00
0.000000e+00 0.000000e+00 1.500000e-02 1.262500e+00 -3.000000e+00 0.000000e+00
0.000000e+00 0.000000e+00 1.500000e-02 1.287500e+00 -3.000000e+00 0.000000e+00
0.000000e+00 0.000000e+00 1.500000e-02 1.312500e+00 -3.000000e+00 0.000000e+00
0.000000e+00 0.000000e+00 1.500000e-02 1.337500e+00 -3.000000e+00 0.000000e+00
0.000000e+00 0.000000e+00 1.500000e-02 1.362500e+00 -3.000000e+00 0.000000e+00
0.000000e+00 0.000000e+00 1.500000e-02 1.387500e+00 -3.000000e+00 0.000000e+00
1.108474e-04 6.399779e-05 1.500000e-02 1.412500e+00 -3.000000e+00 0.000000e+00
1.031968e-04 5.958071e-05 1.500000e-02 1.437500e+00 -3.000000e+00 0.000000e+00
1.915904e-04 7.821657e-05 1.500000e-02 1.462500e+00 -3.000000e+00 0.000000e+00
1.791922e-04 7.315492e-05 1.500000e-02 1.487500e+00 -3.000000e+00 0.000000e+00
1.696729e-04 6.926888e-05 1.500000e-02 1.512500e+00 -3.000000e+00 0.000000e+00
1.557752e-04 6.359496e-05 1.500000e-02 1.537500e+00 -3.000000e+00 0.000000e+00
1.360416e-04 5.553888e-05 1.500000e-02 1.562500e+00 -3.000000e+00 0.000000e+00
1.281826e-03 1.614959e-04 1.500000e-02 1.587500e+00 -3.000000e+00 0.000000e+00
1.602938e-03 1.748960e-04 1.500000e-02 1.612499e+00 -3.000000e+00 0.000000e+00
1.323505e-03 1.559772e-04 1.500000e-02 1.637499e+00 -3.000000e+00 0.000000e+00
3.174612e-04 7.482700e-05 1.500000e-02 1.662499e+00 -3.000000e+00 0.000000e+00
1.508310e-04 5.027705e-05 1.500000e-02 1.687499e+00 -3.000000e+00 0.000000e+00
5.258219e-04 9.153451e-05 1.500000e-02 1.712499e+00 -3.000000e+00 0.000000e+00
4.055742e-04 7.805330e-05 1.500000e-02 1.737499e+00 -3.000000e+00 0.000000e+00
2.573330e-04 6.065450e-05 1.500000e-02 1.762499e+00 -3.000000e+00 0.000000e+00
1.637988e-03 1.514330e-04 1.500000e-02 1.787499e+00 -3.000000e+00 0.000000e+00
1.500971e-03 1.444322e-04 1.500000e-02 1.812499e+00 -3.000000e+00 0.000000e+00
2.428132e-03 1.825111e-04 1.500000e-02 1.837499e+00 -3.000000e+00 0.000000e+00
1.503654e-03 1.427214e-04 1.500000e-02 1.862499e+00 -3.000000e+00 0.000000e+00
5.609642e-04 8.655972e-05 1.500000e-02 1.887499e+00 -3.000000e+00 0.000000e+00
2.768979e-04 6.042417e-05 1.500000e-02 1.912499e+00 -3.000000e+00 0.000000e+00
3.489672e-04 6.715938e-05 1.500000e-02 1.937499e+00 -3.000000e+00 0.000000e+00
3.835977e-04 7.003579e-05 1.500000e-02 1.962499e+00 -3.000000e+00 0.000000e+00
2.706673e-04 5.906530e-05 1.500000e-02 1.987499e+00 -3.000000e+00 0.000000e+00
nan nan 2.500000e-02 2.125000e-01 -3.000000e+00 0.000000e+00
nan nan 2.500000e-02 2.375000e-01 -3.000000e+00 0.000000e+00
nan nan 2.500000e-02 2.625000e-01 -3.000000e+00 0.000000e+00
nan nan 2.500000e-02 2.875000e-01 -3.000000e+00 0.000000e+00
nan nan 2.500000e-02 3.125000e-01 -3.000000e+00 0.000000e+00
nan nan 2.500000e-02 3.375000e-01 -3.000000e+00 0.000000e+00
nan nan 2.500000e-02 3.624999e-01 -3.000000e+00 0.000000e+00
nan nan 2.500000e-02 3.874999e-01 -3.000000e+00 0.000000e+00
nan nan 2.500000e-02 4.124999e-01 -3.000000e+00 0.000000e+00
nan nan 2.500000e-02 4.374999e-01 -3.000000e+00 0.000000e+00
nan nan 2.500000e-02 4.624999e-01 -3.000000e+00 0.000000e+00
nan nan 2.500000e-02 4.874999e-01 -3.000000e+00 0.000000e+00
nan nan 2.500000e-02 5.124999e-01 -3.000000e+00 0.000000e+00
nan nan 2.500000e-02 5.374999e-01 -3.000000e+00 0.000000e+00
nan nan 2.500000e-02 5.624999e-01 -3.000000e+00 0.000000e+00
nan nan 2.500000e-02 5.874999e-01 -3.000000e+00 0.000000e+00
nan nan 2.500000e-02 6.124999e-01 -3.000000e+00 0.000000e+00
nan nan 2.500000e-02 6.374998e-01 -3.000000e+00 0.000000e+00
nan nan 2.500000e-02 6.624998e-01 -3.000000e+00 0.000000e+00
nan nan 2.500000e-02 6.874998e-01 -3.000000e+00 0.000000e+00
nan nan 2.500000e-02 7.124998e-01 -3.000000e+00 0.000000e+00
nan nan 2.500000e-02 7.374998e-01 -3.000000e+00 0.000000e+00
nan nan 2.500000e-02 7.624998e-01 -3.000000e+00 0.000000e+00
nan nan 2.500000e-02 7.874998e-01 -3.000000e+00 0.000000e+00
nan nan 2.500000e-02 8.124998e-01 -3.000000e+00 0.000000e+00
nan nan 2.500000e-02 8.374998e-01 -3.000000e+00 0.000000e+00
nan nan 2.500000e-02 8.624998e-01 -3.000000e+00 0.000000e+00
nan nan 2.500000e-02 8.874998e-01 -3.000000e+00 0.000000e+00
nan nan 2.500000e-02 9.124997e-01 -3.000000e+00 0.000000e+00
nan nan 2.500000e-02 9.374997e-01 -3.000000e+00 0.000000e+00
0.000000e+00 0.000000e+00 2.500000e-02 9.624997e-01 -3.000000e+00 0.000000e+00
0.000000e+00 0.000000e+00 2.500000e-02 9.874997e-01 -3.000000e+00 0.000000e+00
0.000000e+00 0.000000e+00 2.500000e-02 1.012500e+00 -3.000000e+00 0.000000e+00
0.000000e+00 0.000000e+00 2.500000e-02 1.037500e+00 -3.000000e+00 0.000000e+00
0.000000e+00 0.000000e+00 2.500000e-02 1.062500e+00 -3.000000e+00 0.000000e+00
0.000000e+00 0.000000e+00 2.500000e-02 1.087500e+00 -3.000000e+00 0.000000e+00
0.000000e+00 0.000000e+00 2.500000e-02 1.112500e+00 -3.000000e+00 0.000000e+00
0.000000e+00 0.000000e+00 2.500000e-02 1.137500e+00 -3.000000e+00 0.000000e+00
0.000000e+00 0.000000e+00 2.500000e-02 1.162500e+00 -3.000000e+00 0.000000e+00
0.000000e+00 0.000000e+00 2.500000e-02 1.187500e+00 -3.000000e+00 0.000000e+00
0.000000e+00 0.000000e+00 2.500000e-02 1.212500e+00 -3.000000e+00 0.000000e+00
3.483769e-04 2.011355e-04 2.500000e-02 1.237500e+00 -3.000000e+00 0.000000e+00
0.000000e+00 0.000000e+00 2.500000e-02 1.262500e+00 -3.000000e+00 0.000000e+00
0.000000e+00 0.000000e+00 2.500000e-02 1.287500e+00 -3.000000e+00 0.000000e+00
0.000000e+00 0.000000e+00 2.500000e-02 1.312500e+00 -3.000000e+00 0.000000e+00
0.000000e+00 0.000000e+00 2.500000e-02 1.337500e+00 -3.000000e+00 0.000000e+00
0.000000e+00 0.000000e+00 2.500000e-02 1.362500e+00 -3.000000e+00 0.000000e+00
2.281825e-04 9.315510e-05 2.500000e-02 1.387500e+00 -3.000000e+00 0.000000e+00
2.105013e-04 8.593680e-05 2.500000e-02 1.412500e+00 -3.000000e+00 0.000000e+00
0.000000e+00 0.000000e+00 2.500000e-02 1.437500e+00 -3.000000e+00 0.000000e+00
1.880213e-04 7.675938e-05 2.500000e-02 1.462500e+00 -3.000000e+00 0.000000e+00
0.000000e+00 0.000000e+00 2.500000e-02 1.487500e+00 -3.000000e+00 0.000000e+00
2.529558e-04 8.431883e-05 2.500000e-02 1.512500e+00 -3.000000e+00 0.000000e+00
8.088589e-05 4.669949e-05 2.500000e-02 1.537500e+00 -3.000000e+00 0.000000e+00
4.618940e-04 1.088696e-04 2.500000e-02 1.562500e+00 -3.000000e+00 0.000000e+00
1.020239e-03 1.574270e-04 2.500000e-02 1.587500e+00 -3.000000e+00 0.000000e+00
2.170180e-03 2.181128e-04 2.500000e-02 1.612499e+00 -3.000000e+00 0.000000e+00
8.693257e-04 1.295921e-04 2.500000e-02 1.637499e+00 -3.000000e+00 0.000000e+00
2.103857e-04 6.073312e-05 2.500000e-02 1.662499e+00 -3.000000e+00 0.000000e+00
1.507059e-04 5.023541e-05 2.500000e-02 1.687499e+00 -3.000000e+00 0.000000e+00
2.445436e-04 6.314106e-05 2.500000e-02 1.712499e+00 -3.000000e+00 0.000000e+00
2.823592e-04 6.655284e-05 2.500000e-02 1.737499e+00 -3.000000e+00 0.000000e+00
2.735050e-04 6.446616e-05 2.500000e-02 1.762499e+00 -3.000000e+00 0.000000e+00
2.087115e-03 1.757681e-04 2.500000e-02 1.787499e+00 -3.000000e+00 0.000000e+00
2.304166e-03 1.827337e-04 2.500000e-02 1.812499e+00 -3.000000e+00 0.000000e+00
3.309291e-03 2.163368e-04 2.500000e-02 1.837499e+00 -3.000000e+00 0.000000e+00
1.844749e-03 1.605659e-04 2.500000e-02 1.862499e+00 -3.000000e+00 0.000000e+00
5.378017e-04 8.611750e-05 2.500000e-02 1.887499e+00 -3.000000e+00 0.000000e+00
3.280145e-04 6.695675e-05 2.500000e-02 1.912499e+00 -3.000000e+00 0.000000e+00
2.464508e-04 5.808910e-05 2.500000e-02 1.937499e+00 -3.000000e+00 0.000000e+00
4.013089e-04 7.326927e-05 2.500000e-02 1.962499e+00 -3.000000e+00 0.000000e+00
1.610229e-04 4.648376e-05 2.500000e-02 1.987499e+00 -3.000000e+00 0.000000e+00
nan nan 3.500000e-02 2.125000e-01 -3.000000e+00 0.000000e+00
nan nan 3.500000e-02 2.375000e-01 -3.000000e+00 0.000000e+00
nan nan 3.500000e-02 2.625000e-01 -3.000000e+00 0.000000e+00
nan nan 3.500000e-02 2.875000e-01 -3.000000e+00 0.000000e+00
nan nan 3.500000e-02 3.125000e-01 -3.000000e+00 0.000000e+00
nan nan 3.500000e-02 3.375000e-01 -3.000000e+00 0.000000e+00
nan nan 3.500000e-02 3.624999e-01 -3.000000e+00 0.000000e+00
nan nan 3.500000e-02 3.874999e-01 -3.000000e+00 0.000000e+00
nan nan 3.500000e-02 4.124999e-01 -3.000000e+00 0.000000e+00
nan nan 3.500000e-02 4.374999e-01 -3.000000e+00 0.000000e+00
nan nan 3.500000e-02 4.624999e-01 -3.000000e+00 0.000000e+00
nan nan 3.500000e-02 4.874999e-01 -3.000000e+00 0.000000e+00
nan nan 3.500000e-02 5.124999e-01 -3.000000e+00 0.000000e+00
nan nan 3.500000e-02 5.374999e-01 -3.000000e+00 0.000000e+00
nan nan 3.500000e-02 5.624999e-01 -3.000000e+00 0.000000e+00
nan nan 3.500000e-02 5.874999e-01 -3.000000e+00 0.000000e+00
nan nan 3.500000e-02 6.124999e-01 -3.000000e+00 0.000000e+00
nan nan 3.500000e-02 6.374998e-01 -3.000000e+00 0.000000e+00
nan nan 3.500000e-02 6.624998e-01 -3.000000e+00 0.000000e+00
nan nan 3.500000e-02 6.874998e-01 -3.000000e+00 0.000000e+00
nan nan 3.500000e-02 7.124998e-01 -3.000000e+00 0.000000e+00
nan nan 3.500000e-02 7.374998e-01 -3.000000e+00 0.000000e+00
nan nan 3.500000e-02 7.624998e-01 -3.000000e+00 0.000000e+00
nan nan 3.500000e-02 7.874998e-01 -3.000000e+00 0.000000e+00
nan nan 3.500000e-02 8.124998e-01 -3.000000e+00 0.000000e+00
nan nan 3.500000e-02 8.374998e-01 -3.000000e+00 0.000000e+00
nan nan 3.500000e-02 8.624998e-01 -3.000000e+00 0.000000e+00
nan nan 3.500000e-02 8.874998e-01 -3.000000e+00 0.000000e+00
nan nan 3.500000e-02 9.124997e-01 -3.000000e+00 0.000000e+00
0.000000e+00 0.000000e+00 3.500000e-02 9.374997e-01 -3.000000e+00 0.000000e+00
0.000000e+00 0.000000e+00 3.500000e-02 9.624997e-01 -3.000000e+00 0.000000e+00
0.000000e+00 0.000000e+00 3.500000e-02 9.874997e-01 -3.000000e+00 0.000000e+00
0.000000e+00 0.000000e+00 3.500000e-02 1.012500e+00 -3.000000e+00 0.000000e+00
0.000000e+00 0.000000e+00 3.500000e-02 1.037500e+00 -3.000000e+00 0.000000e+00
0.000000e+00 0.000000e+00 3.500000e-02 1.062500e+00 -3.000000e+00 0.000000e+00
0.000000e+00 0.000000e+00 3.500000e-02 1.087500e+00 -3.000000e+00 0.000000e+00
0.000000e+00 0.000000e+00 3.500000e-02 1.112500e+00 -3.000000e+00 0.000000e+00
0.000000e+00 0.000000e+00 3.500000e-02 1.137500e+00 -3.000000e+00 0.000000e+00
0.000000e+00 0.000000e+00 3.500000e-02 1.162500e+00 -3.000000e+00 0.000000e+00
3.098850e-04 1.789122e-04 3.500000e-02 1.187500e+00 -3.000000e+00 0.000000e+00
4.342507e-04 1.772828e-04 3.500000e-02 1.212500e+00 -3.000000e+00 0.000000e+00
0.000000e+00 0.000000e+00 3.500000e-02 1.237500e+00 -3.000000e+00 0.000000e+00
0.000000e+00 0.000000e+00 3.500000e-02 1.262500e+00 -3.000000e+00 0.000000e+00
1.519266e-04 8.771484e-05 3.500000e-02 1.287500e+00 -3.000000e+00 0.000000e+00
0.000000e+00 0.000000e+00 3.500000e-02 1.312500e+00 -3.000000e+00 0.000000e+00
0.000000e+00 0.000000e+00 3.500000e-02 1.337500e+00 -3.000000e+00 0.000000e+00
0.000000e+00 0.000000e+00 3.500000e-02 1.362500e+00 -3.000000e+00 0.000000e+00
0.000000e+00 0.000000e+00 3.500000e-02 1.387500e+00 -3.000000e+00 0.000000e+00
1.036968e-04 5.986940e-05 3.500000e-02 1.412500e+00 -3.000000e+00 0.000000e+00
1.994446e-04 8.142293e-05 3.500000e-02 1.437500e+00 -3.000000e+00 0.000000e+00
1.907735e-04 7.788349e-05 3.500000e-02 1.462500e+00 -3.000000e+00 0.000000e+00
1.818883e-04 7.425558e-05 3.500000e-02 1.487500e+00 -3.000000e+00 0.000000e+00
1.708715e-04 6.975801e-05 3.500000e-02 1.512500e+00 -3.000000e+00 0.000000e+00
0.000000e+00 0.000000e+00 3.500000e-02 1.537500e+00 -3.000000e+00 0.000000e+00
4.655325e-04 1.097275e-04 3.500000e-02 1.562500e+00 -3.000000e+00 0.000000e+00
1.704880e-03 2.052444e-04 3.500000e-02 1.587500e+00 -3.000000e+00 0.000000e+00
1.553661e-03 1.912437e-04 3.500000e-02 1.612499e+00 -3.000000e+00 0.000000e+00
6.792675e-04 1.240175e-04 3.500000e-02 1.637499e+00 -3.000000e+00 0.000000e+00
3.220530e-04 8.315395e-05 3.500000e-02 1.662499e+00 -3.000000e+00 0.000000e+00
2.345021e-04 6.769520e-05 3.500000e-02 1.687499e+00 -3.000000e+00 0.000000e+00
3.214267e-04 7.576176e-05 3.500000e-02 1.712499e+00 -3.000000e+00 0.000000e+00
5.094092e-05 2.941075e-05 3.500000e-02 1.737499e+00 -3.000000e+00 0.000000e+00
5.497603e-04 9.570165e-05 3.500000e-02 1.762499e+00 -3.000000e+00 0.000000e+00
2.173079e-03 1.891434e-04 3.500000e-02 1.787499e+00 -3.000000e+00 0.000000e+00
2.961958e-03 2.171828e-04 3.500000e-02 1.812499e+00 -3.000000e+00 0.000000e+00
2.404099e-03 1.924833e-04 3.500000e-02 1.837499e+00 -3.000000e+00 0.000000e+00
1.093658e-03 1.288902e-04 3.500000e-02 1.862499e+00 -3.000000e+00 0.000000e+00
5.391621e-04 8.986131e-05 3.500000e-02 1.887499e+00 -3.000000e+00 0.000000e+00
2.665468e-04 6.282617e-05 3.500000e-02 1.912499e+00 -3.000000e+00 0.000000e+00
2.679190e-04 6.314966e-05 3.500000e-02 1.937499e+00 -3.000000e+00 0.000000e+00
3.117055e-04 6.802048e-05 3.500000e-02 1.962499e+00 -3.000000e+00 0.000000e+00
3.546473e-04 7.239260e-05 3.500000e-02 1.987499e+00 -3.000000e+00 0.000000e+00
nan nan 4.500000e-02 2.125000e-01 -3.000000e+00 0.000000e+00
nan nan 4.500000e-02 2.375000e-01 -3.000000e+00 0.000000e+00
nan nan 4.500000e-02 2.625000e-01 -3.000000e+00 0.000000e+00
nan nan 4.500000e-02 2.875000e-01 -3.000000e+00 0.000000e+00
nan nan 4.500000e-02 3.125000e-01 -3.000000e+00 0.000000e+00
nan nan 4.500000e-02 3.375000e-01 -3.000000e+00 0.000000e+00
nan nan 4.500000e-02 3.624999e-01 -3.000000e+00 0.000000e+00
nan nan 4.500000e-02 3.874999e-01 -3.000000e+00 0.000000e+00
nan nan 4.500000e-02 4.124999e-01 -3.000000e+00 0.000000e+00
nan nan 4.500000e-02 4.374999e-01 -3.000000e+00 0.000000e+00
nan nan 4.500000e-02 4.624999e-01 -3.000000e+00 0.000000e+00
nan nan 4.500000e-02 4.874999e-01 -3.000000e+00 0.000000e+00
nan nan 4.500000e-02 5.124999e-01 -3.000000e+00 0.000000e+00
nan nan 4.500000e-02 5.374999e-01 -3.000000e+00 0.000000e+00
nan nan 4.500000e-02 5.624999e-01 -3.000000e+00 0.000000e+00
nan nan 4.500000e-02 5.874999e-01 -3.000000e+00 0.000000e+00
nan nan 4.500000e-02 6.124999e-01 -3.000000e+00 0.000000e+00
nan nan 4.500000e-02 6.374998e-01 -3.000000e+00 0.000000e+00
nan nan 4.500000e-02 6.624998e-01 -3.000000e+00 0.000000e+00
nan nan 4.500000e-02 6.874998e-01 -3.000000e+00 0.000000e+00
nan nan 4.500000e-02 7.124998e-01 -3.000000e+00 0.000000e+00
nan nan 4.500000e-02 7.374998e-01 -3.000000e+00 0.000000e+00
nan nan 4.500000e-02 7.624998e-01 -3.000000e+00 0.000000e+00
nan nan 4.500000e-02 7.874998e-01 -3.000000e+00 0.000000e+00
nan nan 4.500000e-02 8.124998e-01 -3.000000e+00 0.000000e+00
nan nan 4.500000e-02 8.374998e-01 -3.000000e+00 0.000000e+00
nan nan 4.500000e-02 8.624998e-01 -3.000000e+00 0.000000e+00
0.000000e+00 0.000000e+00 4.500000e-02 8.874998e-01 -3.000000e+00 0.000000e+00
0.000000e+00 0.000000e+00 4.500000e-02 9.124997e-01 -3.000000e+00 0.000000e+00
0.000000e+00 0.000000e+00 4.500000e-02 9.374997e-01 -3.000000e+00 0.000000e+00
0.000000e+00 0.000000e+00 4.500000e-02 9.624997e-01 -3.000000e+00 0.000000e+00
0.000000e+00 0.000000e+00 4.500000e-02 9.874997e-01 -3.000000e+00 0.000000e+00
0.000000e+00 0.000000e+00 4.500000e-02 1.012500e+00 -3.000000e+00 0.000000e+00
0.000000e+00 0.000000e+00 4.500000e-02 1.037500e+00 -3.000000e+00 0.000000e+00
0.000000e+00 0.000000e+00 4.500000e-02 1.062500e+00 -3.000000e+00 0.000000e+00
0.000000e+00 0.000000e+00 4.500000e-02 1.087500e+00 -3.000000e+00 0.000000e+00
0.000000e+00 0.000000e+00 4.500000e-02 1.112500e+00 -3.000000e+00 0.000000e+00
0.000000e+00 0.000000e+00 4.500000e-02 1.137500e+00 -3.000000e+00 0.000000e+00
0.000000e+00 0.000000e+00 4.500000e-02 1.162500e+00 -3.000000e+00 0.000000e+00
0.000000e+00 0.000000e+00 4.500000e-02 1.187500e+00 -3.000000e+00 0.000000e+00
1.823186e-04 1.052617e-04 4.500000e-02 1.212500e+00 -3.000000e+00 0.000000e+00
1.715834e-04 9.906371e-05 4.500000e-02 1.237500e+00 -3.000000e+00 0.000000e+00
1.566875e-04 9.046356e-05 4.500000e-02 1.262500e+00 -3.000000e+00 0.000000e+00
1.440682e-04 8.317779e-05 4.500000e-02 1.287500e+00 -3.000000e+00 0.000000e+00
0.000000e+00 0.000000e+00 4.500000e-02 1.312500e+00 -3.000000e+00 0.000000e+00
1.265641e-04 7.307184e-05 4.500000e-02 1.337500e+00 -3.000000e+00 0.000000e+00
0.000000e+00 0.000000e+00 4.500000e-02 1.362500e+00 -3.000000e+00 0.000000e+00
0.000000e+00 0.000000e+00 4.500000e-02 1.387500e+00 -3.000000e+00 0.000000e+00
2.205100e-04 9.002287e-05 4.500000e-02 1.412500e+00 -3.000000e+00 0.000000e+00
3.150643e-04 1.050217e-04 4.500000e-02 1.437500e+00 -3.000000e+00 0.000000e+00
1.985742e-04 8.106761e-05 4.500000e-02 1.462500e+00 -3.000000e+00 0.000000e+00
0.000000e+00 0.000000e+00 4.500000e-02 1.487500e+00 -3.000000e+00 0.000000e+00
1.821856e-04 7.437700e-05 4.500000e-02 1.512500e+00 -3.000000e+00 0.000000e+00
6.133721e-04 1.338495e-04 4.500000e-02 1.537500e+00 -3.000000e+00 0.000000e+00
1.189558e-03 1.835535e-04 4.500000e-02 1.562500e+00 -3.000000e+00 0.000000e+00
1.074388e-03 1.720415e-04 4.500000e-02 1.587500e+00 -3.000000e+00 0.000000e+00
1.457053e-03 1.982812e-04 4.500000e-02 1.612499e+00 -3.000000e+00 0.000000e+00
7.172066e-04 1.380272e-04 4.500000e-02 1.637499e+00 -3.000000e+00 0.000000e+00
1.566542e-04 6.395388e-05 4.500000e-02 1.662499e+00 -3.000000e+00 0.000000e+00
2.307710e-04 7.692387e-05 4.500000e-02 1.687499e+00 -3.000000e+00 0.000000e+00
2.999098e-04 8.657669e-05 4.500000e-02 1.712499e+00 -3.000000e+00 0.000000e+00
3.444682e-04 8.894162e-05 4.500000e-02 1.737499e+00 -3.000000e+00 0.000000e+00
5.441852e-04 1.047291e-04 4.500000e-02 1.762499e+00 -3.000000e+00 0.000000e+00
3.442293e-03 2.524034e-04 4.500000e-02 1.787499e+00 -3.000000e+00 0.000000e+00
2.719657e-03 2.220607e-04 4.500000e-02 1.812499e+00 -3.000000e+00 0.000000e+00
1.613296e-03 1.700573e-04 4.500000e-02 1.837499e+00 -3.000000e+00 0.000000e+00
5.302535e-04 9.681160e-05 4.500000e-02 1.862499e+00 -3.000000e+00 0.000000e+00
3.114102e-04 7.340016e-05 4.500000e-02 1.887499e+00 -3.000000e+00 0.000000e+00
3.071565e-04 7.239751e-05 4.500000e-02 1.912499e+00 -3.000000e+00 0.000000e+00
1.513436e-04 5.044789e-05 4.500000e-02 1.937499e+00 -3.000000e+00 0.000000e+00
5.542573e-04 9.648535e-05 4.500000e-02 1.962499e+00 -3.000000e+00 0.000000e+00
1.546303e-04 5.154352e-05 4.500000e-02 1.987499e+00 -3.000000e+00 0.000000e+00
nan nan 5.500000e-02 2.125000e-01 -3.000000e+00 0.000000e+00
nan nan 5.500000e-02 2.375000e-01 -3.000000e+00 0.000000e+00
nan nan 5.500000e-02 2.625000e-01 -3.000000e+00 0.000000e+00
nan nan 5.500000e-02 2.875000e-01 -3.000000e+00 0.000000e+00
nan nan 5.500000e-02 3.125000e-01 -3.000000e+00 0.000000e+00
nan nan 5.500000e-02 3.375000e-01 -3.000000e+00 0.000000e+00
nan nan 5.500000e-02 3.624999e-01 -3.000000e+00 0.000000e+00
nan nan 5.500000e-02 3.874999e-01 -3.000000e+00 0.000000e+00
nan nan 5.500000e-02 4.124999e-01 -3.000000e+00 0.000000e+00
nan nan 5.500000e-02 4.374999e-01 -3.000000e+00 0.000000e+00
nan nan 5.500000e-02 4.624999e-01 -3.000000e+00 0.000000e+00
nan nan 5.500000e-02 4.874999e-01 -3.000000e+00 0.000000e+00
nan nan 5.500000e-02 5.124999e-01 -3.000000e+00 0.000000e+00
nan nan 5.500000e-02 5.374999e-01 -3.000000e+00 0.000000e+00
nan nan 5.500000e-02 5.624999e-01 -3.000000e+00 0.000000e+00
nan nan 5.500000e-02 5.874999e-01 -3.000000e+00 0.000000e+00
nan nan 5.500000e-02 6.124999e-01 -3.000000e+00 0.000000e+00
nan nan 5.500000e-02 6.374998e-01 -3.000000e+00 0.000000e+00
nan nan 5.500000e-02 6.624998e-01 -3.000000e+00 0.000000e+00
nan nan 5.500000e-02 6.874998e-01 -3.000000e+00 0.000000e+00
nan nan 5.500000e-02 7.124998e-01 -3.000000e+00 0.000000e+00
nan nan 5.500000e-02 7.374998e-01 -3.000000e+00 0.000000e+00
nan nan 5.500000e-02 7.624998e-01 -3.000000e+00 0.000000e+00
nan nan 5.500000e-02 7.874998e-01 -3.000000e+00 0.000000e+00
nan nan 5.500000e-02 8.124998e-01 -3.000000e+00 0.000000e+00
0.000000e+00 0.000000e+00 5.500000e-02 8.374998e-01 -3.000000e+00 0.000000e+00
0.000000e+00 0.000000e+00 5.500000e-02 8.624998e-01 -3.000000e+00 0.000000e+00
0.000000e+00 0.000000e+00 5.500000e-02 8.874998e-01 -3.000000e+00 0.000000e+00
0.000000e+00 0.000000e+00 5.500000e-02 9.124997e-01 -3.000000e+00 0.000000e+00
0.000000e+00 0.000000e+00 5.500000e-02 9.374997e-01 -3.000000e+00 0.000000e+00
0.000000e+00 0.000000e+00 5.500000e-02 9.624997e-01 -3.000000e+00 0.000000e+00
0.000000e+00 0.000000e+00 5.500000e-02 9.874997e-01 -3.000000e+00 0.000000e+00
0.000000e+00 0.000000e+00 5.500000e-02 1.012500e+00 -3.000000e+00 0.000000e+00
0.000000e+00 0.000000e+00 5.500000e-02 1.037500e+00 -3.000000e+00 0.000000e+00
0.000000e+00 0.000000e+00 5.500000e-02 1.062500e+00 -3.000000e+00 0.000000e+00
0.000000e+00 0.000000e+00 5.500000e-02 1.087500e+00 -3.000000e+00 0.000000e+00
0.000000e+00 0.000000e+00 5.500000e-02 1.112500e+00 -3.000000e+00 0.000000e+00
0.000000e+00 0.000000e+00 5.500000e-02 1.137500e+00 -3.000000e+00 0.000000e+00
0.000000e+00 0.000000e+00 5.500000e-02 1.162500e+00 -3.000000e+00 0.000000e+00
1.718496e-04 9.921740e-05 5.500000e-02 1.187500e+00 -3.000000e+00 0.000000e+00
6.347050e-04 1.832238e-04 5.500000e-02 1.212500e+00 -3.000000e+00 0.000000e+00
0.000000e+00 0.000000e+00 5.500000e-02 1.237500e+00 -3.000000e+00 0.000000e+00
5.875978e-04 1.696252e-04 5.500000e-02 1.262500e+00 -3.000000e+00 0.000000e+00
0.000000e+00 0.000000e+00 5.500000e-02 1.287500e+00 -3.000000e+00 0.000000e+00
0.000000e+00 0.000000e+00 5.500000e-02 1.312500e+00 -3.000000e+00 0.000000e+00
1.337813e-04 7.723868e-05 5.500000e-02 1.337500e+00 -3.000000e+00 0.000000e+00
1.262060e-04 7.286505e-05 5.500000e-02 1.362500e+00 -3.000000e+00 0.000000e+00
1.198559e-04 6.919883e-05 5.500000e-02 1.387500e+00 -3.000000e+00 0.000000e+00
2.316776e-04 9.458212e-05 5.500000e-02 1.412500e+00 -3.000000e+00 0.000000e+00
0.000000e+00 0.000000e+00 5.500000e-02 1.437500e+00 -3.000000e+00 0.000000e+00
2.200243e-04 8.982486e-05 5.500000e-02 1.462500e+00 -3.000000e+00 0.000000e+00
1.085717e-04 6.268390e-05 5.500000e-02 1.487500e+00 -3.000000e+00 0.000000e+00
0.000000e+00 0.000000e+00 5.500000e-02 1.512500e+00 -3.000000e+00 0.000000e+00
7.424195e-04 1.620098e-04 5.500000e-02 1.537500e+00 -3.000000e+00 0.000000e+00
1.680572e-03 2.425716e-04 5.500000e-02 1.562500e+00 -3.000000e+00 0.000000e+00
2.477491e-03 2.919761e-04 5.500000e-02 1.587500e+00 -3.000000e+00 0.000000e+00
1.017028e-03 1.856838e-04 5.500000e-02 1.612499e+00 -3.000000e+00 0.000000e+00
0.000000e+00 0.000000e+00 5.500000e-02 1.637499e+00 -3.000000e+00 0.000000e+00
9.777569e-05 5.645082e-05 5.500000e-02 1.662499e+00 -3.000000e+00 0.000000e+00
1.922719e-04 7.849493e-05 5.500000e-02 1.687499e+00 -3.000000e+00 0.000000e+00
3.789736e-04 1.094007e-04 5.500000e-02 1.712499e+00 -3.000000e+00 0.000000e+00
8.402458e-04 1.617060e-04 5.500000e-02 1.737499e+00 -3.000000e+00 0.000000e+00
1.268759e-03 1.957761e-04 5.500000e-02 1.762499e+00 -3.000000e+00 0.000000e+00
3.930297e-03 3.345716e-04 5.500000e-02 1.787499e+00 -3.000000e+00 0.000000e+00
1.709164e-03 2.057608e-04 5.500000e-02 1.812499e+00 -3.000000e+00 0.000000e+00
6.564993e-04 1.198601e-04 5.500000e-02 1.837499e+00 -3.000000e+00 0.000000e+00
5.617927e-04 1.081183e-04 5.500000e-02 1.862499e+00 -3.000000e+00 0.000000e+00
3.071520e-04 7.930666e-05 5.500000e-02 1.887499e+00 -3.000000e+00 0.000000e+00
2.416727e-04 6.976581e-05 5.500000e-02 1.912499e+00 -3.000000e+00 0.000000e+00
2.383597e-04 6.880956e-05 5.500000e-02 1.937499e+00 -3.000000e+00 0.000000e+00
4.167813e-04 9.095047e-05 5.500000e-02 1.962499e+00 -3.000000e+00 0.000000e+00
5.342501e-04 1.028167e-04 5.500000e-02 1.987499e+00 -3.000000e+00 0.000000e+00
nan nan 6.500000e-02 2.125000e-01 -3.000000e+00 0.000000e+00
nan nan 6.500000e-02 2.375000e-01 -3.000000e+00 0.000000e+00
nan nan 6.500000e-02 2.625000e-01 -3.000000e+00 0.000000e+00
nan nan 6.500000e-02 2.875000e-01 -3.000000e+00 0.000000e+00
nan nan 6.500000e-02 3.125000e-01 -3.000000e+00 0.000000e+00
nan nan 6.500000e-02 3.375000e-01 -3.000000e+00 0.000000e+00
nan nan 6.500000e-02 3.624999e-01 -3.000000e+00 0.000000e+00
nan nan 6.500000e-02 3.874999e-01 -3.000000e+00 0.000000e+00
nan nan 6.500000e-02 4.124999e-01 -3.000000e+00 0.000000e+00
nan nan 6.500000e-02 4.374999e-01 -3.000000e+00 0.000000e+00
nan nan 6.500000e-02 4.624999e-01 -3.000000e+00 0.000000e+00
nan nan 6.500000e-02 4.874999e-01 -3.000000e+00 0.000000e+00
nan nan 6.500000e-02 5.124999e-01 -3.000000e+00 0.000000e+00
nan nan 6.500000e-02 5.374999e-01 -3.000000e+00 0.000000e+00
nan nan 6.500000e-02 5.624999e-01 -3.000000e+00 0.000000e+00
nan nan 6.500000e-02 5.874999e-01 -3.000000e+00 0.000000e+00
nan nan 6.500000e-02 6.124999e-01 -3.000000e+00 0.000000e+00
nan nan 6.500000e-02 6.374998e-01 -3.000000e+00 0.000000e+00
nan nan 6.500000e-02 6.624998e-01 -3.000000e+00 0.000000e+00
nan nan 6.500000e-02 6.874998e-01 -3.000000e+00 0.000000e+00
nan nan 6.500000e-02 7.124998e-01 -3.000000e+00 0.000000e+00
nan nan 6.500000e-02 7.374998e-01 -3.000000e+00 0.000000e+00
nan nan 6.500000e-02 7.624998e-01 -3.000000e+00 0.000000e+00
0.000000e+00 0.000000e+00 6.500000e-02 7.874998e-01 -3.000000e+00 0.000000e+00
0.000000e+00 0.000000e+00 6.500000e-02 8.124998e-01 -3.000000e+00 0.000000e+00
0.000000e+00 0.000000e+00 6.500000e-02 8.374998e-01 -3.000000e+00 0.000000e+00
0.000000e+00 0.000000e+00 6.500000e-02 8.624998e-01 -3.000000e+00 0.000000e+00
0.000000e+00 0.000000e+00 6.500000e-02 8.874998e-01 -3.000000e+00 0.000000e+00
0.000000e+00 0.000000e+00 6.500000e-02 9.124997e-01 -3.000000e+00 0.000000e+00
0.000000e+00 0.000000e+00 6.500000e-02 9.374997e-01 -3.000000e+00 0.000000e+00
0.000000e+00 0.000000e+00 6.500000e-02 9.624997e-01 -3.000000e+00 0.000000e+00
0.000000e+00 0.000000e+00 6.500000e-02 9.874997e-01 -3.000000e+00 0.000000e+00
6.453499e-04 2.151177e-04 6.500000e-02 1.012500e+00 -3.000000e+00 0.000000e+00
0.000000e+00 0.000000e+00 6.500000e-02 1.037500e+00 -3.000000e+00 0.000000e+00
0.000000e+00 0.000000e+00 6.500000e-02 1.062500e+00 -3.000000e+00 0.000000e+00
0.000000e+00 0.000000e+00 6.500000e-02 1.087500e+00 -3.000000e+00 0.000000e+00
0.000000e+00 0.000000e+00 6.500000e-02 1.112500e+00 -3.000000e+00 0.000000e+00
0.000000e+00 0.000000e+00 6.500000e-02 1.137500e+00 -3.000000e+00 0.000000e+00
0.000000e+00 0.000000e+00 6.500000e-02 1.162500e+00 -3.000000e+00 0.000000e+00
4.746017e-04 1.582009e-04 6.500000e-02 1.187500e+00 -3.000000e+00 0.000000e+00
1.547859e-04 8.936569e-05 6.500000e-02 1.212500e+00 -3.000000e+00 0.000000e+00
0.000000e+00 0.000000e+00 6.500000e-02 1.237500e+00 -3.000000e+00 0.000000e+00
1.441766e-04 8.324040e-05 6.500000e-02 1.262500e+00 -3.000000e+00 0.000000e+00
2.765560e-04 1.129035e-04 6.500000e-02 1.287500e+00 -3.000000e+00 0.000000e+00
0.000000e+00 0.000000e+00 6.500000e-02 1.312500e+00 -3.000000e+00 0.000000e+00
1.292344e-04 7.461350e-05 6.500000e-02 1.337500e+00 -3.000000e+00 0.000000e+00
1.290109e-04 7.448448e-05 6.500000e-02 1.362500e+00 -3.000000e+00 0.000000e+00
0.000000e+00 0.000000e+00 6.500000e-02 1.387500e+00 -3.000000e+00 0.000000e+00
0.000000e+00 0.000000e+00 6.500000e-02 1.412500e+00 -3.000000e+00 0.000000e+00
1.310532e-04 7.566361e-05 6.500000e-02 1.437500e+00 -3.000000e+00 0.000000e+00
1.308823e-04 7.556491e-05 6.500000e-02 1.462500e+00 -3.000000e+00 0.000000e+00
0.000000e+00 0.000000e+00 6.500000e-02 1.487500e+00 -3.000000e+00 0.000000e+00
6.526454e-04 1.685127e-04 6.500000e-02 1.512500e+00 -3.000000e+00 0.000000e+00
1.688240e-03 2.703359e-04 6.500000e-02 1.537500e+00 -3.000000e+00 0.000000e+00
1.809372e-03 2.791938e-04 6.500000e-02 1.562500e+00 -3.000000e+00 0.000000e+00
8.975037e-04 1.958530e-04 6.500000e-02 1.587500e+00 -3.000000e+00 0.000000e+00
1.274602e-04 7.358920e-05 6.500000e-02 1.612499e+00 -3.000000e+00 0.000000e+00
2.533577e-04 1.034335e-04 6.500000e-02 1.637499e+00 -3.000000e+00 0.000000e+00
0.000000e+00 0.000000e+00 6.500000e-02 1.662499e+00 -3.000000e+00 0.000000e+00
1.242647e-04 7.174427e-05 6.500000e-02 1.687499e+00 -3.000000e+00 0.000000e+00
3.681974e-04 1.227327e-04 6.500000e-02 1.712499e+00 -3.000000e+00 0.000000e+00
1.684830e-03 2.599764e-04 6.500000e-02 1.737499e+00 -3.000000e+00 0.000000e+00
2.706314e-03 3.258047e-04 6.500000e-02 1.762499e+00 -3.000000e+00 0.000000e+00
2.873841e-03 3.318451e-04 6.500000e-02 1.787499e+00 -3.000000e+00 0.000000e+00
1.684375e-03 2.510936e-04 6.500000e-02 1.812499e+00 -3.000000e+00 0.000000e+00
2.181810e-04 8.907201e-05 6.500000e-02 1.837499e+00 -3.000000e+00 0.000000e+00
3.854174e-04 1.112612e-04 6.500000e-02 1.862499e+00 -3.000000e+00 0.000000e+00
2.453145e-04 8.177204e-05 6.500000e-02 1.887499e+00 -3.000000e+00 0.000000e+00
7.399139e-05 4.271895e-05 6.500000e-02 1.912499e+00 -3.000000e+00 0.000000e+00
5.147294e-04 1.123240e-04 6.500000e-02 1.937499e+00 -3.000000e+00 0.000000e+00
9.316367e-04 1.491833e-04 6.500000e-02 1.962499e+00 -3.000000e+00 0.000000e+00
6.443021e-04 1.239975e-04 6.500000e-02 1.987499e+00 -3.000000e+00 0.000000e+00
nan nan 7.500000e-02 2.125000e-01 -3.000000e+00 0.000000e+00
nan nan 7.500000e-02 2.375000e-01 -3.000000e+00 0.000000e+00
nan nan 7.500000e-02 2.625000e-01 -3.000000e+00 0.000000e+00
nan nan 7.500000e-02 2.875000e-01 -3.000000e+00 0.000000e+00
nan nan 7.500000e-02 3.125000e-01 -3.000000e+00 0.000000e+00
nan nan 7.500000e-02 3.375000e-01 -3.000000e+00 0.000000e+00
nan nan 7.500000e-02 3.624999e-01 -3.000000e+00 0.000000e+00
nan nan 7.500000e-02 3.874999e-01 -3.000000e+00 0.000000e+00
nan nan 7.500000e-02 4.124999e-01 -3.000000e+00 0.000000e+00
nan nan 7.500000e-02 4.374999e-01 -3.000000e+00 0.000000e+00
nan nan 7.500000e-02 4.624999e-01 -3.000000e+00 0.000000e+00
nan nan 7.500000e-02 4.874999e-01 -3.000000e+00 0.000000e+00
nan nan 7.500000e-02 5.124999e-01 -3.000000e+00 0.000000e+00
nan nan 7.500000e-02 5.374999e-01 -3.000000e+00 0.000000e+00
nan nan 7.500000e-02 5.624999e-01 -3.000000e+00 0.000000e+00
nan nan 7.500000e-02 5.874999e-01 -3.000000e+00 0.000000e+00
nan nan 7.500000e-02 6.124999e-01 -3.000000e+00 0.000000e+00
nan nan 7.500000e-02 6.374998e-01 -3.000000e+00 0.000000e+00
nan nan 7.500000e-02 6.624998e-01 -3.000000e+00 0.000000e+00
nan nan 7.500000e-02 6.874998e-01 -3.000000e+00 0.000000e+00
nan nan 7.500000e-02 7.124998e-01 -3.000000e+00 0.000000e+00
0.000000e+00 0.000000e+00 7.500000e-02 7.374998e-01 -3.000000e+00 0.000000e+00
0.000000e+00 0.000000e+00 7.500000e-02 7.624998e-01 -3.000000e+00 0.000000e+00
0.000000e+00 0.000000e+00 7.500000e-02 7.874998e-01 -3.000000e+00 0.000000e+00
0.000000e+00 0.000000e+00 7.500000e-02 8.124998e-01 -3.000000e+00 0.000000e+00
0.000000e+00 0.000000e+00 7.500000e-02 8.374998e-01 -3.000000e+00 0.000000e+00
0.000000e+00 0.000000e+00 7.500000e-02 8.624998e-01 -3.000000e+00 0.000000e+00
3.443012e-04 1.987824e-04 7.500000e-02 8.874998e-01 -3.000000e+00 0.000000e+00
0.000000e+00 0.000000e+00 7.500000e-02 9.124997e-01 -3.000000e+00 0.000000e+00
2.340416e-04 1.351240e-04 7.500000e-02 9.374997e-01 -3.000000e+00 0.000000e+00
0.000000e+00 0.000000e+00 7.500000e-02 9.624997e-01 -3.000000e+00 0.000000e+00
0.000000e+00 0.000000e+00 7.500000e-02 9.874997e-01 -3.000000e+00 0.000000e+00
4.096576e-04 1.672423e-04 7.500000e-02 1.012500e+00 -3.000000e+00 0.000000e+00
0.000000e+00 0.000000e+00 7.500000e-02 1.037500e+00 -3.000000e+00 0.000000e+00
0.000000e+00 0.000000e+00 7.500000e-02 1.062500e+00 -3.000000e+00 0.000000e+00
0.000000e+00 0.000000e+00 7.500000e-02 1.087500e+00 -3.000000e+00 0.000000e+00
0.000000e+00 0.000000e+00 7.500000e-02 1.112500e+00 -3.000000e+00 0.000000e+00
0.000000e+00 0.000000e+00 7.500000e-02 1.137500e+00 -3.000000e+00 0.000000e+00
0.000000e+00 0.000000e+00 7.500000e-02 1.162500e+00 -3.000000e+00 0.000000e+00
1.554955e-04 8.977536e-05 7.500000e-02 1.187500e+00 -3.000000e+00 0.000000e+00
3.014560e-04 1.230689e-04 7.500000e-02 1.212500e+00 -3.000000e+00 0.000000e+00
1.490057e-04 8.602848e-05 7.500000e-02 1.237500e+00 -3.000000e+00 0.000000e+00
2.997613e-04 1.223770e-04 7.500000e-02 1.262500e+00 -3.000000e+00 0.000000e+00
1.503991e-04 8.683296e-05 7.500000e-02 1.287500e+00 -3.000000e+00 0.000000e+00
3.012154e-04 1.229710e-04 7.500000e-02 1.312500e+00 -3.000000e+00 0.000000e+00
6.042628e-04 1.744357e-04 7.500000e-02 1.337500e+00 -3.000000e+00 0.000000e+00
2.994819e-04 1.222630e-04 7.500000e-02 1.362500e+00 -3.000000e+00 0.000000e+00
0.000000e+00 0.000000e+00 7.500000e-02 1.387500e+00 -3.000000e+00 0.000000e+00
0.000000e+00 0.000000e+00 7.500000e-02 1.412500e+00 -3.000000e+00 0.000000e+00
0.000000e+00 0.000000e+00 7.500000e-02 1.437500e+00 -3.000000e+00 0.000000e+00
6.018769e-04 1.737480e-04 7.500000e-02 1.462500e+00 -3.000000e+00 0.000000e+00
4.581771e-04 1.527258e-04 7.500000e-02 1.487500e+00 -3.000000e+00 0.000000e+00
1.380124e-03 2.656057e-04 7.500000e-02 1.512500e+00 -3.000000e+00 0.000000e+00
1.536646e-03 2.805536e-04 7.500000e-02 1.537500e+00 -3.000000e+00 0.000000e+00
1.697229e-03 2.954517e-04 7.500000e-02 1.562500e+00 -3.000000e+00 0.000000e+00
7.701915e-04 1.988639e-04 7.500000e-02 1.587500e+00 -3.000000e+00 0.000000e+00
0.000000e+00 0.000000e+00 7.500000e-02 1.612499e+00 -3.000000e+00 0.000000e+00
1.560860e-04 9.011628e-05 7.500000e-02 1.637499e+00 -3.000000e+00 0.000000e+00
6.254444e-04 1.805512e-04 7.500000e-02 1.662499e+00 -3.000000e+00 0.000000e+00
7.829295e-04 2.021524e-04 7.500000e-02 1.687499e+00 -3.000000e+00 0.000000e+00
9.380963e-04 2.211126e-04 7.500000e-02 1.712499e+00 -3.000000e+00 0.000000e+00
3.117522e-03 4.024736e-04 7.500000e-02 1.737499e+00 -3.000000e+00 0.000000e+00
2.336968e-03 3.483770e-04 7.500000e-02 1.762499e+00 -3.000000e+00 0.000000e+00
1.085305e-03 2.368339e-04 7.500000e-02 1.787499e+00 -3.000000e+00 0.000000e+00
3.102471e-04 1.266602e-04 7.500000e-02 1.812499e+00 -3.000000e+00 0.000000e+00
3.094182e-04 1.263206e-04 7.500000e-02 1.837499e+00 -3.000000e+00 0.000000e+00
1.067144e-03 2.328727e-04 7.500000e-02 1.862499e+00 -3.000000e+00 0.000000e+00
4.470667e-04 1.490229e-04 7.500000e-02 1.887499e+00 -3.000000e+00 0.000000e+00
3.973899e-04 1.324649e-04 7.500000e-02 1.912499e+00 -3.000000e+00 0.000000e+00
1.074290e-03 1.961382e-04 7.500000e-02 1.937499e+00 -3.000000e+00 0.000000e+00
1.590221e-03 2.226775e-04 7.500000e-02 1.962499e+00 -3.000000e+00 0.000000e+00
9.135407e-04 1.667919e-04 7.500000e-02 1.987499e+00 -3.000000e+00 0.000000e+00
nan nan 8.500000e-02 2.125000e-01 -3.000000e+00 0.000000e+00
nan nan 8.500000e-02 2.375000e-01 -3.000000e+00 0.000000e+00
nan nan 8.500000e-02 2.625000e-01 -3.000000e+00 0.000000e+00
nan nan 8.500000e-02 2.875000e-01 -3.000000e+00 0.000000e+00
nan nan 8.500000e-02 3.125000e-01 -3.000000e+00 0.000000e+00
nan nan 8.500000e-02 3.375000e-01 -3.000000e+00 0.000000e+00
nan nan 8.500000e-02 3.624999e-01 -3.000000e+00 0.000000e+00
nan nan 8.500000e-02 3.874999e-01 -3.000000e+00 0.000000e+00
nan nan 8.500000e-02 4.124999e-01 -3.000000e+00 0.000000e+00
nan nan 8.500000e-02 4.374999e-01 -3.000000e+00 0.000000e+00
nan nan 8.500000e-02 4.624999e-01 -3.000000e+00 0.000000e+00
nan nan 8.500000e-02 4.874999e-01 -3.000000e+00 0.000000e+00
nan nan 8.500000e-02 5.124999e-01 -3.000000e+00 0.000000e+00
nan nan 8.500000e-02 5.374999e-01 -3.000000e+00 0.000000e+00
nan nan 8.500000e-02 5.624999e-01 -3.000000e+00 0.000000e+00
nan nan 8.500000e-02 5.874999e-01 -3.000000e+00 0.000000e+00
nan nan 8.500000e-02 6.124999e-01 -3.000000e+00 0.000000e+00
nan nan 8.500000e-02 6.374998e-01 -3.000000e+00 0.000000e+00
nan nan 8.500000e-02 6.624998e-01 -3.000000e+00 0.000000e+00
0.000000e+00 0.000000e+00 8.500000e-02 6.874998e-01 -3.000000e+00 0.000000e+00
0.000000e+00 0.000000e+00 8.500000e-02 7.124998e-01 -3.000000e+00 0.000000e+00
0.000000e+00 0.000000e+00 8.500000e-02 7.374998e-01 -3.000000e+00 0.000000e+00
0.000000e+00 0.000000e+00 8.500000e-02 7.624998e-01 -3.000000e+00 0.000000e+00
0.000000e+00 0.000000e+00 8.500000e-02 7.874998e-01 -3.000000e+00 0.000000e+00
0.000000e+00 0.000000e+00 8.500000e-02 8.124998e-01 -3.000000e+00 0.000000e+00
0.000000e+00 0.000000e+00 8.500000e-02 8.374998e-01 -3.000000e+00 0.000000e+00
0.000000e+00 0.000000e+00 8.500000e-02 8.624998e-01 -3.000000e+00 0.000000e+00
0.000000e+00 0.000000e+00 8.500000e-02 8.874998e-01 -3.000000e+00 0.000000e+00
0.000000e+00 0.000000e+00 8.500000e-02 9.124997e-01 -3.000000e+00 0.000000e+00
0.000000e+00 0.000000e+00 8.500000e-02 9.374997e-01 -3.000000e+00 0.000000e+00
0.000000e+00 0.000000e+00 8.500000e-02 9.624997e-01 -3.000000e+00 0.000000e+00
3.897930e-04 1.591323e-04 8.500000e-02 9.874997e-01 -3.000000e+00 0.000000e+00
0.000000e+00 0.000000e+00 8.500000e-02 1.012500e+00 -3.000000e+00 0.000000e+00
1.879712e-04 1.085252e-04 8.500000e-02 1.037500e+00 -3.000000e+00 0.000000e+00
1.844552e-04 1.064952e-04 8.500000e-02 1.062500e+00 -3.000000e+00 0.000000e+00
0.000000e+00 0.000000e+00 8.500000e-02 1.087500e+00 -3.000000e+00 0.000000e+00
0.000000e+00 0.000000e+00 8.500000e-02 1.112500e+00 -3.000000e+00 0.000000e+00
3.443504e-04 1.405805e-04 8.500000e-02 1.137500e+00 -3.000000e+00 0.000000e+00
3.456499e-04 1.411110e-04 8.500000e-02 1.162500e+00 -3.000000e+00 0.000000e+00
3.500072e-04 1.428899e-04 8.500000e-02 1.187500e+00 -3.000000e+00 0.000000e+00
0.000000e+00 0.000000e+00 8.500000e-02 1.212500e+00 -3.000000e+00 0.000000e+00
0.000000e+00 0.000000e+00 8.500000e-02 1.237500e+00 -3.000000e+00 0.000000e+00
0.000000e+00 0.000000e+00 8.500000e-02 1.262500e+00 -3.000000e+00 0.000000e+00
0.000000e+00 0.000000e+00 8.500000e-02 1.287500e+00 -3.000000e+00 0.000000e+00
0.000000e+00 0.000000e+00 8.500000e-02 1.312500e+00 -3.000000e+00 0.000000e+00
5.366920e-04 1.788973e-04 8.500000e-02 1.337500e+00 -3.000000e+00 0.000000e+00
0.000000e+00 0.000000e+00 8.500000e-02 1.362500e+00 -3.000000e+00 0.000000e+00
0.000000e+00 0.000000e+00 8.500000e-02 1.387500e+00 -3.000000e+00 0.000000e+00
0.000000e+00 0.000000e+00 8.500000e-02 1.412500e+00 -3.000000e+00 0.000000e+00
1.779027e-04 1.027122e-04 8.500000e-02 1.437500e+00 -3.000000e+00 0.000000e+00
7.154413e-04 2.065309e-04 8.500000e-02 1.462500e+00 -3.000000e+00 0.000000e+00
1.086225e-03 2.560266e-04 8.500000e-02 1.487500e+00 -3.000000e+00 0.000000e+00
1.816441e-03 3.316360e-04 8.500000e-02 1.512500e+00 -3.000000e+00 0.000000e+00
9.216131e-04 2.379604e-04 8.500000e-02 1.537500e+00 -3.000000e+00 0.000000e+00
3.752127e-04 1.531802e-04 8.500000e-02 1.562500e+00 -3.000000e+00 0.000000e+00
5.625822e-04 1.875286e-04 8.500000e-02 1.587500e+00 -3.000000e+00 0.000000e+00
0.000000e+00 0.000000e+00 8.500000e-02 1.612499e+00 -3.000000e+00 0.000000e+00
5.717452e-04 1.905825e-04 8.500000e-02 1.637499e+00 -3.000000e+00 0.000000e+00
9.673770e-04 2.497768e-04 8.500000e-02 1.662499e+00 -3.000000e+00 0.000000e+00
1.169790e-03 2.757227e-04 8.500000e-02 1.687499e+00 -3.000000e+00 0.000000e+00
3.153188e-03 4.551256e-04 8.500000e-02 1.712499e+00 -3.000000e+00 0.000000e+00
4.773535e-03 5.625721e-04 8.500000e-02 1.737499e+00 -3.000000e+00 0.000000e+00
8.078277e-04 2.332012e-04 8.500000e-02 1.762499e+00 -3.000000e+00 0.000000e+00
4.085574e-04 1.667942e-04 8.500000e-02 1.787499e+00 -3.000000e+00 0.000000e+00
8.357321e-04 2.412553e-04 8.500000e-02 1.812499e+00 -3.000000e+00 0.000000e+00
2.115174e-04 1.221196e-04 8.500000e-02 1.837499e+00 -3.000000e+00 0.000000e+00
4.244616e-04 1.732860e-04 8.500000e-02 1.862499e+00 -3.000000e+00 0.000000e+00
2.131706e-04 1.230741e-04 8.500000e-02 1.887499e+00 -3.000000e+00 0.000000e+00
0.000000e+00 0.000000e+00 8.500000e-02 1.912499e+00 -3.000000e+00 0.000000e+00
1.708851e-03 3.488227e-04 8.500000e-02 1.937499e+00 -3.000000e+00 0.000000e+00
1.723042e-03 3.316024e-04 8.500000e-02 1.962499e+00 -3.000000e+00 0.000000e+00
7.286602e-04 1.881422e-04 8.500000e-02 1.987499e+00 -3.000000e+00 0.000000e+00
nan nan 9.500000e-02 2.125000e-01 -3.000000e+00 0.000000e+00
nan nan 9.500000e-02 2.375000e-01 -3.000000e+00 0.000000e+00
nan nan 9.500000e-02 2.625000e-01 -3.000000e+00 0.000000e+00
nan nan 9.500000e-02 2.875000e-01 -3.000000e+00 0.000000e+00
nan nan 9.500000e-02 3.125000e-01 -3.000000e+00 0.000000e+00
nan nan 9.500000e-02 3.375000e-01 -3.000000e+00 0.000000e+00
nan nan 9.500000e-02 3.624999e-01 -3.000000e+00 0.000000e+00
nan nan 9.500000e-02 3.874999e-01 -3.000000e+00 0.000000e+00
nan nan 9.500000e-02 4.124999e-01 -3.000000e+00 0.000000e+00
nan nan 9.500000e-02 4.374999e-01 -3.000000e+00 0.000000e+00
nan nan 9.500000e-02 4.624999e-01 -3.000000e+00 0.000000e+00
nan nan 9.500000e-02 4.874999e-01 -3.000000e+00 0.000000e+00
nan nan 9.500000e-02 5.124999e-01 -3.000000e+00 0.000000e+00
nan nan 9.500000e-02 5.374999e-01 -3.000000e+00 0.000000e+00
nan nan 9.500000e-02 5.624999e-01 -3.000000e+00 0.000000e+00
nan nan 9.500000e-02 5.874999e-01 -3.000000e+00 0.000000e+00
nan nan 9.500000e-02 6.124999e-01 -3.000000e+00 0.000000e+00
0.000000e+00 0.000000e+00 9.500000e-02 6.374998e-01 -3.000000e+00 0.000000e+00
0.000000e+00 0.000000e+00 9.500000e-02 6.624998e-01 -3.000000e+00 0.000000e+00
0.000000e+00 0.000000e+00 9.500000e-02 6.874998e-01 -3.000000e+00 0.000000e+00
0.000000e+00 0.000000e+00 9.500000e-02 7.124998e-01 -3.000000e+00 0.000000e+00
0.000000e+00 0.000000e+00 9.500000e-02 7.374998e-01 -3.000000e+00 0.000000e+00
0.000000e+00 0.000000e+00 9.500000e-02 7.624998e-01 -3.000000e+00 0.000000e+00
0.000000e+00 0.000000e+00 9.500000e-02 7.874998e-01 -3.000000e+00 0.000000e+00
0.000000e+00 0.000000e+00 9.500000e-02 8.124998e-01 -3.000000e+00 0.000000e+00
0.000000e+00 0.000000e+00 9.500000e-02 8.374998e-01 -3.000000e+00 0.000000e+00
4.606773e-04 1.880707e-04 9.500000e-02 8.624998e-01 -3.000000e+00 0.000000e+00
4.424026e-04 1.806101e-04 9.500000e-02 8.874998e-01 -3.000000e+00 0.000000e+00
0.000000e+00 0.000000e+00 9.500000e-02 9.124997e-01 -3.000000e+00 0.000000e+00
0.000000e+00 0.000000e+00 9.500000e-02 9.374997e-01 -3.000000e+00 0.000000e+00
0.000000e+00 0.000000e+00 9.500000e-02 9.624997e-01 -3.000000e+00 0.000000e+00
0.000000e+00 0.000000e+00 9.500000e-02 9.874997e-01 -3.000000e+00 0.000000e+00
0.000000e+00 0.000000e+00 9.500000e-02 1.012500e+00 -3.000000e+00 0.000000e+00
4.022511e-04 1.642184e-04 9.500000e-02 1.037500e+00 -3.000000e+00 0.000000e+00
0.000000e+00 0.000000e+00 9.500000e-02 1.062500e+00 -3.000000e+00 0.000000e+00
0.000000e+00 0.000000e+00 9.500000e-02 1.087500e+00 -3.000000e+00 0.000000e+00
0.000000e+00 0.000000e+00 9.500000e-02 1.112500e+00 -3.000000e+00 0.000000e+00
0.000000e+00 0.000000e+00 9.500000e-02 1.137500e+00 -3.000000e+00 0.000000e+00
0.000000e+00 0.000000e+00 9.500000e-02 1.162500e+00 -3.000000e+00 0.000000e+00
2.052689e-04 1.185121e-04 9.500000e-02 1.187500e+00 -3.000000e+00 0.000000e+00
0.000000e+00 0.000000e+00 9.500000e-02 1.212500e+00 -3.000000e+00 0.000000e+00
6.404180e-04 2.134729e-04 9.500000e-02 1.237500e+00 -3.000000e+00 0.000000e+00
0.000000e+00 0.000000e+00 9.500000e-02 1.262500e+00 -3.000000e+00 0.000000e+00
2.096710e-04 1.210536e-04 9.500000e-02 1.287500e+00 -3.000000e+00 0.000000e+00
0.000000e+00 0.000000e+00 9.500000e-02 1.312500e+00 -3.000000e+00 0.000000e+00
0.000000e+00 0.000000e+00 9.500000e-02 1.337500e+00 -3.000000e+00 0.000000e+00
0.000000e+00 0.000000e+00 9.500000e-02 1.362500e+00 -3.000000e+00 0.000000e+00
0.000000e+00 0.000000e+00 9.500000e-02 1.387500e+00 -3.000000e+00 0.000000e+00
2.232323e-04 1.288832e-04 9.500000e-02 1.412500e+00 -3.000000e+00 0.000000e+00
1.114935e-03 2.878751e-04 9.500000e-02 1.437500e+00 -3.000000e+00 0.000000e+00
1.348797e-03 3.179160e-04 9.500000e-02 1.462500e+00 -3.000000e+00 0.000000e+00
1.135306e-03 2.931354e-04 9.500000e-02 1.487500e+00 -3.000000e+00 0.000000e+00
1.140265e-03 2.944162e-04 9.500000e-02 1.512500e+00 -3.000000e+00 0.000000e+00
2.319300e-04 1.339048e-04 9.500000e-02 1.537500e+00 -3.000000e+00 0.000000e+00
7.013621e-04 2.337874e-04 9.500000e-02 1.562500e+00 -3.000000e+00 0.000000e+00
9.441996e-04 2.725685e-04 9.500000e-02 1.587500e+00 -3.000000e+00 0.000000e+00
4.786826e-04 1.954224e-04 9.500000e-02 1.612499e+00 -3.000000e+00 0.000000e+00
2.393734e-04 1.382023e-04 9.500000e-02 1.637499e+00 -3.000000e+00 0.000000e+00
1.460168e-03 3.441661e-04 9.500000e-02 1.662499e+00 -3.000000e+00 0.000000e+00
4.136282e-03 5.791995e-04 9.500000e-02 1.687499e+00 -3.000000e+00 0.000000e+00
2.949639e-03 4.916096e-04 9.500000e-02 1.712499e+00 -3.000000e+00 0.000000e+00
1.472735e-03 3.471292e-04 9.500000e-02 1.737499e+00 -3.000000e+00 0.000000e+00
2.488731e-04 1.436869e-04 9.500000e-02 1.762499e+00 -3.000000e+00 0.000000e+00
4.963186e-04 2.026213e-04 9.500000e-02 1.787499e+00 -3.000000e+00 0.000000e+00
5.032255e-04 2.054410e-04 9.500000e-02 1.812499e+00 -3.000000e+00 0.000000e+00
2.546099e-04 1.469991e-04 9.500000e-02 1.837499e+00 -3.000000e+00 0.000000e+00
2.574626e-04 1.486461e-04 9.500000e-02 1.862499e+00 -3.000000e+00 0.000000e+00
5.207023e-04 2.125788e-04 9.500000e-02 1.887499e+00 -3.000000e+00 0.000000e+00
1.840759e-03 4.016872e-04 9.500000e-02 1.912499e+00 -3.000000e+00 0.000000e+00
2.371231e-03 4.563492e-04 9.500000e-02 1.937499e+00 -3.000000e+00 0.000000e+00
1.066744e-03 3.079465e-04 9.500000e-02 1.962499e+00 -3.000000e+00 0.000000e+00
2.683818e-04 1.549503e-04 9.500000e-02 1.987499e+00 -3.000000e+00 0.000000e+00
nan nan 1.050000e-01 2.125000e-01 -3.000000e+00 0.000000e+00
nan nan 1.050000e-01 2.375000e-01 -3.000000e+00 0.000000e+00
nan nan 1.050000e-01 2.625000e-01 -3.000000e+00 0.000000e+00
nan nan 1.050000e-01 2.875000e-01 -3.000000e+00 0.000000e+00
nan nan 1.050000e-01 3.125000e-01 -3.000000e+00 0.000000e+00
nan nan 1.050000e-01 3.375000e-01 -3.000000e+00 0.000000e+00
nan nan 1.050000e-01 3.624999e-01 -3.000000e+00 0.000000e+00
nan nan 1.050000e-01 3.874999e-01 -3.000000e+00 0.000000e+00
nan nan 1.050000e-01 4.124999e-01 -3.000000e+00 0.000000e+00
nan nan 1.050000e-01 4.374999e-01 -3.000000e+00 0.000000e+00
nan nan 1.050000e-01 4.624999e-01 -3.000000e+00 0.000000e+00
nan nan 1.050000e-01 4.874999e-01 -3.000000e+00 0.000000e+00
nan nan 1.050000e-01 5.124999e-01 -3.000000e+00 0.000000e+00
0.000000e+00 0.000000e+00 1.050000e-01 5.374999e-01 -3.000000e+00 0.000000e+00
0.000000e+00 0.000000e+00 1.050000e-01 5.624999e-01 -3.000000e+00 0.000000e+00
0.000000e+00 0.000000e+00 1.050000e-01 5.874999e-01 -3.000000e+00 0.000000e+00
0.000000e+00 0.000000e+00 1.050000e-01 6.124999e-01 -3.000000e+00 0.000000e+00
0.000000e+00 0.000000e+00 1.050000e-01 6.374998e-01 -3.000000e+00 0.000000e+00
3.196031e-04 1.845229e-04 1.050000e-01 6.624998e-01 -3.000000e+00 0.000000e+00
0.000000e+00 0.000000e+00 1.050000e-01 6.874998e-01 -3.000000e+00 0.000000e+00
0.000000e+00 0.000000e+00 1.050000e-01 7.124998e-01 -3.000000e+00 0.000000e+00
2.711171e-04 1.565296e-04 1.050000e-01 7.374998e-01 -3.000000e+00 0.000000e+00
0.000000e+00 0.000000e+00 1.050000e-01 7.624998e-01 -3.000000e+00 0.000000e+00
0.000000e+00 0.000000e+00 1.050000e-01 7.874998e-01 -3.000000e+00 0.000000e+00
0.000000e+00 0.000000e+00 1.050000e-01 8.124998e-01 -3.000000e+00 0.000000e+00
0.000000e+00 0.000000e+00 1.050000e-01 8.374998e-01 -3.000000e+00 0.000000e+00
0.000000e+00 0.000000e+00 1.050000e-01 8.624998e-01 -3.000000e+00 0.000000e+00
2.385041e-04 1.377004e-04 1.050000e-01 8.874998e-01 -3.000000e+00 0.000000e+00
0.000000e+00 0.000000e+00 1.050000e-01 9.124997e-01 -3.000000e+00 0.000000e+00
0.000000e+00 0.000000e+00 1.050000e-01 9.374997e-01 -3.000000e+00 0.000000e+00
0.000000e+00 0.000000e+00 1.050000e-01 9.624997e-01 -3.000000e+00 0.000000e+00
0.000000e+00 0.000000e+00 1.050000e-01 9.874997e-01 -3.000000e+00 0.000000e+00
0.000000e+00 0.000000e+00 1.050000e-01 1.012500e+00 -3.000000e+00 0.000000e+00
0.000000e+00 0.000000e+00 1.050000e-01 1.037500e+00 -3.000000e+00 0.000000e+00
2.495261e-04 1.440639e-04 1.050000e-01 1.062500e+00 -3.000000e+00 0.000000e+00
0.000000e+00 0.000000e+00 1.050000e-01 1.087500e+00 -3.000000e+00 0.000000e+00
2.571136e-04 1.484446e-04 1.050000e-01 1.112500e+00 -3.000000e+00 0.000000e+00
0.000000e+00 0.000000e+00 1.050000e-01 1.137500e+00 -3.000000e+00 0.000000e+00
0.000000e+00 0.000000e+00 1.050000e-01 1.162500e+00 -3.000000e+00 0.000000e+00
0.000000e+00 0.000000e+00 1.050000e-01 1.187500e+00 -3.000000e+00 0.000000e+00
0.000000e+00 0.000000e+00 1.050000e-01 1.212500e+00 -3.000000e+00 0.000000e+00
0.000000e+00 0.000000e+00 1.050000e-01 1.237500e+00 -3.000000e+00 0.000000e+00
0.000000e+00 0.000000e+00 1.050000e-01 1.262500e+00 -3.000000e+00 0.000000e+00
2.652783e-04 1.531585e-04 1.050000e-01 1.287500e+00 -3.000000e+00 0.000000e+00
2.632133e-04 1.519663e-04 1.050000e-01 1.312500e+00 -3.000000e+00 0.000000e+00
0.000000e+00 0.000000e+00 1.050000e-01 1.337500e+00 -3.000000e+00 0.000000e+00
0.000000e+00 0.000000e+00 1.050000e-01 1.362500e+00 -3.000000e+00 0.000000e+00
0.000000e+00 0.000000e+00 1.050000e-01 1.387500e+00 -3.000000e+00 0.000000e+00
2.711229e-04 1.565329e-04 1.050000e-01 1.412500e+00 -3.000000e+00 0.000000e+00
1.887323e-03 4.118492e-04 1.050000e-01 1.437500e+00 -3.000000e+00 0.000000e+00
1.632373e-03 3.847563e-04 1.050000e-01 1.462500e+00 -3.000000e+00 0.000000e+00
5.437108e-04 2.219690e-04 1.050000e-01 1.487500e+00 -3.000000e+00 0.000000e+00
0.000000e+00 0.000000e+00 1.050000e-01 1.512500e+00 -3.000000e+00 0.000000e+00
2.749270e-04 1.587292e-04 1.050000e-01 1.537500e+00 -3.000000e+00 0.000000e+00
0.000000e+00 0.000000e+00 1.050000e-01 1.562500e+00 -3.000000e+00 0.000000e+00
2.771967e-04 1.600396e-04 1.050000e-01 1.587500e+00 -3.000000e+00 0.000000e+00
2.790376e-04 1.611024e-04 1.050000e-01 1.612499e+00 -3.000000e+00 0.000000e+00
1.393340e-03 3.597608e-04 1.050000e-01 1.637499e+00 -3.000000e+00 0.000000e+00
3.638814e-03 5.826785e-04 1.050000e-01 1.662499e+00 -3.000000e+00 0.000000e+00
3.053292e-03 5.315123e-04 1.050000e-01 1.687499e+00 -3.000000e+00 0.000000e+00
5.594183e-04 2.283816e-04 1.050000e-01 1.712499e+00 -3.000000e+00 0.000000e+00
8.285058e-04 2.761697e-04 1.050000e-01 1.737499e+00 -3.000000e+00 0.000000e+00
2.768574e-04 1.598437e-04 1.050000e-01 1.762499e+00 -3.000000e+00 0.000000e+00
2.706844e-04 1.562797e-04 1.050000e-01 1.787499e+00 -3.000000e+00 0.000000e+00
0.000000e+00 0.000000e+00 1.050000e-01 1.812499e+00 -3.000000e+00 0.000000e+00
2.723632e-04 1.572490e-04 1.050000e-01 1.837499e+00 -3.000000e+00 0.000000e+00
0.000000e+00 0.000000e+00 1.050000e-01 1.862499e+00 -3.000000e+00 0.000000e+00
8.148747e-04 2.716258e-04 1.050000e-01 1.887499e+00 -3.000000e+00 0.000000e+00
1.635814e-03 3.855666e-04 1.050000e-01 1.912499e+00 -3.000000e+00 0.000000e+00
1.081224e-03 3.121250e-04 1.050000e-01 1.937499e+00 -3.000000e+00 0.000000e+00
0.000000e+00 0.000000e+00 1.050000e-01 1.962499e+00 -3.000000e+00 0.000000e+00
0.000000e+00 0.000000e+00 1.050000e-01 1.987499e+00 -3.000000e+00 0.000000e+00
nan nan 1.150000e-01 2.125000e-01 -3.000000e+00 0.000000e+00
nan nan 1.150000e-01 2.375000e-01 -3.000000e+00 0.000000e+00
nan nan 1.150000e-01 2.625000e-01 -3.000000e+00 0.000000e+00
nan nan 1.150000e-01 2.875000e-01 -3.000000e+00 0.000000e+00
nan nan 1.150000e-01 3.125000e-01 -3.000000e+00 0.000000e+00
nan nan 1.150000e-01 3.375000e-01 -3.000000e+00 0.000000e+00
nan nan 1.150000e-01 3.624999e-01 -3.000000e+00 0.000000e+00
nan nan 1.150000e-01 3.874999e-01 -3.000000e+00 0.000000e+00
nan nan 1.150000e-01 4.124999e-01 -3.000000e+00 0.000000e+00
0.000000e+00 0.000000e+00 1.150000e-01 4.374999e-01 -3.000000e+00 0.000000e+00
0.000000e+00 0.000000e+00 1.150000e-01 4.624999e-01 -3.000000e+00 0.000000e+00
0.000000e+00 0.000000e+00 1.150000e-01 4.874999e-01 -3.000000e+00 0.000000e+00
0.000000e+00 0.000000e+00 1.150000e-01 5.124999e-01 -3.000000e+00 0.000000e+00
0.000000e+00 0.000000e+00 1.150000e-01 5.374999e-01 -3.000000e+00 0.000000e+00
0.000000e+00 0.000000e+00 1.150000e-01 5.624999e-01 -3.000000e+00 0.000000e+00
3.453607e-04 1.993941e-04 1.150000e-01 5.874999e-01 -3.000000e+00 0.000000e+00
0.000000e+00 0.000000e+00 1.150000e-01 6.124999e-01 -3.000000e+00 0.000000e+00
0.000000e+00 0.000000e+00 1.150000e-01 6.374998e-01 -3.000000e+00 0.000000e+00
0.000000e+00 0.000000e+00 1.150000e-01 6.624998e-01 -3.000000e+00 0.000000e+00
3.026813e-04 1.747531e-04 1.150000e-01 6.874998e-01 -3.000000e+00 0.000000e+00
0.000000e+00 0.000000e+00 1.150000e-01 7.124998e-01 -3.000000e+00 0.000000e+00
0.000000e+00 0.000000e+00 1.150000e-01 7.374998e-01 -3.000000e+00 0.000000e+00
0.000000e+00 0.000000e+00 1.150000e-01 7.624998e-01 -3.000000e+00 0.000000e+00
0.000000e+00 0.000000e+00 1.150000e-01 7.874998e-01 -3.000000e+00 0.000000e+00
0.000000e+00 0.000000e+00 1.150000e-01 8.124998e-01 -3.000000e+00 0.000000e+00
2.933895e-04 1.693885e-04 1.150000e-01 8.374998e-01 -3.000000e+00 0.000000e+00
2.936486e-04 1.695381e-04 1.150000e-01 8.624998e-01 -3.000000e+00 0.000000e+00
0.000000e+00 0.000000e+00 1.150000e-01 8.874998e-01 -3.000000e+00 0.000000e+00
0.000000e+00 0.000000e+00 1.150000e-01 9.124997e-01 -3.000000e+00 0.000000e+00
0.000000e+00 0.000000e+00 1.150000e-01 9.374997e-01 -3.000000e+00 0.000000e+00
0.000000e+00 0.000000e+00 1.150000e-01 9.624997e-01 -3.000000e+00 0.000000e+00
0.000000e+00 0.000000e+00 1.150000e-01 9.874997e-01 -3.000000e+00 0.000000e+00
0.000000e+00 0.000000e+00 1.150000e-01 1.012500e+00 -3.000000e+00 0.000000e+00
0.000000e+00 0.000000e+00 1.150000e-01 1.037500e+00 -3.000000e+00 0.000000e+00
3.039617e-04 1.754924e-04 1.150000e-01 1.062500e+00 -3.000000e+00 0.000000e+00
0.000000e+00 0.000000e+00 1.150000e-01 1.087500e+00 -3.000000e+00 0.000000e+00
0.000000e+00 0.000000e+00 1.150000e-01 1.112500e+00 -3.000000e+00 0.000000e+00
0.000000e+00 0.000000e+00 1.150000e-01 1.137500e+00 -3.000000e+00 0.000000e+00
0.000000e+00 0.000000e+00 1.150000e-01 1.162500e+00 -3.000000e+00 0.000000e+00
0.000000e+00 0.000000e+00 1.150000e-01 1.187500e+00 -3.000000e+00 0.000000e+00
3.053685e-04 1.763046e-04 1.150000e-01 1.212500e+00 -3.000000e+00 0.000000e+00
0.000000e+00 0.000000e+00 1.150000e-01 1.237500e+00 -3.000000e+00 0.000000e+00
0.000000e+00 0.000000e+00 1.150000e-01 1.262500e+00 -3.000000e+00 0.000000e+00
0.000000e+00 0.000000e+00 1.150000e-01 1.287500e+00 -3.000000e+00 0.000000e+00
0.000000e+00 0.000000e+00 1.150000e-01 1.312500e+00 -3.000000e+00 0.000000e+00
3.026513e-04 1.747358e-04 1.150000e-01 1.337500e+00 -3.000000e+00 0.000000e+00
1.203606e-03 3.474516e-04 1.150000e-01 1.362500e+00 -3.000000e+00 0.000000e+00
9.005387e-04 3.001801e-04 1.150000e-01 1.387500e+00 -3.000000e+00 0.000000e+00
2.684716e-03 5.166759e-04 1.150000e-01 1.412500e+00 -3.000000e+00 0.000000e+00
1.181989e-03 3.412123e-04 1.150000e-01 1.437500e+00 -3.000000e+00 0.000000e+00
5.914593e-04 2.414632e-04 1.150000e-01 1.462500e+00 -3.000000e+00 0.000000e+00
2.940417e-04 1.697651e-04 1.150000e-01 1.487500e+00 -3.000000e+00 0.000000e+00
2.909449e-04 1.679771e-04 1.150000e-01 1.512500e+00 -3.000000e+00 0.000000e+00
0.000000e+00 0.000000e+00 1.150000e-01 1.537500e+00 -3.000000e+00 0.000000e+00
2.914064e-04 1.682436e-04 1.150000e-01 1.562500e+00 -3.000000e+00 0.000000e+00
1.451666e-03 3.748197e-04 1.150000e-01 1.587500e+00 -3.000000e+00 0.000000e+00
4.896532e-03 6.856540e-04 1.150000e-01 1.612499e+00 -3.000000e+00 0.000000e+00
2.857574e-03 5.217218e-04 1.150000e-01 1.637499e+00 -3.000000e+00 0.000000e+00
2.566887e-03 4.939993e-04 1.150000e-01 1.662499e+00 -3.000000e+00 0.000000e+00
2.813850e-04 1.624577e-04 1.150000e-01 1.687499e+00 -3.000000e+00 0.000000e+00
5.640006e-04 2.302539e-04 1.150000e-01 1.712499e+00 -3.000000e+00 0.000000e+00
0.000000e+00 0.000000e+00 1.150000e-01 1.737499e+00 -3.000000e+00 0.000000e+00
5.579292e-04 2.277739e-04 1.150000e-01 1.762499e+00 -3.000000e+00 0.000000e+00
5.506349e-04 2.247958e-04 1.150000e-01 1.787499e+00 -3.000000e+00 0.000000e+00
5.490617e-04 2.241539e-04 1.150000e-01 1.812499e+00 -3.000000e+00 0.000000e+00
1.361107e-03 3.514408e-04 1.150000e-01 1.837499e+00 -3.000000e+00 0.000000e+00
2.172359e-03 4.434347e-04 1.150000e-01 1.862499e+00 -3.000000e+00 0.000000e+00
1.904971e-03 4.157027e-04 1.150000e-01 1.887499e+00 -3.000000e+00 0.000000e+00
5.457844e-04 2.228161e-04 1.150000e-01 1.912499e+00 -3.000000e+00 0.000000e+00
8.199003e-04 2.733020e-04 1.150000e-01 1.937499e+00 -3.000000e+00 0.000000e+00
2.717680e-04 1.569053e-04 1.150000e-01 1.962499e+00 -3.000000e+00 0.000000e+00
0.000000e+00 0.000000e+00 1.150000e-01 1.987499e+00 -3.000000e+00 0.000000e+00
nan nan 1.250000e-01 2.125000e-01 -3.000000e+00 0.000000e+00
nan nan 1.250000e-01 2.375000e-01 -3.000000e+00 0.000000e+00
nan nan 1.250000e-01 2.625000e-01 -3.000000e+00 0.000000e+00
nan nan 1.250000e-01 2.875000e-01 -3.000000e+00 0.000000e+00
nan nan 1.250000e-01 3.125000e-01 -3.000000e+00 0.000000e+00
0.000000e+00 0.000000e+00 1.250000e-01 3.375000e-01 -3.000000e+00 0.000000e+00
0.000000e+00 0.000000e+00 1.250000e-01 3.624999e-01 -3.000000e+00 0.000000e+00
0.000000e+00 0.000000e+00 1.250000e-01 3.874999e-01 -3.000000e+00 0.000000e+00
0.000000e+00 0.000000e+00 1.250000e-01 4.124999e-01 -3.000000e+00 0.000000e+00
5.473212e-04 3.159960e-04 1.250000e-01 4.374999e-01 -3.000000e+00 0.000000e+00
0.000000e+00 0.000000e+00 1.250000e-01 4.624999e-01 -3.000000e+00 0.000000e+00
3.735278e-04 2.156564e-04 1.250000e-01 4.874999e-01 -3.000000e+00 0.000000e+00
7.495134e-04 3.059877e-04 1.250000e-01 5.124999e-01 -3.000000e+00 0.000000e+00
3.597651e-04 2.077105e-04 1.250000e-01 5.374999e-01 -3.000000e+00 0.000000e+00
0.000000e+00 0.000000e+00 1.250000e-01 5.624999e-01 -3.000000e+00 0.000000e+00
0.000000e+00 0.000000e+00 1.250000e-01 5.874999e-01 -3.000000e+00 0.000000e+00
0.000000e+00 0.000000e+00 1.250000e-01 6.124999e-01 -3.000000e+00 0.000000e+00
0.000000e+00 0.000000e+00 1.250000e-01 6.374998e-01 -3.000000e+00 0.000000e+00
0.000000e+00 0.000000e+00 1.250000e-01 6.624998e-01 -3.000000e+00 0.000000e+00
3.326695e-04 1.920668e-04 1.250000e-01 6.874998e-01 -3.000000e+00 0.000000e+00
0.000000e+00 0.000000e+00 1.250000e-01 7.124998e-01 -3.000000e+00 0.000000e+00
0.000000e+00 0.000000e+00 1.250000e-01 7.374998e-01 -3.000000e+00 0.000000e+00
3.420718e-04 1.974953e-04 1.250000e-01 7.624998e-01 -3.000000e+00 0.000000e+00
0.000000e+00 0.000000e+00 1.250000e-01 7.874998e-01 -3.000000e+00 0.000000e+00
0.000000e+00 0.000000e+00 1.250000e-01 8.124998e-01 -3.000000e+00 0.000000e+00
3.389044e-04 1.956665e-04 1.250000e-01 8.374998e-01 -3.000000e+00 0.000000e+00
0.000000e+00 0.000000e+00 1.250000e-01 8.624998e-01 -3.000000e+00 0.000000e+00
0.000000e+00 0.000000e+00 1.250000e-01 8.874998e-01 -3.000000e+00 0.000000e+00
0.000000e+00 0.000000e+00 1.250000e-01 9.124997e-01 -3.000000e+00 0.000000e+00
0.000000e+00 0.000000e+00 1.250000e-01 9.374997e-01 -3.000000e+00 0.000000e+00
3.408355e-04 1.967815e-04 1.250000e-01 9.624997e-01 -3.000000e+00 0.000000e+00
0.000000e+00 0.000000e+00 1.250000e-01 9.874997e-01 -3.000000e+00 0.000000e+00
0.000000e+00 0.000000e+00 1.250000e-01 1.012500e+00 -3.000000e+00 0.000000e+00
0.000000e+00 0.000000e+00 1.250000e-01 1.037500e+00 -3.000000e+00 0.000000e+00
0.000000e+00 0.000000e+00 1.250000e-01 1.062500e+00 -3.000000e+00 0.000000e+00
0.000000e+00 0.000000e+00 1.250000e-01 1.087500e+00 -3.000000e+00 0.000000e+00
0.000000e+00 0.000000e+00 1.250000e-01 1.112500e+00 -3.000000e+00 0.000000e+00
0.000000e+00 0.000000e+00 1.250000e-01 1.137500e+00 -3.000000e+00 0.000000e+00
0.000000e+00 0.000000e+00 1.250000e-01 1.162500e+00 -3.000000e+00 0.000000e+00
0.000000e+00 0.000000e+00 1.250000e-01 1.187500e+00 -3.000000e+00 0.000000e+00
9.644775e-04 3.214935e-04 1.250000e-01 1.212500e+00 -3.000000e+00 0.000000e+00
0.000000e+00 0.000000e+00 1.250000e-01 1.237500e+00 -3.000000e+00 0.000000e+00
0.000000e+00 0.000000e+00 1.250000e-01 1.262500e+00 -3.000000e+00 0.000000e+00
0.000000e+00 0.000000e+00 1.250000e-01 1.287500e+00 -3.000000e+00 0.000000e+00
3.146230e-04 1.816477e-04 1.250000e-01 1.312500e+00 -3.000000e+00 0.000000e+00
9.312445e-04 3.104149e-04 1.250000e-01 1.337500e+00 -3.000000e+00 0.000000e+00
1.224718e-03 3.535470e-04 1.250000e-01 1.362500e+00 -3.000000e+00 0.000000e+00
2.430733e-03 4.961738e-04 1.250000e-01 1.387500e+00 -3.000000e+00 0.000000e+00
1.784401e-03 4.205895e-04 1.250000e-01 1.412500e+00 -3.000000e+00 0.000000e+00
5.902135e-04 2.409536e-04 1.250000e-01 1.437500e+00 -3.000000e+00 0.000000e+00
0.000000e+00 0.000000e+00 1.250000e-01 1.462500e+00 -3.000000e+00 0.000000e+00
0.000000e+00 0.000000e+00 1.250000e-01 1.487500e+00 -3.000000e+00 0.000000e+00
0.000000e+00 0.000000e+00 1.250000e-01 1.512500e+00 -3.000000e+00 0.000000e+00
0.000000e+00 0.000000e+00 1.250000e-01 1.537500e+00 -3.000000e+00 0.000000e+00
2.933596e-03 5.355998e-04 1.250000e-01 1.562500e+00 -3.000000e+00 0.000000e+00
5.247266e-03 7.140659e-04 1.250000e-01 1.587500e+00 -3.000000e+00 0.000000e+00
4.051238e-03 6.251226e-04 1.250000e-01 1.612499e+00 -3.000000e+00 0.000000e+00
2.297117e-03 4.688988e-04 1.250000e-01 1.637499e+00 -3.000000e+00 0.000000e+00
2.878152e-04 1.661702e-04 1.250000e-01 1.662499e+00 -3.000000e+00 0.000000e+00
2.856529e-04 1.649218e-04 1.250000e-01 1.687499e+00 -3.000000e+00 0.000000e+00
0.000000e+00 0.000000e+00 1.250000e-01 1.712499e+00 -3.000000e+00 0.000000e+00
0.000000e+00 0.000000e+00 1.250000e-01 1.737499e+00 -3.000000e+00 0.000000e+00
2.836057e-04 1.637398e-04 1.250000e-01 1.762499e+00 -3.000000e+00 0.000000e+00
8.399745e-04 2.799928e-04 1.250000e-01 1.787499e+00 -3.000000e+00 0.000000e+00
5.626852e-04 2.297174e-04 1.250000e-01 1.812499e+00 -3.000000e+00 0.000000e+00
1.402423e-03 3.621085e-04 1.250000e-01 1.837499e+00 -3.000000e+00 0.000000e+00
1.111588e-03 3.208913e-04 1.250000e-01 1.862499e+00 -3.000000e+00 0.000000e+00
8.268852e-04 2.756318e-04 1.250000e-01 1.887499e+00 -3.000000e+00 0.000000e+00
5.494354e-04 2.243063e-04 1.250000e-01 1.912499e+00 -3.000000e+00 0.000000e+00
8.217058e-04 2.739033e-04 1.250000e-01 1.937499e+00 -3.000000e+00 0.000000e+00
0.000000e+00 0.000000e+00 1.250000e-01 1.962499e+00 -3.000000e+00 0.000000e+00
0.000000e+00 0.000000e+00 1.250000e-01 1.987499e+00 -3.000000e+00 0.000000e+00
nan nan 1.350000e-01 2.125000e-01 -3.000000e+00 0.000000e+00
nan nan 1.350000e-01 2.375000e-01 -3.000000e+00 0.000000e+00
0.000000e+00 0.000000e+00 1.350000e-01 2.625000e-01 -3.000000e+00 0.000000e+00
0.000000e+00 0.000000e+00 1.350000e-01 2.875000e-01 -3.000000e+00 0.000000e+00
0.000000e+00 0.000000e+00 1.350000e-01 3.125000e-01 -3.000000e+00 0.000000e+00
6.305526e-04 3.640497e-04 1.350000e-01 3.375000e-01 -3.000000e+00 0.000000e+00
0.000000e+00 0.000000e+00 1.350000e-01 3.624999e-01 -3.000000e+00 0.000000e+00
0.000000e+00 0.000000e+00 1.350000e-01 3.874999e-01 -3.000000e+00 0.000000e+00
0.000000e+00 0.000000e+00 1.350000e-01 4.124999e-01 -3.000000e+00 0.000000e+00
0.000000e+00 0.000000e+00 1.350000e-01 4.374999e-01 -3.000000e+00 0.000000e+00
0.000000e+00 0.000000e+00 1.350000e-01 4.624999e-01 -3.000000e+00 0.000000e+00
0.000000e+00 0.000000e+00 1.350000e-01 4.874999e-01 -3.000000e+00 0.000000e+00
0.000000e+00 0.000000e+00 1.350000e-01 5.124999e-01 -3.000000e+00 0.000000e+00
0.000000e+00 0.000000e+00 1.350000e-01 5.374999e-01 -3.000000e+00 0.000000e+00
3.691132e-04 2.131076e-04 1.350000e-01 5.624999e-01 -3.000000e+00 0.000000e+00
0.000000e+00 0.000000e+00 1.350000e-01 5.874999e-01 -3.000000e+00 0.000000e+00
0.000000e+00 0.000000e+00 1.350000e-01 6.124999e-01 -3.000000e+00 0.000000e+00
0.000000e+00 0.000000e+00 1.350000e-01 6.374998e-01 -3.000000e+00 0.000000e+00
0.000000e+00 0.000000e+00 1.350000e-01 6.624998e-01 -3.000000e+00 0.000000e+00
0.000000e+00 0.000000e+00 1.350000e-01 6.874998e-01 -3.000000e+00 0.000000e+00
3.648093e-04 2.106227e-04 1.350000e-01 7.124998e-01 -3.000000e+00 0.000000e+00
3.656294e-04 2.110963e-04 1.350000e-01 7.374998e-01 -3.000000e+00 0.000000e+00
0.000000e+00 0.000000e+00 1.350000e-01 7.624998e-01 -3.000000e+00 0.000000e+00
3.608383e-04 2.083301e-04 1.350000e-01 7.874998e-01 -3.000000e+00 0.000000e+00
3.556690e-04 2.053456e-04 1.350000e-01 8.124998e-01 -3.000000e+00 0.000000e+00
0.000000e+00 0.000000e+00 1.350000e-01 8.374998e-01 -3.000000e+00 0.000000e+00
0.000000e+00 0.000000e+00 1.350000e-01 8.624998e-01 -3.000000e+00 0.000000e+00
3.508926e-04 2.025879e-04 1.350000e-01 8.874998e-01 -3.000000e+00 0.000000e+00
0.000000e+00 0.000000e+00 1.350000e-01 9.124997e-01 -3.000000e+00 0.000000e+00
0.000000e+00 0.000000e+00 1.350000e-01 9.374997e-01 -3.000000e+00 0.000000e+00
0.000000e+00 0.000000e+00 1.350000e-01 9.624997e-01 -3.000000e+00 0.000000e+00
0.000000e+00 0.000000e+00 1.350000e-01 9.874997e-01 -3.000000e+00 0.000000e+00
3.403382e-04 1.964943e-04 1.350000e-01 1.012500e+00 -3.000000e+00 0.000000e+00
0.000000e+00 0.000000e+00 1.350000e-01 1.037500e+00 -3.000000e+00 0.000000e+00
0.000000e+00 0.000000e+00 1.350000e-01 1.062500e+00 -3.000000e+00 0.000000e+00
0.000000e+00 0.000000e+00 1.350000e-01 1.087500e+00 -3.000000e+00 0.000000e+00
3.291339e-04 1.900256e-04 1.350000e-01 1.112500e+00 -3.000000e+00 0.000000e+00
0.000000e+00 0.000000e+00 1.350000e-01 1.137500e+00 -3.000000e+00 0.000000e+00
0.000000e+00 0.000000e+00 1.350000e-01 1.162500e+00 -3.000000e+00 0.000000e+00
0.000000e+00 0.000000e+00 1.350000e-01 1.187500e+00 -3.000000e+00 0.000000e+00
3.245126e-04 1.873574e-04 1.350000e-01 1.212500e+00 -3.000000e+00 0.000000e+00
6.473033e-04 2.642605e-04 1.350000e-01 1.237500e+00 -3.000000e+00 0.000000e+00
0.000000e+00 0.000000e+00 1.350000e-01 1.262500e+00 -3.000000e+00 0.000000e+00
3.146989e-04 1.816915e-04 1.350000e-01 1.287500e+00 -3.000000e+00 0.000000e+00
6.357960e-04 2.595640e-04 1.350000e-01 1.312500e+00 -3.000000e+00 0.000000e+00
2.811240e-03 5.410252e-04 1.350000e-01 1.337500e+00 -3.000000e+00 0.000000e+00
3.091581e-03 5.644445e-04 1.350000e-01 1.362500e+00 -3.000000e+00 0.000000e+00
1.517722e-03 3.918757e-04 1.350000e-01 1.387500e+00 -3.000000e+00 0.000000e+00
5.957529e-04 2.432154e-04 1.350000e-01 1.412500e+00 -3.000000e+00 0.000000e+00
5.969095e-04 2.436873e-04 1.350000e-01 1.437500e+00 -3.000000e+00 0.000000e+00
3.001653e-04 1.733005e-04 1.350000e-01 1.462500e+00 -3.000000e+00 0.000000e+00
0.000000e+00 0.000000e+00 1.350000e-01 1.487500e+00 -3.000000e+00 0.000000e+00
6.012396e-04 2.454557e-04 1.350000e-01 1.512500e+00 -3.000000e+00 0.000000e+00
1.788755e-03 4.216145e-04 1.350000e-01 1.537500e+00 -3.000000e+00 0.000000e+00
2.332425e-03 4.761061e-04 1.350000e-01 1.562500e+00 -3.000000e+00 0.000000e+00
2.330104e-03 4.756315e-04 1.350000e-01 1.587500e+00 -3.000000e+00 0.000000e+00
1.737943e-03 4.096378e-04 1.350000e-01 1.612499e+00 -3.000000e+00 0.000000e+00
5.790356e-04 2.363904e-04 1.350000e-01 1.637499e+00 -3.000000e+00 0.000000e+00
0.000000e+00 0.000000e+00 1.350000e-01 1.662499e+00 -3.000000e+00 0.000000e+00
2.867946e-04 1.655810e-04 1.350000e-01 1.687499e+00 -3.000000e+00 0.000000e+00
0.000000e+00 0.000000e+00 1.350000e-01 1.712499e+00 -3.000000e+00 0.000000e+00
5.641585e-04 2.303176e-04 1.350000e-01 1.737499e+00 -3.000000e+00 0.000000e+00
1.118528e-03 3.228926e-04 1.350000e-01 1.762499e+00 -3.000000e+00 0.000000e+00
1.385688e-03 3.577857e-04 1.350000e-01 1.787499e+00 -3.000000e+00 0.000000e+00
5.529513e-04 2.257426e-04 1.350000e-01 1.812499e+00 -3.000000e+00 0.000000e+00
8.324134e-04 2.774741e-04 1.350000e-01 1.837499e+00 -3.000000e+00 0.000000e+00
5.578700e-04 2.277495e-04 1.350000e-01 1.862499e+00 -3.000000e+00 0.000000e+00
5.651971e-04 2.307409e-04 1.350000e-01 1.887499e+00 -3.000000e+00 0.000000e+00
2.792300e-04 1.612135e-04 1.350000e-01 1.912499e+00 -3.000000e+00 0.000000e+00
0.000000e+00 0.000000e+00 1.350000e-01 1.937499e+00 -3.000000e+00 0.000000e+00
5.568865e-04 2.273543e-04 1.350000e-01 1.962499e+00 -3.000000e+00 0.000000e+00
2.771956e-04 1.600390e-04 1.350000e-01 1.987499e+00 -3.000000e+00 0.000000e+00
0.000000e+00 0.000000e+00 1.450000e-01 2.125000e-01 -3.000000e+00 0.000000e+00
0.000000e+00 0.000000e+00 1.450000e-01 2.375000e-01 -3.000000e+00 0.000000e+00
0.000000e+00 0.000000e+00 1.450000e-01 2.625000e-01 -3.000000e+00 0.000000e+00
0.000000e+00 0.000000e+00 1.450000e-01 2.875000e-01 -3.000000e+00 0.000000e+00
0.000000e+00 0.000000e+00 1.450000e-01 3.125000e-01 -3.000000e+00 0.000000e+00
0.000000e+00 0.000000e+00 1.450000e-01 3.375000e-01 -3.000000e+00 0.000000e+00
0.000000e+00 0.000000e+00 1.450000e-01 3.624999e-01 -3.000000e+00 0.000000e+00
0.000000e+00 0.000000e+00 1.450000e-01 3.874999e-01 -3.000000e+00 0.000000e+00
3.861441e-04 2.229404e-04 1.450000e-01 4.124999e-01 -3.000000e+00 0.000000e+00
0.000000e+00 0.000000e+00 1.450000e-01 4.374999e-01 -3.000000e+00 0.000000e+00
0.000000e+00 0.000000e+00 1.450000e-01 4.624999e-01 -3.000000e+00 0.000000e+00
0.000000e+00 0.000000e+00 1.450000e-01 4.874999e-01 -3.000000e+00 0.000000e+00
0.000000e+00 0.000000e+00 1.450000e-01 5.124999e-01 -3.000000e+00 0.000000e+00
7.524111e-04 3.071707e-04 1.450000e-01 5.374999e-01 -3.000000e+00 0.000000e+00
7.507491e-04 3.064922e-04 1.450000e-01 5.624999e-01 -3.000000e+00 0.000000e+00
0.000000e+00 0.000000e+00 1.450000e-01 5.874999e-01 -3.000000e+00 0.000000e+00
3.755459e-04 2.168215e-04 1.450000e-01 6.124999e-01 -3.000000e+00 0.000000e+00
0.000000e+00 0.000000e+00 1.450000e-01 6.374998e-01 -3.000000e+00 0.000000e+00
0.000000e+00 0.000000e+00 1.450000e-01 6.624998e-01 -3.000000e+00 0.000000e+00
3.666692e-04 2.116966e-04 1.450000e-01 6.874998e-01 -3.000000e+00 0.000000e+00
3.663930e-04 2.115371e-04 1.450000e-01 7.124998e-01 -3.000000e+00 0.000000e+00
0.000000e+00 0.000000e+00 1.450000e-01 7.374998e-01 -3.000000e+00 0.000000e+00
0.000000e+00 0.000000e+00 1.450000e-01 7.624998e-01 -3.000000e+00 0.000000e+00
3.644559e-04 2.104187e-04 1.450000e-01 7.874998e-01 -3.000000e+00 0.000000e+00
0.000000e+00 0.000000e+00 1.450000e-01 8.124998e-01 -3.000000e+00 0.000000e+00
0.000000e+00 0.000000e+00 1.450000e-01 8.374998e-01 -3.000000e+00 0.000000e+00
0.000000e+00 0.000000e+00 1.450000e-01 8.624998e-01 -3.000000e+00 0.000000e+00
0.000000e+00 0.000000e+00 1.450000e-01 8.874998e-01 -3.000000e+00 0.000000e+00
0.000000e+00 0.000000e+00 1.450000e-01 9.124997e-01 -3.000000e+00 0.000000e+00
0.000000e+00 0.000000e+00 1.450000e-01 9.374997e-01 -3.000000e+00 0.000000e+00
0.000000e+00 0.000000e+00 1.450000e-01 9.624997e-01 -3.000000e+00 0.000000e+00
0.000000e+00 0.000000e+00 1.450000e-01 9.874997e-01 -3.000000e+00 0.000000e+00
0.000000e+00 0.000000e+00 1.450000e-01 1.012500e+00 -3.000000e+00 0.000000e+00
0.000000e+00 0.000000e+00 1.450000e-01 1.037500e+00 -3.000000e+00 0.000000e+00
0.000000e+00 0.000000e+00 1.450000e-01 1.062500e+00 -3.000000e+00 0.000000e+00
0.000000e+00 0.000000e+00 1.450000e-01 1.087500e+00 -3.000000e+00 0.000000e+00
0.000000e+00 0.000000e+00 1.450000e-01 1.112500e+00 -3.000000e+00 0.000000e+00
3.321415e-04 1.917620e-04 1.450000e-01 1.137500e+00 -3.000000e+00 0.000000e+00
6.667432e-04 2.721968e-04 1.450000e-01 1.162500e+00 -3.000000e+00 0.000000e+00
9.845479e-04 3.281827e-04 1.450000e-01 1.187500e+00 -3.000000e+00 0.000000e+00
0.000000e+00 0.000000e+00 1.450000e-01 1.212500e+00 -3.000000e+00 0.000000e+00
3.206662e-04 1.851367e-04 1.450000e-01 1.237500e+00 -3.000000e+00 0.000000e+00
3.139886e-04 1.812814e-04 1.450000e-01 1.262500e+00 -3.000000e+00 0.000000e+00
6.442542e-04 2.630157e-04 1.450000e-01 1.287500e+00 -3.000000e+00 0.000000e+00
1.929972e-03 4.548998e-04 1.450000e-01 1.312500e+00 -3.000000e+00 0.000000e+00
1.565295e-03 4.041582e-04 1.450000e-01 1.337500e+00 -3.000000e+00 0.000000e+00
0.000000e+00 0.000000e+00 1.450000e-01 1.362500e+00 -3.000000e+00 0.000000e+00
3.042017e-04 1.756310e-04 1.450000e-01 1.387500e+00 -3.000000e+00 0.000000e+00
0.000000e+00 0.000000e+00 1.450000e-01 1.412500e+00 -3.000000e+00 0.000000e+00
6.100621e-04 2.490568e-04 1.450000e-01 1.437500e+00 -3.000000e+00 0.000000e+00
3.064138e-04 1.769081e-04 1.450000e-01 1.462500e+00 -3.000000e+00 0.000000e+00
2.724327e-03 5.242995e-04 1.450000e-01 1.487500e+00 -3.000000e+00 0.000000e+00
2.967772e-03 5.418417e-04 1.450000e-01 1.512500e+00 -3.000000e+00 0.000000e+00
4.708647e-03 6.796359e-04 1.450000e-01 1.537500e+00 -3.000000e+00 0.000000e+00
2.628050e-03 5.057701e-04 1.450000e-01 1.562500e+00 -3.000000e+00 0.000000e+00
8.810379e-04 2.936799e-04 1.450000e-01 1.587500e+00 -3.000000e+00 0.000000e+00
2.912271e-04 1.681401e-04 1.450000e-01 1.612499e+00 -3.000000e+00 0.000000e+00
0.000000e+00 0.000000e+00 1.450000e-01 1.637499e+00 -3.000000e+00 0.000000e+00
2.883464e-04 1.664768e-04 1.450000e-01 1.662499e+00 -3.000000e+00 0.000000e+00
5.742396e-04 2.344340e-04 1.450000e-01 1.687499e+00 -3.000000e+00 0.000000e+00
5.712498e-04 2.332130e-04 1.450000e-01 1.712499e+00 -3.000000e+00 0.000000e+00
1.135134e-03 3.276859e-04 1.450000e-01 1.737499e+00 -3.000000e+00 0.000000e+00
1.967459e-03 4.293393e-04 1.450000e-01 1.762499e+00 -3.000000e+00 0.000000e+00
5.615953e-04 2.292729e-04 1.450000e-01 1.787499e+00 -3.000000e+00 0.000000e+00
0.000000e+00 0.000000e+00 1.450000e-01 1.812499e+00 -3.000000e+00 0.000000e+00
0.000000e+00 0.000000e+00 1.450000e-01 1.837499e+00 -3.000000e+00 0.000000e+00
2.803932e-04 1.618851e-04 1.450000e-01 1.862499e+00 -3.000000e+00 0.000000e+00
5.579309e-04 2.277743e-04 1.450000e-01 1.887499e+00 -3.000000e+00 0.000000e+00
0.000000e+00 0.000000e+00 1.450000e-01 1.912499e+00 -3.000000e+00 0.000000e+00
5.535516e-04 2.259872e-04 1.450000e-01 1.937499e+00 -3.000000e+00 0.000000e+00
5.591497e-04 2.282743e-04 1.450000e-01 1.962499e+00 -3.000000e+00 0.000000e+00
2.801353e-04 1.617362e-04 1.450000e-01 1.987499e+00 -3.000000e+00 0.000000e+00
0.000000e+00 0.000000e+00 1.550000e-01 2.125000e-01 -3.000000e+00 0.000000e+00
0.000000e+00 0.000000e+00 1.550000e-01 2.375000e-01 -3.000000e+00 0.000000e+00
3.975974e-04 2.295530e-04 1.550000e-01 2.625000e-01 -3.000000e+00 0.000000e+00
0.000000e+00 0.000000e+00 1.550000e-01 2.875000e-01 -3.000000e+00 0.000000e+00
0.000000e+00 0.000000e+00 1.550000e-01 3.125000e-01 -3.000000e+00 0.000000e+00
3.956623e-04 2.284357e-04 1.550000e-01 3.375000e-01 -3.000000e+00 0.000000e+00
0.000000e+00 0.000000e+00 1.550000e-01 3.624999e-01 -3.000000e+00 0.000000e+00
0.000000e+00 0.000000e+00 1.550000e-01 3.874999e-01 -3.000000e+00 0.000000e+00
0.000000e+00 0.000000e+00 1.550000e-01 4.124999e-01 -3.000000e+00 0.000000e+00
0.000000e+00 0.000000e+00 1.550000e-01 4.374999e-01 -3.000000e+00 0.000000e+00
3.898281e-04 2.250673e-04 1.550000e-01 4.624999e-01 -3.000000e+00 0.000000e+00
3.902006e-04 2.252824e-04 1.550000e-01 4.874999e-01 -3.000000e+00 0.000000e+00
0.000000e+00 0.000000e+00 1.550000e-01 5.124999e-01 -3.000000e+00 0.000000e+00
0.000000e+00 0.000000e+00 1.550000e-01 5.374999e-01 -3.000000e+00 0.000000e+00
0.000000e+00 0.000000e+00 1.550000e-01 5.624999e-01 -3.000000e+00 0.000000e+00
0.000000e+00 0.000000e+00 1.550000e-01 5.874999e-01 -3.000000e+00 0.000000e+00
0.000000e+00 0.000000e+00 1.550000e-01 6.124999e-01 -3.000000e+00 0.000000e+00
0.000000e+00 0.000000e+00 1.550000e-01 6.374998e-01 -3.000000e+00 0.000000e+00
0.000000e+00 0.000000e+00 1.550000e-01 6.624998e-01 -3.000000e+00 0.000000e+00
3.715290e-04 2.145024e-04 1.550000e-01 6.874998e-01 -3.000000e+00 0.000000e+00
0.000000e+00 0.000000e+00 1.550000e-01 7.124998e-01 -3.000000e+00 0.000000e+00
0.000000e+00 0.000000e+00 1.550000e-01 7.374998e-01 -3.000000e+00 0.000000e+00
3.667772e-04 2.117589e-04 1.550000e-01 7.624998e-01 -3.000000e+00 0.000000e+00
0.000000e+00 0.000000e+00 1.550000e-01 7.874998e-01 -3.000000e+00 0.000000e+00
0.000000e+00 0.000000e+00 1.550000e-01 8.124998e-01 -3.000000e+00 0.000000e+00
3.576578e-04 2.064938e-04 1.550000e-01 8.374998e-01 -3.000000e+00 0.000000e+00
0.000000e+00 0.000000e+00 1.550000e-01 8.624998e-01 -3.000000e+00 0.000000e+00
0.000000e+00 0.000000e+00 1.550000e-01 8.874998e-01 -3.000000e+00 0.000000e+00
0.000000e+00 0.000000e+00 1.550000e-01 9.124997e-01 -3.000000e+00 0.000000e+00
0.000000e+00 0.000000e+00 1.550000e-01 9.374997e-01 -3.000000e+00 0.000000e+00
0.000000e+00 0.000000e+00 1.550000e-01 9.624997e-01 -3.000000e+00 0.000000e+00
3.498390e-04 2.019797e-04 1.550000e-01 9.874997e-01 -3.000000e+00 0.000000e+00
0.000000e+00 0.000000e+00 1.550000e-01 1.012500e+00 -3.000000e+00 0.000000e+00
0.000000e+00 0.000000e+00 1.550000e-01 1.037500e+00 -3.000000e+00 0.000000e+00
3.428459e-04 1.979422e-04 1.550000e-01 1.062500e+00 -3.000000e+00 0.000000e+00
0.000000e+00 0.000000e+00 1.550000e-01 1.087500e+00 -3.000000e+00 0.000000e+00
0.000000e+00 0.000000e+00 1.550000e-01 1.112500e+00 -3.000000e+00 0.000000e+00
0.000000e+00 0.000000e+00 1.550000e-01 1.137500e+00 -3.000000e+00 0.000000e+00
0.000000e+00 0.000000e+00 1.550000e-01 1.162500e+00 -3.000000e+00 0.000000e+00
3.287730e-04 1.898172e-04 1.550000e-01 1.187500e+00 -3.000000e+00 0.000000e+00
3.252978e-04 1.878108e-04 1.550000e-01 1.212500e+00 -3.000000e+00 0.000000e+00
3.244203e-03 5.923095e-04 1.550000e-01 1.237500e+00 -3.000000e+00 0.000000e+00
2.927430e-03 5.633859e-04 1.550000e-01 1.262500e+00 -3.000000e+00 0.000000e+00
1.936564e-03 4.564537e-04 1.550000e-01 1.287500e+00 -3.000000e+00 0.000000e+00
3.197214e-04 1.845912e-04 1.550000e-01 1.312500e+00 -3.000000e+00 0.000000e+00
0.000000e+00 0.000000e+00 1.550000e-01 1.337500e+00 -3.000000e+00 0.000000e+00
0.000000e+00 0.000000e+00 1.550000e-01 1.362500e+00 -3.000000e+00 0.000000e+00
0.000000e+00 0.000000e+00 1.550000e-01 1.387500e+00 -3.000000e+00 0.000000e+00
9.357005e-04 3.119004e-04 1.550000e-01 1.412500e+00 -3.000000e+00 0.000000e+00
9.249838e-04 3.083282e-04 1.550000e-01 1.437500e+00 -3.000000e+00 0.000000e+00
3.323647e-03 5.785741e-04 1.550000e-01 1.462500e+00 -3.000000e+00 0.000000e+00
4.129691e-03 6.372266e-04 1.550000e-01 1.487500e+00 -3.000000e+00 0.000000e+00
2.966341e-03 5.415790e-04 1.550000e-01 1.512500e+00 -3.000000e+00 0.000000e+00
1.195608e-03 3.451424e-04 1.550000e-01 1.537500e+00 -3.000000e+00 0.000000e+00
0.000000e+00 0.000000e+00 1.550000e-01 1.562500e+00 -3.000000e+00 0.000000e+00
0.000000e+00 0.000000e+00 1.550000e-01 1.587500e+00 -3.000000e+00 0.000000e+00
5.910120e-04 2.412797e-04 1.550000e-01 1.612499e+00 -3.000000e+00 0.000000e+00
0.000000e+00 0.000000e+00 1.550000e-01 1.637499e+00 -3.000000e+00 0.000000e+00
8.742923e-04 2.914340e-04 1.550000e-01 1.662499e+00 -3.000000e+00 0.000000e+00
8.697411e-04 2.899140e-04 1.550000e-01 1.687499e+00 -3.000000e+00 0.000000e+00
2.599050e-03 5.001901e-04 1.550000e-01 1.712499e+00 -3.000000e+00 0.000000e+00
1.154071e-03 3.331538e-04 1.550000e-01 1.737499e+00 -3.000000e+00 0.000000e+00
5.730094e-04 2.339302e-04 1.550000e-01 1.762499e+00 -3.000000e+00 0.000000e+00
0.000000e+00 0.000000e+00 1.550000e-01 1.787499e+00 -3.000000e+00 0.000000e+00
0.000000e+00 0.000000e+00 1.550000e-01 1.812499e+00 -3.000000e+00 0.000000e+00
0.000000e+00 0.000000e+00 1.550000e-01 1.837499e+00 -3.000000e+00 0.000000e+00
0.000000e+00 0.000000e+00 1.550000e-01 1.862499e+00 -3.000000e+00 0.000000e+00
0.000000e+00 0.000000e+00 1.550000e-01 1.887499e+00 -3.000000e+00 0.000000e+00
5.726979e-04 2.338030e-04 1.550000e-01 1.912499e+00 -3.000000e+00 0.000000e+00
5.700233e-04 2.327152e-04 1.550000e-01 1.937499e+00 -3.000000e+00 0.000000e+00
8.522907e-04 2.840981e-04 1.550000e-01 1.962499e+00 -3.000000e+00 0.000000e+00
0.000000e+00 0.000000e+00 1.550000e-01 1.987499e+00 -3.000000e+00 0.000000e+00
4.051126e-04 2.338919e-04 1.650000e-01 2.125000e-01 -3.000000e+00 0.000000e+00
0.000000e+00 0.000000e+00 1.650000e-01 2.375000e-01 -3.000000e+00 0.000000e+00
0.000000e+00 0.000000e+00 1.650000e-01 2.625000e-01 -3.000000e+00 0.000000e+00
0.000000e+00 0.000000e+00 1.650000e-01 2.875000e-01 -3.000000e+00 0.000000e+00
0.000000e+00 0.000000e+00 1.650000e-01 3.125000e-01 -3.000000e+00 0.000000e+00
0.000000e+00 0.000000e+00 1.650000e-01 3.375000e-01 -3.000000e+00 0.000000e+00
0.000000e+00 0.000000e+00 1.650000e-01 3.624999e-01 -3.000000e+00 0.000000e+00
0.000000e+00 0.000000e+00 1.650000e-01 3.874999e-01 -3.000000e+00 0.000000e+00
0.000000e+00 0.000000e+00 1.650000e-01 4.124999e-01 -3.000000e+00 0.000000e+00
3.859040e-04 2.228018e-04 1.650000e-01 4.374999e-01 -3.000000e+00 0.000000e+00
3.958238e-04 2.285289e-04 1.650000e-01 4.624999e-01 -3.000000e+00 0.000000e+00
0.000000e+00 0.000000e+00 1.650000e-01 4.874999e-01 -3.000000e+00 0.000000e+00
3.853430e-04 2.224779e-04 1.650000e-01 5.124999e-01 -3.000000e+00 0.000000e+00
3.790209e-04 2.188278e-04 1.650000e-01 5.374999e-01 -3.000000e+00 0.000000e+00
0.000000e+00 0.000000e+00 1.650000e-01 5.624999e-01 -3.000000e+00 0.000000e+00
0.000000e+00 0.000000e+00 1.650000e-01 5.874999e-01 -3.000000e+00 0.000000e+00
0.000000e+00 0.000000e+00 1.650000e-01 6.124999e-01 -3.000000e+00 0.000000e+00
0.000000e+00 0.000000e+00 1.650000e-01 6.374998e-01 -3.000000e+00 0.000000e+00
0.000000e+00 0.000000e+00 1.650000e-01 6.624998e-01 -3.000000e+00 0.000000e+00
0.000000e+00 0.000000e+00 1.650000e-01 6.874998e-01 -3.000000e+00 0.000000e+00
0.000000e+00 0.000000e+00 1.650000e-01 7.124998e-01 -3.000000e+00 0.000000e+00
0.000000e+00 0.000000e+00 1.650000e-01 7.374998e-01 -3.000000e+00 0.000000e+00
0.000000e+00 0.000000e+00 1.650000e-01 7.624998e-01 -3.000000e+00 0.000000e+00
0.000000e+00 0.000000e+00 1.650000e-01 7.874998e-01 -3.000000e+00 0.000000e+00
0.000000e+00 0.000000e+00 1.650000e-01 8.124998e-01 -3.000000e+00 0.000000e+00
0.000000e+00 0.000000e+00 1.650000e-01 8.374998e-01 -3.000000e+00 0.000000e+00
0.000000e+00 0.000000e+00 1.650000e-01 8.624998e-01 -3.000000e+00 0.000000e+00
0.000000e+00 0.000000e+00 1.650000e-01 8.874998e-01 -3.000000e+00 0.000000e+00
0.000000e+00 0.000000e+00 1.650000e-01 9.124997e-01 -3.000000e+00 0.000000e+00
0.000000e+00 0.000000e+00 1.650000e-01 9.374997e-01 -3.000000e+00 0.000000e+00
7.066834e-04 2.885023e-04 1.650000e-01 9.624997e-01 -3.000000e+00 0.000000e+00
0.000000e+00 0.000000e+00 1.650000e-01 9.874997e-01 -3.000000e+00 0.000000e+00
0.000000e+00 0.000000e+00 1.650000e-01 1.012500e+00 -3.000000e+00 0.000000e+00
0.000000e+00 0.000000e+00 1.650000e-01 1.037500e+00 -3.000000e+00 0.000000e+00
0.000000e+00 0.000000e+00 1.650000e-01 1.062500e+00 -3.000000e+00 0.000000e+00
0.000000e+00 0.000000e+00 1.650000e-01 1.087500e+00 -3.000000e+00 0.000000e+00
0.000000e+00 0.000000e+00 1.650000e-01 1.112500e+00 -3.000000e+00 0.000000e+00
0.000000e+00 0.000000e+00 1.650000e-01 1.137500e+00 -3.000000e+00 0.000000e+00
6.714572e-04 2.741215e-04 1.650000e-01 1.162500e+00 -3.000000e+00 0.000000e+00
1.315394e-03 3.797228e-04 1.650000e-01 1.187500e+00 -3.000000e+00 0.000000e+00
2.625363e-03 5.359012e-04 1.650000e-01 1.212500e+00 -3.000000e+00 0.000000e+00
3.329119e-03 6.078122e-04 1.650000e-01 1.237500e+00 -3.000000e+00 0.000000e+00
6.559949e-04 2.678095e-04 1.650000e-01 1.262500e+00 -3.000000e+00 0.000000e+00
0.000000e+00 0.000000e+00 1.650000e-01 1.287500e+00 -3.000000e+00 0.000000e+00
3.136729e-04 1.810991e-04 1.650000e-01 1.312500e+00 -3.000000e+00 0.000000e+00
0.000000e+00 0.000000e+00 1.650000e-01 1.337500e+00 -3.000000e+00 0.000000e+00
6.402854e-04 2.613960e-04 1.650000e-01 1.362500e+00 -3.000000e+00 0.000000e+00
3.179901e-04 1.835917e-04 1.650000e-01 1.387500e+00 -3.000000e+00 0.000000e+00
2.137463e-03 4.664349e-04 1.650000e-01 1.412500e+00 -3.000000e+00 0.000000e+00
4.480608e-03 6.679318e-04 1.650000e-01 1.437500e+00 -3.000000e+00 0.000000e+00
5.761545e-03 7.631391e-04 1.650000e-01 1.462500e+00 -3.000000e+00 0.000000e+00
2.133988e-03 4.656757e-04 1.650000e-01 1.487500e+00 -3.000000e+00 0.000000e+00
3.083770e-04 1.780415e-04 1.650000e-01 1.512500e+00 -3.000000e+00 0.000000e+00
3.028985e-04 1.748785e-04 1.650000e-01 1.537500e+00 -3.000000e+00 0.000000e+00
0.000000e+00 0.000000e+00 1.650000e-01 1.562500e+00 -3.000000e+00 0.000000e+00
5.928497e-04 2.420299e-04 1.650000e-01 1.587500e+00 -3.000000e+00 0.000000e+00
5.880735e-04 2.400803e-04 1.650000e-01 1.612499e+00 -3.000000e+00 0.000000e+00
1.181125e-03 3.409633e-04 1.650000e-01 1.637499e+00 -3.000000e+00 0.000000e+00
2.357670e-03 4.812612e-04 1.650000e-01 1.662499e+00 -3.000000e+00 0.000000e+00
1.172746e-03 3.385450e-04 1.650000e-01 1.687499e+00 -3.000000e+00 0.000000e+00
5.787914e-04 2.362906e-04 1.650000e-01 1.712499e+00 -3.000000e+00 0.000000e+00
0.000000e+00 0.000000e+00 1.650000e-01 1.737499e+00 -3.000000e+00 0.000000e+00
0.000000e+00 0.000000e+00 1.650000e-01 1.762499e+00 -3.000000e+00 0.000000e+00
0.000000e+00 0.000000e+00 1.650000e-01 1.787499e+00 -3.000000e+00 0.000000e+00
2.856573e-04 1.649243e-04 1.650000e-01 1.812499e+00 -3.000000e+00 0.000000e+00
0.000000e+00 0.000000e+00 1.650000e-01 1.837499e+00 -3.000000e+00 0.000000e+00
5.774403e-04 2.357419e-04 1.650000e-01 1.862499e+00 -3.000000e+00 0.000000e+00
0.000000e+00 0.000000e+00 1.650000e-01 1.887499e+00 -3.000000e+00 0.000000e+00
0.000000e+00 0.000000e+00 1.650000e-01 1.912499e+00 -3.000000e+00 0.000000e+00
2.855078e-04 1.648380e-04 1.650000e-01 1.937499e+00 -3.000000e+00 0.000000e+00
2.838477e-04 1.638796e-04 1.650000e-01 1.962499e+00 -3.000000e+00 0.000000e+00
0.000000e+00 0.000000e+00 1.650000e-01 1.987499e+00 -3.000000e+00 0.000000e+00
0.000000e+00 0.000000e+00 1.750000e-01 2.125000e-01 -3.000000e+00 0.000000e+00
3.999510e-04 2.309118e-04 1.750000e-01 2.375000e-01 -3.000000e+00 0.000000e+00
0.000000e+00 0.000000e+00 1.750000e-01 2.625000e-01 -3.000000e+00 0.000000e+00
0.000000e+00 0.000000e+00 1.750000e-01 2.875000e-01 -3.000000e+00 0.000000e+00
0.000000e+00 0.000000e+00 1.750000e-01 3.125000e-01 -3.000000e+00 0.000000e+00
0.000000e+00 0.000000e+00 1.750000e-01 3.375000e-01 -3.000000e+00 0.000000e+00
0.000000e+00 0.000000e+00 1.750000e-01 3.624999e-01 -3.000000e+00 0.000000e+00
0.000000e+00 0.000000e+00 1.750000e-01 3.874999e-01 -3.000000e+00 0.000000e+00
0.000000e+00 0.000000e+00 1.750000e-01 4.124999e-01 -3.000000e+00 0.000000e+00
0.000000e+00 0.000000e+00 1.750000e-01 4.374999e-01 -3.000000e+00 0.000000e+00
0.000000e+00 0.000000e+00 1.750000e-01 4.624999e-01 -3.000000e+00 0.000000e+00
7.883229e-04 3.218320e-04 1.750000e-01 4.874999e-01 -3.000000e+00 0.000000e+00
0.000000e+00 0.000000e+00 1.750000e-01 5.124999e-01 -3.000000e+00 0.000000e+00
0.000000e+00 0.000000e+00 1.750000e-01 5.374999e-01 -3.000000e+00 0.000000e+00
0.000000e+00 0.000000e+00 1.750000e-01 5.624999e-01 -3.000000e+00 0.000000e+00
0.000000e+00 0.000000e+00 1.750000e-01 5.874999e-01 -3.000000e+00 0.000000e+00
0.000000e+00 0.000000e+00 1.750000e-01 6.124999e-01 -3.000000e+00 0.000000e+00
0.000000e+00 0.000000e+00 1.750000e-01 6.374998e-01 -3.000000e+00 0.000000e+00
3.833212e-04 2.213106e-04 1.750000e-01 6.624998e-01 -3.000000e+00 0.000000e+00
0.000000e+00 0.000000e+00 1.750000e-01 6.874998e-01 -3.000000e+00 0.000000e+00
3.670994e-04 2.119450e-04 1.750000e-01 7.124998e-01 -3.000000e+00 0.000000e+00
0.000000e+00 0.000000e+00 1.750000e-01 7.374998e-01 -3.000000e+00 0.000000e+00
3.776564e-04 2.180400e-04 1.750000e-01 7.624998e-01 -3.000000e+00 0.000000e+00
0.000000e+00 0.000000e+00 1.750000e-01 7.874998e-01 -3.000000e+00 0.000000e+00
3.617684e-04 2.088671e-04 1.750000e-01 8.124998e-01 -3.000000e+00 0.000000e+00
0.000000e+00 0.000000e+00 1.750000e-01 8.374998e-01 -3.000000e+00 0.000000e+00
0.000000e+00 0.000000e+00 1.750000e-01 8.624998e-01 -3.000000e+00 0.000000e+00
0.000000e+00 0.000000e+00 1.750000e-01 8.874998e-01 -3.000000e+00 0.000000e+00
0.000000e+00 0.000000e+00 1.750000e-01 9.124997e-01 -3.000000e+00 0.000000e+00
0.000000e+00 0.000000e+00 1.750000e-01 9.374997e-01 -3.000000e+00 0.000000e+00
0.000000e+00 0.000000e+00 1.750000e-01 9.624997e-01 -3.000000e+00 0.000000e+00
3.516556e-04 2.030285e-04 1.750000e-01 9.874997e-01 -3.000000e+00 0.000000e+00
0.000000e+00 0.000000e+00 1.750000e-01 1.012500e+00 -3.000000e+00 0.000000e+00
0.000000e+00 0.000000e+00 1.750000e-01 1.037500e+00 -3.000000e+00 0.000000e+00
3.456807e-04 1.995788e-04 1.750000e-01 1.062500e+00 -3.000000e+00 0.000000e+00
0.000000e+00 0.000000e+00 1.750000e-01 1.087500e+00 -3.000000e+00 0.000000e+00
6.838244e-04 2.791702e-04 1.750000e-01 1.112500e+00 -3.000000e+00 0.000000e+00
2.032815e-03 4.791399e-04 1.750000e-01 1.137500e+00 -3.000000e+00 0.000000e+00
1.341783e-03 3.873408e-04 1.750000e-01 1.162500e+00 -3.000000e+00 0.000000e+00
2.364291e-03 5.159322e-04 1.750000e-01 1.187500e+00 -3.000000e+00 0.000000e+00
2.009321e-03 4.736023e-04 1.750000e-01 1.212500e+00 -3.000000e+00 0.000000e+00
3.294169e-04 1.901889e-04 1.750000e-01 1.237500e+00 -3.000000e+00 0.000000e+00
0.000000e+00 0.000000e+00 1.750000e-01 1.262500e+00 -3.000000e+00 0.000000e+00
0.000000e+00 0.000000e+00 1.750000e-01 1.287500e+00 -3.000000e+00 0.000000e+00
6.568489e-04 2.681591e-04 1.750000e-01 1.312500e+00 -3.000000e+00 0.000000e+00
3.239818e-04 1.870510e-04 1.750000e-01 1.337500e+00 -3.000000e+00 0.000000e+00
1.880859e-03 4.433238e-04 1.750000e-01 1.362500e+00 -3.000000e+00 0.000000e+00
3.406089e-03 5.929261e-04 1.750000e-01 1.387500e+00 -3.000000e+00 0.000000e+00
4.324753e-03 6.673266e-04 1.750000e-01 1.412500e+00 -3.000000e+00 0.000000e+00
4.086230e-03 6.543226e-04 1.750000e-01 1.437500e+00 -3.000000e+00 0.000000e+00
3.127714e-04 1.805786e-04 1.750000e-01 1.462500e+00 -3.000000e+00 0.000000e+00
0.000000e+00 0.000000e+00 1.750000e-01 1.487500e+00 -3.000000e+00 0.000000e+00
0.000000e+00 0.000000e+00 1.750000e-01 1.512500e+00 -3.000000e+00 0.000000e+00
0.000000e+00 0.000000e+00 1.750000e-01 1.537500e+00 -3.000000e+00 0.000000e+00
3.049925e-04 1.760875e-04 1.750000e-01 1.562500e+00 -3.000000e+00 0.000000e+00
9.194812e-04 3.064940e-04 1.750000e-01 1.587500e+00 -3.000000e+00 0.000000e+00
8.999299e-04 2.999767e-04 1.750000e-01 1.612499e+00 -3.000000e+00 0.000000e+00
2.685650e-03 5.168557e-04 1.750000e-01 1.637499e+00 -3.000000e+00 0.000000e+00
1.176046e-03 3.394960e-04 1.750000e-01 1.662499e+00 -3.000000e+00 0.000000e+00
0.000000e+00 0.000000e+00 1.750000e-01 1.687499e+00 -3.000000e+00 0.000000e+00
0.000000e+00 0.000000e+00 1.750000e-01 1.712499e+00 -3.000000e+00 0.000000e+00
0.000000e+00 0.000000e+00 1.750000e-01 1.737499e+00 -3.000000e+00 0.000000e+00
8.614135e-04 2.871395e-04 1.750000e-01 1.762499e+00 -3.000000e+00 0.000000e+00
0.000000e+00 0.000000e+00 1.750000e-01 1.787499e+00 -3.000000e+00 0.000000e+00
0.000000e+00 0.000000e+00 1.750000e-01 1.812499e+00 -3.000000e+00 0.000000e+00
0.000000e+00 0.000000e+00 1.750000e-01 1.837499e+00 -3.000000e+00 0.000000e+00
2.877555e-04 1.661357e-04 1.750000e-01 1.862499e+00 -3.000000e+00 0.000000e+00
0.000000e+00 0.000000e+00 1.750000e-01 1.887499e+00 -3.000000e+00 0.000000e+00
0.000000e+00 0.000000e+00 1.750000e-01 1.912499e+00 -3.000000e+00 0.000000e+00
5.773726e-04 2.357121e-04 1.750000e-01 1.937499e+00 -3.000000e+00 0.000000e+00
0.000000e+00 0.000000e+00 1.750000e-01 1.962499e+00 -3.000000e+00 0.000000e+00
0.000000e+00 0.000000e+00 1.750000e-01 1.987499e+00 -3.000000e+00 0.000000e+00
0.000000e+00 0.000000e+00 1.850000e-01 2.125000e-01 -3.000000e+00 0.000000e+00
4.146107e-04 2.393756e-04 1.850000e-01 2.375000e-01 -3.000000e+00 0.000000e+00
4.132969e-04 2.386171e-04 1.850000e-01 2.625000e-01 -3.000000e+00 0.000000e+00
0.000000e+00 0.000000e+00 1.850000e-01 2.875000e-01 -3.000000e+00 0.000000e+00
0.000000e+00 0.000000e+00 1.850000e-01 3.125000e-01 -3.000000e+00 0.000000e+00
0.000000e+00 0.000000e+00 1.850000e-01 3.375000e-01 -3.000000e+00 0.000000e+00
4.083925e-04 2.357855e-04 1.850000e-01 3.624999e-01 -3.000000e+00 0.000000e+00
0.000000e+00 0.000000e+00 1.850000e-01 3.874999e-01 -3.000000e+00 0.000000e+00
0.000000e+00 0.000000e+00 1.850000e-01 4.124999e-01 -3.000000e+00 0.000000e+00
0.000000e+00 0.000000e+00 1.850000e-01 4.374999e-01 -3.000000e+00 0.000000e+00
0.000000e+00 0.000000e+00 1.850000e-01 4.624999e-01 -3.000000e+00 0.000000e+00
0.000000e+00 0.000000e+00 1.850000e-01 4.874999e-01 -3.000000e+00 0.000000e+00
3.928417e-04 2.268073e-04 1.850000e-01 5.124999e-01 -3.000000e+00 0.000000e+00
0.000000e+00 0.000000e+00 1.850000e-01 5.374999e-01 -3.000000e+00 0.000000e+00
0.000000e+00 0.000000e+00 1.850000e-01 5.624999e-01 -3.000000e+00 0.000000e+00
0.000000e+00 0.000000e+00 1.850000e-01 5.874999e-01 -3.000000e+00 0.000000e+00
0.000000e+00 0.000000e+00 1.850000e-01 6.124999e-01 -3.000000e+00 0.000000e+00
0.000000e+00 0.000000e+00 1.850000e-01 6.374998e-01 -3.000000e+00 0.000000e+00
0.000000e+00 0.000000e+00 1.850000e-01 6.624998e-01 -3.000000e+00 0.000000e+00
3.705898e-04 2.139601e-04 1.850000e-01 6.874998e-01 -3.000000e+00 0.000000e+00
0.000000e+00 0.000000e+00 1.850000e-01 7.124998e-01 -3.000000e+00 0.000000e+00
0.000000e+00 0.000000e+00 1.850000e-01 7.374998e-01 -3.000000e+00 0.000000e+00
3.737042e-04 2.157582e-04 1.850000e-01 7.624998e-01 -3.000000e+00 0.000000e+00
0.000000e+00 0.000000e+00 1.850000e-01 7.874998e-01 -3.000000e+00 0.000000e+00
0.000000e+00 0.000000e+00 1.850000e-01 8.124998e-01 -3.000000e+00 0.000000e+00
0.000000e+00 0.000000e+00 1.850000e-01 8.374998e-01 -3.000000e+00 0.000000e+00
0.000000e+00 0.000000e+00 1.850000e-01 8.624998e-01 -3.000000e+00 0.000000e+00
0.000000e+00 0.000000e+00 1.850000e-01 8.874998e-01 -3.000000e+00 0.000000e+00
0.000000e+00 0.000000e+00 1.850000e-01 9.124997e-01 -3.000000e+00 0.000000e+00
0.000000e+00 0.000000e+00 1.850000e-01 9.374997e-01 -3.000000e+00 0.000000e+00
0.000000e+00 0.000000e+00 1.850000e-01 9.624997e-01 -3.000000e+00 0.000000e+00
3.543467e-04 2.045822e-04 1.850000e-01 9.874997e-01 -3.000000e+00 0.000000e+00
0.000000e+00 0.000000e+00 1.850000e-01 1.012500e+00 -3.000000e+00 0.000000e+00
0.000000e+00 0.000000e+00 1.850000e-01 1.037500e+00 -3.000000e+00 0.000000e+00
0.000000e+00 0.000000e+00 1.850000e-01 1.062500e+00 -3.000000e+00 0.000000e+00
0.000000e+00 0.000000e+00 1.850000e-01 1.087500e+00 -3.000000e+00 0.000000e+00
1.033843e-03 3.446148e-04 1.850000e-01 1.112500e+00 -3.000000e+00 0.000000e+00
2.053515e-03 4.840193e-04 1.850000e-01 1.137500e+00 -3.000000e+00 0.000000e+00
3.397400e-04 1.961489e-04 1.850000e-01 1.162500e+00 -3.000000e+00 0.000000e+00
3.377268e-04 1.949866e-04 1.850000e-01 1.187500e+00 -3.000000e+00 0.000000e+00
0.000000e+00 0.000000e+00 1.850000e-01 1.212500e+00 -3.000000e+00 0.000000e+00
0.000000e+00 0.000000e+00 1.850000e-01 1.237500e+00 -3.000000e+00 0.000000e+00
0.000000e+00 0.000000e+00 1.850000e-01 1.262500e+00 -3.000000e+00 0.000000e+00
3.300937e-04 1.905797e-04 1.850000e-01 1.287500e+00 -3.000000e+00 0.000000e+00
1.290030e-03 3.724002e-04 1.850000e-01 1.312500e+00 -3.000000e+00 0.000000e+00
3.487987e-03 6.071823e-04 1.850000e-01 1.337500e+00 -3.000000e+00 0.000000e+00
5.754314e-03 7.830665e-04 1.850000e-01 1.362500e+00 -3.000000e+00 0.000000e+00
2.592779e-03 5.292505e-04 1.850000e-01 1.387500e+00 -3.000000e+00 0.000000e+00
1.252966e-03 3.617008e-04 1.850000e-01 1.412500e+00 -3.000000e+00 0.000000e+00
0.000000e+00 0.000000e+00 1.850000e-01 1.437500e+00 -3.000000e+00 0.000000e+00
6.108961e-04 2.493984e-04 1.850000e-01 1.462500e+00 -3.000000e+00 0.000000e+00
6.205552e-04 2.533416e-04 1.850000e-01 1.487500e+00 -3.000000e+00 0.000000e+00
0.000000e+00 0.000000e+00 1.850000e-01 1.512500e+00 -3.000000e+00 0.000000e+00
1.229096e-03 3.548111e-04 1.850000e-01 1.537500e+00 -3.000000e+00 0.000000e+00
2.702205e-03 5.200411e-04 1.850000e-01 1.562500e+00 -3.000000e+00 0.000000e+00
1.194875e-03 3.449330e-04 1.850000e-01 1.587500e+00 -3.000000e+00 0.000000e+00
1.505512e-03 3.887248e-04 1.850000e-01 1.612499e+00 -3.000000e+00 0.000000e+00
9.069053e-04 3.023025e-04 1.850000e-01 1.637499e+00 -3.000000e+00 0.000000e+00
0.000000e+00 0.000000e+00 1.850000e-01 1.662499e+00 -3.000000e+00 0.000000e+00
1.485601e-03 3.835826e-04 1.850000e-01 1.687499e+00 -3.000000e+00 0.000000e+00
0.000000e+00 0.000000e+00 1.850000e-01 1.712499e+00 -3.000000e+00 0.000000e+00
0.000000e+00 0.000000e+00 1.850000e-01 1.737499e+00 -3.000000e+00 0.000000e+00
5.798838e-04 2.367366e-04 1.850000e-01 1.762499e+00 -3.000000e+00 0.000000e+00
0.000000e+00 0.000000e+00 1.850000e-01 1.787499e+00 -3.000000e+00 0.000000e+00
0.000000e+00 0.000000e+00 1.850000e-01 1.812499e+00 -3.000000e+00 0.000000e+00
2.885752e-04 1.666090e-04 1.850000e-01 1.837499e+00 -3.000000e+00 0.000000e+00
0.000000e+00 0.000000e+00 1.850000e-01 1.862499e+00 -3.000000e+00 0.000000e+00
2.889427e-04 1.668211e-04 1.850000e-01 1.887499e+00 -3.000000e+00 0.000000e+00
0.000000e+00 0.000000e+00 1.850000e-01 1.912499e+00 -3.000000e+00 0.000000e+00
2.920216e-04 1.685988e-04 1.850000e-01 1.937499e+00 -3.000000e+00 0.000000e+00
2.911127e-04 1.680740e-04 1.850000e-01 1.962499e+00 -3.000000e+00 0.000000e+00
2.886325e-04 1.666421e-04 1.850000e-01 1.987499e+00 -3.000000e+00 0.000000e+00
4.131148e-04 2.385119e-04 1.950000e-01 2.125000e-01 -3.000000e+00 0.000000e+00
0.000000e+00 0.000000e+00 1.950000e-01 2.375000e-01 -3.000000e+00 0.000000e+00
0.000000e+00 0.000000e+00 1.950000e-01 2.625000e-01 -3.000000e+00 0.000000e+00
0.000000e+00 0.000000e+00 1.950000e-01 2.875000e-01 -3.000000e+00 0.000000e+00
0.000000e+00 0.000000e+00 1.950000e-01 3.125000e-01 -3.000000e+00 0.000000e+00
0.000000e+00 0.000000e+00 1.950000e-01 3.375000e-01 -3.000000e+00 0.000000e+00
0.000000e+00 0.000000e+00 1.950000e-01 3.624999e-01 -3.000000e+00 0.000000e+00
3.995146e-04 2.306599e-04 1.950000e-01 3.874999e-01 -3.000000e+00 0.000000e+00
4.084572e-04 2.358229e-04 1.950000e-01 4.124999e-01 -3.000000e+00 0.000000e+00
8.085531e-04 3.300905e-04 1.950000e-01 4.374999e-01 -3.000000e+00 0.000000e+00
0.000000e+00 0.000000e+00 1.950000e-01 4.624999e-01 -3.000000e+00 0.000000e+00
0.000000e+00 0.000000e+00 1.950000e-01 4.874999e-01 -3.000000e+00 0.000000e+00
0.000000e+00 0.000000e+00 1.950000e-01 5.124999e-01 -3.000000e+00 0.000000e+00
0.000000e+00 0.000000e+00 1.950000e-01 5.374999e-01 -3.000000e+00 0.000000e+00
3.811418e-04 2.200523e-04 1.950000e-01 5.624999e-01 -3.000000e+00 0.000000e+00
0.000000e+00 0.000000e+00 1.950000e-01 5.874999e-01 -3.000000e+00 0.000000e+00
0.000000e+00 0.000000e+00 1.950000e-01 6.124999e-01 -3.000000e+00 0.000000e+00
0.000000e+00 0.000000e+00 1.950000e-01 6.374998e-01 -3.000000e+00 0.000000e+00
0.000000e+00 0.000000e+00 1.950000e-01 6.624998e-01 -3.000000e+00 0.000000e+00
0.000000e+00 0.000000e+00 1.950000e-01 6.874998e-01 -3.000000e+00 0.000000e+00
3.813376e-04 2.201654e-04 1.950000e-01 7.124998e-01 -3.000000e+00 0.000000e+00
3.730839e-04 2.154001e-04 1.950000e-01 7.374998e-01 -3.000000e+00 0.000000e+00
0.000000e+00 0.000000e+00 1.950000e-01 7.624998e-01 -3.000000e+00 0.000000e+00
0.000000e+00 0.000000e+00 1.950000e-01 7.874998e-01 -3.000000e+00 0.000000e+00
0.000000e+00 0.000000e+00 1.950000e-01 8.124998e-01 -3.000000e+00 0.000000e+00
0.000000e+00 0.000000e+00 1.950000e-01 8.374998e-01 -3.000000e+00 0.000000e+00
0.000000e+00 0.000000e+00 1.950000e-01 8.624998e-01 -3.000000e+00 0.000000e+00
0.000000e+00 0.000000e+00 1.950000e-01 8.874998e-01 -3.000000e+00 0.000000e+00
3.641986e-04 2.102701e-04 1.950000e-01 9.124997e-01 -3.000000e+00 0.000000e+00
0.000000e+00 0.000000e+00 1.950000e-01 9.374997e-01 -3.000000e+00 0.000000e+00
0.000000e+00 0.000000e+00 1.950000e-01 9.624997e-01 -3.000000e+00 0.000000e+00
0.000000e+00 0.000000e+00 1.950000e-01 9.874997e-01 -3.000000e+00 0.000000e+00
3.601832e-04 2.079518e-04 1.950000e-01 1.012500e+00 -3.000000e+00 0.000000e+00
0.000000e+00 0.000000e+00 1.950000e-01 1.037500e+00 -3.000000e+00 0.000000e+00
7.048138e-04 2.877392e-04 1.950000e-01 1.062500e+00 -3.000000e+00 0.000000e+00
1.760828e-03 4.546440e-04 1.950000e-01 1.087500e+00 -3.000000e+00 0.000000e+00
1.050121e-03 3.500403e-04 1.950000e-01 1.112500e+00 -3.000000e+00 0.000000e+00
1.025992e-03 3.419984e-04 1.950000e-01 1.137500e+00 -3.000000e+00 0.000000e+00
3.395041e-04 1.960128e-04 1.950000e-01 1.162500e+00 -3.000000e+00 0.000000e+00
3.426573e-04 1.978333e-04 1.950000e-01 1.187500e+00 -3.000000e+00 0.000000e+00
0.000000e+00 0.000000e+00 1.950000e-01 1.212500e+00 -3.000000e+00 0.000000e+00
0.000000e+00 0.000000e+00 1.950000e-01 1.237500e+00 -3.000000e+00 0.000000e+00
9.905951e-04 3.301991e-04 1.950000e-01 1.262500e+00 -3.000000e+00 0.000000e+00
3.601113e-03 6.268749e-04 1.950000e-01 1.287500e+00 -3.000000e+00 0.000000e+00
3.309326e-03 6.041986e-04 1.950000e-01 1.312500e+00 -3.000000e+00 0.000000e+00
3.607140e-03 6.279245e-04 1.950000e-01 1.337500e+00 -3.000000e+00 0.000000e+00
9.530816e-04 3.176939e-04 1.950000e-01 1.362500e+00 -3.000000e+00 0.000000e+00
9.472405e-04 3.157470e-04 1.950000e-01 1.387500e+00 -3.000000e+00 0.000000e+00
6.339163e-04 2.587954e-04 1.950000e-01 1.412500e+00 -3.000000e+00 0.000000e+00
9.581438e-04 3.193820e-04 1.950000e-01 1.437500e+00 -3.000000e+00 0.000000e+00
6.297387e-04 2.570899e-04 1.950000e-01 1.462500e+00 -3.000000e+00 0.000000e+00
2.134069e-03 4.656943e-04 1.950000e-01 1.487500e+00 -3.000000e+00 0.000000e+00
2.758517e-03 5.308787e-04 1.950000e-01 1.512500e+00 -3.000000e+00 0.000000e+00
2.172137e-03 4.740001e-04 1.950000e-01 1.537500e+00 -3.000000e+00 0.000000e+00
2.798365e-03 5.385466e-04 1.950000e-01 1.562500e+00 -3.000000e+00 0.000000e+00
3.071122e-04 1.773113e-04 1.950000e-01 1.587500e+00 -3.000000e+00 0.000000e+00
2.983205e-04 1.722355e-04 1.950000e-01 1.612499e+00 -3.000000e+00 0.000000e+00
0.000000e+00 0.000000e+00 1.950000e-01 1.637499e+00 -3.000000e+00 0.000000e+00
0.000000e+00 0.000000e+00 1.950000e-01 1.662499e+00 -3.000000e+00 0.000000e+00
3.007817e-04 1.736564e-04 1.950000e-01 1.687499e+00 -3.000000e+00 0.000000e+00
2.966234e-04 1.712556e-04 1.950000e-01 1.712499e+00 -3.000000e+00 0.000000e+00
2.957841e-04 1.707710e-04 1.950000e-01 1.737499e+00 -3.000000e+00 0.000000e+00
2.926161e-04 1.689420e-04 1.950000e-01 1.762499e+00 -3.000000e+00 0.000000e+00
0.000000e+00 0.000000e+00 1.950000e-01 1.787499e+00 -3.000000e+00 0.000000e+00
5.909595e-04 2.412582e-04 1.950000e-01 1.812499e+00 -3.000000e+00 0.000000e+00
0.000000e+00 0.000000e+00 1.950000e-01 1.837499e+00 -3.000000e+00 0.000000e+00
0.000000e+00 0.000000e+00 1.950000e-01 1.862499e+00 -3.000000e+00 0.000000e+00
0.000000e+00 0.000000e+00 1.950000e-01 1.887499e+00 -3.000000e+00 0.000000e+00
5.884528e-04 2.402348e-04 1.950000e-01 1.912499e+00 -3.000000e+00 0.000000e+00
0.000000e+00 0.000000e+00 1.950000e-01 1.937499e+00 -3.000000e+00 0.000000e+00
0.000000e+00 0.000000e+00 1.950000e-01 1.962499e+00 -3.000000e+00 0.000000e+00
8.858724e-04 2.952933e-04 1.950000e-01 1.987499e+00 -3.000000e+00 0.000000e+00
0.000000e+00 0.000000e+00 2.050000e-01 2.125000e-01 -3.000000e+00 0.000000e+00
0.000000e+00 0.000000e+00 2.050000e-01 2.375000e-01 -3.000000e+00 0.000000e+00
0.000000e+00 0.000000e+00 2.050000e-01 2.625000e-01 -3.000000e+00 0.000000e+00
0.000000e+00 0.000000e+00 2.050000e-01 2.875000e-01 -3.000000e+00 0.000000e+00
0.000000e+00 0.000000e+00 2.050000e-01 3.125000e-01 -3.000000e+00 0.000000e+00
0.000000e+00 0.000000e+00 2.050000e-01 3.375000e-01 -3.000000e+00 0.000000e+00
0.000000e+00 0.000000e+00 2.050000e-01 3.624999e-01 -3.000000e+00 0.000000e+00
0.000000e+00 0.000000e+00 2.050000e-01 3.874999e-01 -3.000000e+00 0.000000e+00
0.000000e+00 0.000000e+00 2.050000e-01 4.124999e-01 -3.000000e+00 0.000000e+00
0.000000e+00 0.000000e+00 2.050000e-01 4.374999e-01 -3.000000e+00 0.000000e+00
0.000000e+00 0.000000e+00 2.050000e-01 4.624999e-01 -3.000000e+00 0.000000e+00
0.000000e+00 0.000000e+00 2.050000e-01 4.874999e-01 -3.000000e+00 0.000000e+00
3.962729e-04 2.287883e-04 2.050000e-01 5.124999e-01 -3.000000e+00 0.000000e+00
0.000000e+00 0.000000e+00 2.050000e-01 5.374999e-01 -3.000000e+00 0.000000e+00
4.005607e-04 2.312638e-04 2.050000e-01 5.624999e-01 -3.000000e+00 0.000000e+00
0.000000e+00 0.000000e+00 2.050000e-01 5.874999e-01 -3.000000e+00 0.000000e+00
0.000000e+00 0.000000e+00 2.050000e-01 6.124999e-01 -3.000000e+00 0.000000e+00
0.000000e+00 0.000000e+00 2.050000e-01 6.374998e-01 -3.000000e+00 0.000000e+00
0.000000e+00 0.000000e+00 2.050000e-01 6.624998e-01 -3.000000e+00 0.000000e+00
0.000000e+00 0.000000e+00 2.050000e-01 6.874998e-01 -3.000000e+00 0.000000e+00
0.000000e+00 0.000000e+00 2.050000e-01 7.124998e-01 -3.000000e+00 0.000000e+00
3.829641e-04 2.211044e-04 2.050000e-01 7.374998e-01 -3.000000e+00 0.000000e+00
0.000000e+00 0.000000e+00 2.050000e-01 7.624998e-01 -3.000000e+00 0.000000e+00
0.000000e+00 0.000000e+00 2.050000e-01 7.874998e-01 -3.000000e+00 0.000000e+00
3.705951e-04 2.139632e-04 2.050000e-01 8.124998e-01 -3.000000e+00 0.000000e+00
0.000000e+00 0.000000e+00 2.050000e-01 8.374998e-01 -3.000000e+00 0.000000e+00
0.000000e+00 0.000000e+00 2.050000e-01 8.624998e-01 -3.000000e+00 0.000000e+00
0.000000e+00 0.000000e+00 2.050000e-01 8.874998e-01 -3.000000e+00 0.000000e+00
3.670320e-04 2.119060e-04 2.050000e-01 9.124997e-01 -3.000000e+00 0.000000e+00
3.689008e-04 2.129850e-04 2.050000e-01 9.374997e-01 -3.000000e+00 0.000000e+00
0.000000e+00 0.000000e+00 2.050000e-01 9.624997e-01 -3.000000e+00 0.000000e+00
0.000000e+00 0.000000e+00 2.050000e-01 9.874997e-01 -3.000000e+00 0.000000e+00
2.543852e-03 5.551148e-04 2.050000e-01 1.012500e+00 -3.000000e+00 0.000000e+00
1.782971e-03 4.603623e-04 2.050000e-01 1.037500e+00 -3.000000e+00 0.000000e+00
2.113675e-03 4.981988e-04 2.050000e-01 1.062500e+00 -3.000000e+00 0.000000e+00
7.041737e-04 2.874778e-04 2.050000e-01 1.087500e+00 -3.000000e+00 0.000000e+00
0.000000e+00 0.000000e+00 2.050000e-01 1.112500e+00 -3.000000e+00 0.000000e+00
0.000000e+00 0.000000e+00 2.050000e-01 1.137500e+00 -3.000000e+00 0.000000e+00
0.000000e+00 0.000000e+00 2.050000e-01 1.162500e+00 -3.000000e+00 0.000000e+00
0.000000e+00 0.000000e+00 2.050000e-01 1.187500e+00 -3.000000e+00 0.000000e+00
6.779479e-04 2.767711e-04 2.050000e-01 1.212500e+00 -3.000000e+00 0.000000e+00
2.022355e-03 4.766748e-04 2.050000e-01 1.237500e+00 -3.000000e+00 0.000000e+00
4.061215e-03 6.768712e-04 2.050000e-01 1.262500e+00 -3.000000e+00 0.000000e+00
5.995897e-03 8.159414e-04 2.050000e-01 1.287500e+00 -3.000000e+00 0.000000e+00
2.942947e-03 5.663712e-04 2.050000e-01 1.312500e+00 -3.000000e+00 0.000000e+00
0.000000e+00 0.000000e+00 2.050000e-01 1.337500e+00 -3.000000e+00 0.000000e+00
6.564162e-04 2.679809e-04 2.050000e-01 1.362500e+00 -3.000000e+00 0.000000e+00
3.246598e-04 1.874424e-04 2.050000e-01 1.387500e+00 -3.000000e+00 0.000000e+00
0.000000e+00 0.000000e+00 2.050000e-01 1.412500e+00 -3.000000e+00 0.000000e+00
1.253728e-03 3.619214e-04 2.050000e-01 1.437500e+00 -3.000000e+00 0.000000e+00
6.381237e-04 2.605129e-04 2.050000e-01 1.462500e+00 -3.000000e+00 0.000000e+00
2.848997e-03 5.482912e-04 2.050000e-01 1.487500e+00 -3.000000e+00 0.000000e+00
1.550597e-03 4.003638e-04 2.050000e-01 1.512500e+00 -3.000000e+00 0.000000e+00
9.162419e-04 3.054144e-04 2.050000e-01 1.537500e+00 -3.000000e+00 0.000000e+00
0.000000e+00 0.000000e+00 2.050000e-01 1.562500e+00 -3.000000e+00 0.000000e+00
3.118502e-04 1.800468e-04 2.050000e-01 1.587500e+00 -3.000000e+00 0.000000e+00
3.072370e-04 1.773834e-04 2.050000e-01 1.612499e+00 -3.000000e+00 0.000000e+00
0.000000e+00 0.000000e+00 2.050000e-01 1.637499e+00 -3.000000e+00 0.000000e+00
0.000000e+00 0.000000e+00 2.050000e-01 1.662499e+00 -3.000000e+00 0.000000e+00
6.058087e-04 2.473209e-04 2.050000e-01 1.687499e+00 -3.000000e+00 0.000000e+00
0.000000e+00 0.000000e+00 2.050000e-01 1.712499e+00 -3.000000e+00 0.000000e+00
0.000000e+00 0.000000e+00 2.050000e-01 1.737499e+00 -3.000000e+00 0.000000e+00
0.000000e+00 0.000000e+00 2.050000e-01 1.762499e+00 -3.000000e+00 0.000000e+00
0.000000e+00 0.000000e+00 2.050000e-01 1.787499e+00 -3.000000e+00 0.000000e+00
2.946569e-04 1.701203e-04 2.050000e-01 1.812499e+00 -3.000000e+00 0.000000e+00
2.966743e-04 1.712850e-04 2.050000e-01 1.837499e+00 -3.000000e+00 0.000000e+00
0.000000e+00 0.000000e+00 2.050000e-01 1.862499e+00 -3.000000e+00 0.000000e+00
0.000000e+00 0.000000e+00 2.050000e-01 1.887499e+00 -3.000000e+00 0.000000e+00
0.000000e+00 0.000000e+00 2.050000e-01 1.912499e+00 -3.000000e+00 0.000000e+00
2.986689e-04 1.724366e-04 2.050000e-01 1.937499e+00 -3.000000e+00 0.000000e+00
2.956158e-04 1.706739e-04 2.050000e-01 1.962499e+00 -3.000000e+00 0.000000e+00
2.951531e-04 1.704067e-04 2.050000e-01 1.987499e+00 -3.000000e+00 0.000000e+00
0.000000e+00 0.000000e+00 2.150000e-01 2.125000e-01 -3.000000e+00 0.000000e+00
0.000000e+00 0.000000e+00 2.150000e-01 2.375000e-01 -3.000000e+00 0.000000e+00
0.000000e+00 0.000000e+00 2.150000e-01 2.625000e-01 -3.000000e+00 0.000000e+00
0.000000e+00 0.000000e+00 2.150000e-01 2.875000e-01 -3.000000e+00 0.000000e+00
0.000000e+00 0.000000e+00 2.150000e-01 3.125000e-01 -3.000000e+00 0.000000e+00
0.000000e+00 0.000000e+00 2.150000e-01 3.375000e-01 -3.000000e+00 0.000000e+00
0.000000e+00 0.000000e+00 2.150000e-01 3.624999e-01 -3.000000e+00 0.000000e+00
0.000000e+00 0.000000e+00 2.150000e-01 3.874999e-01 -3.000000e+00 0.000000e+00
0.000000e+00 0.000000e+00 2.150000e-01 4.124999e-01 -3.000000e+00 0.000000e+00
0.000000e+00 0.000000e+00 2.150000e-01 4.374999e-01 -3.000000e+00 0.000000e+00
0.000000e+00 0.000000e+00 2.150000e-01 4.624999e-01 -3.000000e+00 0.000000e+00
0.000000e+00 0.000000e+00 2.150000e-01 4.874999e-01 -3.000000e+00 0.000000e+00
0.000000e+00 0.000000e+00 2.150000e-01 5.124999e-01 -3.000000e+00 0.000000e+00
0.000000e+00 0.000000e+00 2.150000e-01 5.374999e-01 -3.000000e+00 0.000000e+00
3.988380e-04 2.302692e-04 2.150000e-01 5.624999e-01 -3.000000e+00 0.000000e+00
0.000000e+00 0.000000e+00 2.150000e-01 5.874999e-01 -3.000000e+00 0.000000e+00
3.984462e-04 2.300430e-04 2.150000e-01 6.124999e-01 -3.000000e+00 0.000000e+00
0.000000e+00 0.000000e+00 2.150000e-01 6.374998e-01 -3.000000e+00 0.000000e+00
0.000000e+00 0.000000e+00 2.150000e-01 6.624998e-01 -3.000000e+00 0.000000e+00
0.000000e+00 0.000000e+00 2.150000e-01 6.874998e-01 -3.000000e+00 0.000000e+00
0.000000e+00 0.000000e+00 2.150000e-01 7.124998e-01 -3.000000e+00 0.000000e+00
0.000000e+00 0.000000e+00 2.150000e-01 7.374998e-01 -3.000000e+00 0.000000e+00
0.000000e+00 0.000000e+00 2.150000e-01 7.624998e-01 -3.000000e+00 0.000000e+00
0.000000e+00 0.000000e+00 2.150000e-01 7.874998e-01 -3.000000e+00 0.000000e+00
7.729529e-04 3.155569e-04 2.150000e-01 8.124998e-01 -3.000000e+00 0.000000e+00
0.000000e+00 0.000000e+00 2.150000e-01 8.374998e-01 -3.000000e+00 0.000000e+00
3.724869e-04 2.150554e-04 2.150000e-01 8.624998e-01 -3.000000e+00 0.000000e+00
0.000000e+00 0.000000e+00 2.150000e-01 8.874998e-01 -3.000000e+00 0.000000e+00
0.000000e+00 0.000000e+00 2.150000e-01 9.124997e-01 -3.000000e+00 0.000000e+00
1.079932e-03 3.599775e-04 2.150000e-01 9.374997e-01 -3.000000e+00 0.000000e+00
1.837077e-03 4.743319e-04 2.150000e-01 9.624997e-01 -3.000000e+00 0.000000e+00
1.480239e-03 4.273089e-04 2.150000e-01 9.874997e-01 -3.000000e+00 0.000000e+00
3.616430e-03 6.602681e-04 2.150000e-01 1.012500e+00 -3.000000e+00 0.000000e+00
3.543258e-03 6.469082e-04 2.150000e-01 1.037500e+00 -3.000000e+00 0.000000e+00
7.141873e-04 2.915663e-04 2.150000e-01 1.062500e+00 -3.000000e+00 0.000000e+00
0.000000e+00 0.000000e+00 2.150000e-01 1.087500e+00 -3.000000e+00 0.000000e+00
0.000000e+00 0.000000e+00 2.150000e-01 1.112500e+00 -3.000000e+00 0.000000e+00
3.495133e-04 2.017916e-04 2.150000e-01 1.137500e+00 -3.000000e+00 0.000000e+00
0.000000e+00 0.000000e+00 2.150000e-01 1.162500e+00 -3.000000e+00 0.000000e+00
1.737424e-03 4.486014e-04 2.150000e-01 1.187500e+00 -3.000000e+00 0.000000e+00
3.777727e-03 6.576190e-04 2.150000e-01 1.212500e+00 -3.000000e+00 0.000000e+00
4.744558e-03 7.321028e-04 2.150000e-01 1.237500e+00 -3.000000e+00 0.000000e+00
4.390418e-03 7.030306e-04 2.150000e-01 1.262500e+00 -3.000000e+00 0.000000e+00
1.340621e-03 3.870042e-04 2.150000e-01 1.287500e+00 -3.000000e+00 0.000000e+00
0.000000e+00 0.000000e+00 2.150000e-01 1.312500e+00 -3.000000e+00 0.000000e+00
6.590627e-04 2.690619e-04 2.150000e-01 1.337500e+00 -3.000000e+00 0.000000e+00
0.000000e+00 0.000000e+00 2.150000e-01 1.362500e+00 -3.000000e+00 0.000000e+00
0.000000e+00 0.000000e+00 2.150000e-01 1.387500e+00 -3.000000e+00 0.000000e+00
9.729793e-04 3.243277e-04 2.150000e-01 1.412500e+00 -3.000000e+00 0.000000e+00
1.263470e-03 3.647329e-04 2.150000e-01 1.437500e+00 -3.000000e+00 0.000000e+00
3.136051e-03 5.725635e-04 2.150000e-01 1.462500e+00 -3.000000e+00 0.000000e+00
2.531474e-03 5.167367e-04 2.150000e-01 1.487500e+00 -3.000000e+00 0.000000e+00
3.173917e-04 1.832462e-04 2.150000e-01 1.512500e+00 -3.000000e+00 0.000000e+00
3.096686e-04 1.787872e-04 2.150000e-01 1.537500e+00 -3.000000e+00 0.000000e+00
0.000000e+00 0.000000e+00 2.150000e-01 1.562500e+00 -3.000000e+00 0.000000e+00
3.112803e-04 1.797178e-04 2.150000e-01 1.587500e+00 -3.000000e+00 0.000000e+00
9.269799e-04 3.089939e-04 2.150000e-01 1.612499e+00 -3.000000e+00 0.000000e+00
0.000000e+00 0.000000e+00 2.150000e-01 1.637499e+00 -3.000000e+00 0.000000e+00
0.000000e+00 0.000000e+00 2.150000e-01 1.662499e+00 -3.000000e+00 0.000000e+00
0.000000e+00 0.000000e+00 2.150000e-01 1.687499e+00 -3.000000e+00 0.000000e+00
0.000000e+00 0.000000e+00 2.150000e-01 1.712499e+00 -3.000000e+00 0.000000e+00
0.000000e+00 0.000000e+00 2.150000e-01 1.737499e+00 -3.000000e+00 0.000000e+00
0.000000e+00 0.000000e+00 2.150000e-01 1.762499e+00 -3.000000e+00 0.000000e+00
2.981749e-04 1.721513e-04 2.150000e-01 1.787499e+00 -3.000000e+00 0.000000e+00
2.972831e-04 1.716365e-04 2.150000e-01 1.812499e+00 -3.000000e+00 0.000000e+00
0.000000e+00 0.000000e+00 2.150000e-01 1.837499e+00 -3.000000e+00 0.000000e+00
2.975427e-04 1.717864e-04 2.150000e-01 1.862499e+00 -3.000000e+00 0.000000e+00
0.000000e+00 0.000000e+00 2.150000e-01 1.887499e+00 -3.000000e+00 0.000000e+00
0.000000e+00 0.000000e+00 2.150000e-01 1.912499e+00 -3.000000e+00 0.000000e+00
2.992526e-04 1.727736e-04 2.150000e-01 1.937499e+00 -3.000000e+00 0.000000e+00
5.964243e-04 2.434909e-04 2.150000e-01 1.962499e+00 -3.000000e+00 0.000000e+00
0.000000e+00 0.000000e+00 2.150000e-01 1.987499e+00 -3.000000e+00 0.000000e+00
0.000000e+00 0.000000e+00 2.250000e-01 2.125000e-01 -3.000000e+00 0.000000e+00
0.000000e+00 0.000000e+00 2.250000e-01 2.375000e-01 -3.000000e+00 0.000000e+00
4.275825e-04 2.468649e-04 2.250000e-01 2.625000e-01 -3.000000e+00 0.000000e+00
0.000000e+00 0.000000e+00 2.250000e-01 2.875000e-01 -3.000000e+00 0.000000e+00
4.112295e-04 2.374234e-04 2.250000e-01 3.125000e-01 -3.000000e+00 0.000000e+00
0.000000e+00 0.000000e+00 2.250000e-01 3.375000e-01 -3.000000e+00 0.000000e+00
0.000000e+00 0.000000e+00 2.250000e-01 3.624999e-01 -3.000000e+00 0.000000e+00
4.077816e-04 2.354328e-04 2.250000e-01 3.874999e-01 -3.000000e+00 0.000000e+00
8.461511e-04 3.454397e-04 2.250000e-01 4.124999e-01 -3.000000e+00 0.000000e+00
4.104423e-04 2.369690e-04 2.250000e-01 4.374999e-01 -3.000000e+00 0.000000e+00
3.980881e-04 2.298363e-04 2.250000e-01 4.624999e-01 -3.000000e+00 0.000000e+00
0.000000e+00 0.000000e+00 2.250000e-01 4.874999e-01 -3.000000e+00 0.000000e+00
0.000000e+00 0.000000e+00 2.250000e-01 5.124999e-01 -3.000000e+00 0.000000e+00
0.000000e+00 0.000000e+00 2.250000e-01 5.374999e-01 -3.000000e+00 0.000000e+00
0.000000e+00 0.000000e+00 2.250000e-01 5.624999e-01 -3.000000e+00 0.000000e+00
0.000000e+00 0.000000e+00 2.250000e-01 5.874999e-01 -3.000000e+00 0.000000e+00
3.995472e-04 2.306787e-04 2.250000e-01 6.124999e-01 -3.000000e+00 0.000000e+00
0.000000e+00 0.000000e+00 2.250000e-01 6.374998e-01 -3.000000e+00 0.000000e+00
0.000000e+00 0.000000e+00 2.250000e-01 6.624998e-01 -3.000000e+00 0.000000e+00
4.029580e-04 2.326479e-04 2.250000e-01 6.874998e-01 -3.000000e+00 0.000000e+00
0.000000e+00 0.000000e+00 2.250000e-01 7.124998e-01 -3.000000e+00 0.000000e+00
3.847956e-04 2.221619e-04 2.250000e-01 7.374998e-01 -3.000000e+00 0.000000e+00
3.958632e-04 2.285517e-04 2.250000e-01 7.624998e-01 -3.000000e+00 0.000000e+00
0.000000e+00 0.000000e+00 2.250000e-01 7.874998e-01 -3.000000e+00 0.000000e+00
3.757193e-04 2.169216e-04 2.250000e-01 8.124998e-01 -3.000000e+00 0.000000e+00
0.000000e+00 0.000000e+00 2.250000e-01 8.374998e-01 -3.000000e+00 0.000000e+00
0.000000e+00 0.000000e+00 2.250000e-01 8.624998e-01 -3.000000e+00 0.000000e+00
0.000000e+00 0.000000e+00 2.250000e-01 8.874998e-01 -3.000000e+00 0.000000e+00
3.757898e-04 2.169624e-04 2.250000e-01 9.124997e-01 -3.000000e+00 0.000000e+00
1.495888e-03 4.318271e-04 2.250000e-01 9.374997e-01 -3.000000e+00 0.000000e+00
3.294842e-03 6.340935e-04 2.250000e-01 9.624997e-01 -3.000000e+00 0.000000e+00
2.187893e-03 5.156926e-04 2.250000e-01 9.874997e-01 -3.000000e+00 0.000000e+00
1.489687e-03 4.300362e-04 2.250000e-01 1.012500e+00 -3.000000e+00 0.000000e+00
3.595931e-04 2.076112e-04 2.250000e-01 1.037500e+00 -3.000000e+00 0.000000e+00
0.000000e+00 0.000000e+00 2.250000e-01 1.062500e+00 -3.000000e+00 0.000000e+00
7.192355e-04 2.936268e-04 2.250000e-01 1.087500e+00 -3.000000e+00 0.000000e+00
3.591182e-04 2.073370e-04 2.250000e-01 1.112500e+00 -3.000000e+00 0.000000e+00
7.040836e-04 2.874409e-04 2.250000e-01 1.137500e+00 -3.000000e+00 0.000000e+00
2.453585e-03 5.354175e-04 2.250000e-01 1.162500e+00 -3.000000e+00 0.000000e+00
3.859691e-03 6.718880e-04 2.250000e-01 1.187500e+00 -3.000000e+00 0.000000e+00
4.836504e-03 7.462907e-04 2.250000e-01 1.212500e+00 -3.000000e+00 0.000000e+00
3.416905e-03 6.238401e-04 2.250000e-01 1.237500e+00 -3.000000e+00 0.000000e+00
1.709614e-03 4.414216e-04 2.250000e-01 1.262500e+00 -3.000000e+00 0.000000e+00
0.000000e+00 0.000000e+00 2.250000e-01 1.287500e+00 -3.000000e+00 0.000000e+00
1.005181e-03 3.350612e-04 2.250000e-01 1.312500e+00 -3.000000e+00 0.000000e+00
6.720801e-04 2.743758e-04 2.250000e-01 1.337500e+00 -3.000000e+00 0.000000e+00
6.572965e-04 2.683407e-04 2.250000e-01 1.362500e+00 -3.000000e+00 0.000000e+00
3.586512e-03 6.243333e-04 2.250000e-01 1.387500e+00 -3.000000e+00 0.000000e+00
2.280730e-03 4.976983e-04 2.250000e-01 1.412500e+00 -3.000000e+00 0.000000e+00
1.615132e-03 4.170265e-04 2.250000e-01 1.437500e+00 -3.000000e+00 0.000000e+00
6.332337e-04 2.585170e-04 2.250000e-01 1.462500e+00 -3.000000e+00 0.000000e+00
3.159864e-04 1.824349e-04 2.250000e-01 1.487500e+00 -3.000000e+00 0.000000e+00
3.181123e-04 1.836622e-04 2.250000e-01 1.512500e+00 -3.000000e+00 0.000000e+00
6.307855e-04 2.575180e-04 2.250000e-01 1.537500e+00 -3.000000e+00 0.000000e+00
0.000000e+00 0.000000e+00 2.250000e-01 1.562500e+00 -3.000000e+00 0.000000e+00
0.000000e+00 0.000000e+00 2.250000e-01 1.587500e+00 -3.000000e+00 0.000000e+00
0.000000e+00 0.000000e+00 2.250000e-01 1.612499e+00 -3.000000e+00 0.000000e+00
0.000000e+00 0.000000e+00 2.250000e-01 1.637499e+00 -3.000000e+00 0.000000e+00
0.000000e+00 0.000000e+00 2.250000e-01 1.662499e+00 -3.000000e+00 0.000000e+00
3.070196e-04 1.772578e-04 2.250000e-01 1.687499e+00 -3.000000e+00 0.000000e+00
0.000000e+00 0.000000e+00 2.250000e-01 1.712499e+00 -3.000000e+00 0.000000e+00
3.033782e-04 1.751555e-04 2.250000e-01 1.737499e+00 -3.000000e+00 0.000000e+00
0.000000e+00 0.000000e+00 2.250000e-01 1.762499e+00 -3.000000e+00 0.000000e+00
2.995568e-04 1.729492e-04 2.250000e-01 1.787499e+00 -3.000000e+00 0.000000e+00
0.000000e+00 0.000000e+00 2.250000e-01 1.812499e+00 -3.000000e+00 0.000000e+00
3.043183e-04 1.756983e-04 2.250000e-01 1.837499e+00 -3.000000e+00 0.000000e+00
0.000000e+00 0.000000e+00 2.250000e-01 1.862499e+00 -3.000000e+00 0.000000e+00
3.027659e-04 1.748020e-04 2.250000e-01 1.887499e+00 -3.000000e+00 0.000000e+00
0.000000e+00 0.000000e+00 2.250000e-01 1.912499e+00 -3.000000e+00 0.000000e+00
2.997809e-04 1.730786e-04 2.250000e-01 1.937499e+00 -3.000000e+00 0.000000e+00
0.000000e+00 0.000000e+00 2.250000e-01 1.962499e+00 -3.000000e+00 0.000000e+00
3.005975e-04 1.735500e-04 2.250000e-01 1.987499e+00 -3.000000e+00 0.000000e+00
0.000000e+00 0.000000e+00 2.350000e-01 2.125000e-01 -3.000000e+00 0.000000e+00
0.000000e+00 0.000000e+00 2.350000e-01 2.375000e-01 -3.000000e+00 0.000000e+00
0.000000e+00 0.000000e+00 2.350000e-01 2.625000e-01 -3.000000e+00 0.000000e+00
0.000000e+00 0.000000e+00 2.350000e-01 2.875000e-01 -3.000000e+00 0.000000e+00
0.000000e+00 0.000000e+00 2.350000e-01 3.125000e-01 -3.000000e+00 0.000000e+00
0.000000e+00 0.000000e+00 2.350000e-01 3.375000e-01 -3.000000e+00 0.000000e+00
0.000000e+00 0.000000e+00 2.350000e-01 3.624999e-01 -3.000000e+00 0.000000e+00
0.000000e+00 0.000000e+00 2.350000e-01 3.874999e-01 -3.000000e+00 0.000000e+00
0.000000e+00 0.000000e+00 2.350000e-01 4.124999e-01 -3.000000e+00 0.000000e+00
4.093268e-04 2.363249e-04 2.350000e-01 4.374999e-01 -3.000000e+00 0.000000e+00
0.000000e+00 0.000000e+00 2.350000e-01 4.624999e-01 -3.000000e+00 0.000000e+00
0.000000e+00 0.000000e+00 2.350000e-01 4.874999e-01 -3.000000e+00 0.000000e+00
0.000000e+00 0.000000e+00 2.350000e-01 5.124999e-01 -3.000000e+00 0.000000e+00
0.000000e+00 0.000000e+00 2.350000e-01 5.374999e-01 -3.000000e+00 0.000000e+00
0.000000e+00 0.000000e+00 2.350000e-01 5.624999e-01 -3.000000e+00 0.000000e+00
0.000000e+00 0.000000e+00 2.350000e-01 5.874999e-01 -3.000000e+00 0.000000e+00
0.000000e+00 0.000000e+00 2.350000e-01 6.124999e-01 -3.000000e+00 0.000000e+00
0.000000e+00 0.000000e+00 2.350000e-01 6.374998e-01 -3.000000e+00 0.000000e+00
3.922635e-04 2.264734e-04 2.350000e-01 6.624998e-01 -3.000000e+00 0.000000e+00
3.892948e-04 2.247595e-04 2.350000e-01 6.874998e-01 -3.000000e+00 0.000000e+00
4.043985e-04 2.334796e-04 2.350000e-01 7.124998e-01 -3.000000e+00 0.000000e+00
0.000000e+00 0.000000e+00 2.350000e-01 7.374998e-01 -3.000000e+00 0.000000e+00
0.000000e+00 0.000000e+00 2.350000e-01 7.624998e-01 -3.000000e+00 0.000000e+00
0.000000e+00 0.000000e+00 2.350000e-01 7.874998e-01 -3.000000e+00 0.000000e+00
3.924237e-04 2.265659e-04 2.350000e-01 8.124998e-01 -3.000000e+00 0.000000e+00
0.000000e+00 0.000000e+00 2.350000e-01 8.374998e-01 -3.000000e+00 0.000000e+00
0.000000e+00 0.000000e+00 2.350000e-01 8.624998e-01 -3.000000e+00 0.000000e+00
0.000000e+00 0.000000e+00 2.350000e-01 8.874998e-01 -3.000000e+00 0.000000e+00
3.356570e-03 6.459728e-04 2.350000e-01 9.124997e-01 -3.000000e+00 0.000000e+00
2.599238e-03 5.672012e-04 2.350000e-01 9.374997e-01 -3.000000e+00 0.000000e+00
1.494924e-03 4.315479e-04 2.350000e-01 9.624997e-01 -3.000000e+00 0.000000e+00
0.000000e+00 0.000000e+00 2.350000e-01 9.874997e-01 -3.000000e+00 0.000000e+00
3.680347e-04 2.124850e-04 2.350000e-01 1.012500e+00 -3.000000e+00 0.000000e+00
0.000000e+00 0.000000e+00 2.350000e-01 1.037500e+00 -3.000000e+00 0.000000e+00
0.000000e+00 0.000000e+00 2.350000e-01 1.062500e+00 -3.000000e+00 0.000000e+00
0.000000e+00 0.000000e+00 2.350000e-01 1.087500e+00 -3.000000e+00 0.000000e+00
0.000000e+00 0.000000e+00 2.350000e-01 1.112500e+00 -3.000000e+00 0.000000e+00
3.577604e-03 6.531785e-04 2.350000e-01 1.137500e+00 -3.000000e+00 0.000000e+00
6.356554e-03 8.650192e-04 2.350000e-01 1.162500e+00 -3.000000e+00 0.000000e+00
3.856869e-03 6.713964e-04 2.350000e-01 1.187500e+00 -3.000000e+00 0.000000e+00
1.047054e-03 3.490187e-04 2.350000e-01 1.212500e+00 -3.000000e+00 0.000000e+00
0.000000e+00 0.000000e+00 2.350000e-01 1.237500e+00 -3.000000e+00 0.000000e+00
0.000000e+00 0.000000e+00 2.350000e-01 1.262500e+00 -3.000000e+00 0.000000e+00
3.419882e-04 1.974470e-04 2.350000e-01 1.287500e+00 -3.000000e+00 0.000000e+00
0.000000e+00 0.000000e+00 2.350000e-01 1.312500e+00 -3.000000e+00 0.000000e+00
6.746665e-04 2.754315e-04 2.350000e-01 1.337500e+00 -3.000000e+00 0.000000e+00
4.355390e-03 6.974222e-04 2.350000e-01 1.362500e+00 -3.000000e+00 0.000000e+00
3.597428e-03 6.262343e-04 2.350000e-01 1.387500e+00 -3.000000e+00 0.000000e+00
9.794526e-04 3.264853e-04 2.350000e-01 1.412500e+00 -3.000000e+00 0.000000e+00
3.258548e-04 1.881324e-04 2.350000e-01 1.437500e+00 -3.000000e+00 0.000000e+00
0.000000e+00 0.000000e+00 2.350000e-01 1.462500e+00 -3.000000e+00 0.000000e+00
0.000000e+00 0.000000e+00 2.350000e-01 1.487500e+00 -3.000000e+00 0.000000e+00
3.199416e-04 1.847184e-04 2.350000e-01 1.512500e+00 -3.000000e+00 0.000000e+00
0.000000e+00 0.000000e+00 2.350000e-01 1.537500e+00 -3.000000e+00 0.000000e+00
0.000000e+00 0.000000e+00 2.350000e-01 1.562500e+00 -3.000000e+00 0.000000e+00
0.000000e+00 0.000000e+00 2.350000e-01 1.587500e+00 -3.000000e+00 0.000000e+00
3.138451e-04 1.811986e-04 2.350000e-01 1.612499e+00 -3.000000e+00 0.000000e+00
0.000000e+00 0.000000e+00 2.350000e-01 1.637499e+00 -3.000000e+00 0.000000e+00
0.000000e+00 0.000000e+00 2.350000e-01 1.662499e+00 -3.000000e+00 0.000000e+00
0.000000e+00 0.000000e+00 2.350000e-01 1.687499e+00 -3.000000e+00 0.000000e+00
0.000000e+00 0.000000e+00 2.350000e-01 1.712499e+00 -3.000000e+00 0.000000e+00
0.000000e+00 0.000000e+00 2.350000e-01 1.737499e+00 -3.000000e+00 0.000000e+00
0.000000e+00 0.000000e+00 2.350000e-01 1.762499e+00 -3.000000e+00 0.000000e+00
0.000000e+00 0.000000e+00 2.350000e-01 1.787499e+00 -3.000000e+00 0.000000e+00
0.000000e+00 0.000000e+00 2.350000e-01 1.812499e+00 -3.000000e+00 0.000000e+00
3.024680e-04 1.746300e-04 2.350000e-01 1.837499e+00 -3.000000e+00 0.000000e+00
0.000000e+00 0.000000e+00 2.350000e-01 1.862499e+00 -3.000000e+00 0.000000e+00
0.000000e+00 0.000000e+00 2.350000e-01 1.887499e+00 -3.000000e+00 0.000000e+00
3.021290e-04 1.744342e-04 2.350000e-01 1.912499e+00 -3.000000e+00 0.000000e+00
3.066356e-04 1.770362e-04 2.350000e-01 1.937499e+00 -3.000000e+00 0.000000e+00
6.201328e-04 2.531686e-04 2.350000e-01 1.962499e+00 -3.000000e+00 0.000000e+00
3.085599e-04 1.781471e-04 2.350000e-01 1.987499e+00 -3.000000e+00 0.000000e+00
0.000000e+00 0.000000e+00 2.450000e-01 2.125000e-01 -3.000000e+00 0.000000e+00
4.349273e-04 2.511054e-04 2.450000e-01 2.375000e-01 -3.000000e+00 0.000000e+00
0.000000e+00 0.000000e+00 2.450000e-01 2.625000e-01 -3.000000e+00 0.000000e+00
0.000000e+00 0.000000e+00 2.450000e-01 2.875000e-01 -3.000000e+00 0.000000e+00
0.000000e+00 0.000000e+00 2.450000e-01 3.125000e-01 -3.000000e+00 0.000000e+00
4.260977e-04 2.460076e-04 2.450000e-01 3.375000e-01 -3.000000e+00 0.000000e+00
4.227424e-04 2.440705e-04 2.450000e-01 3.624999e-01 -3.000000e+00 0.000000e+00
0.000000e+00 0.000000e+00 2.450000e-01 3.874999e-01 -3.000000e+00 0.000000e+00
0.000000e+00 0.000000e+00 2.450000e-01 4.124999e-01 -3.000000e+00 0.000000e+00
0.000000e+00 0.000000e+00 2.450000e-01 4.374999e-01 -3.000000e+00 0.000000e+00
0.000000e+00 0.000000e+00 2.450000e-01 4.624999e-01 -3.000000e+00 0.000000e+00
0.000000e+00 0.000000e+00 2.450000e-01 4.874999e-01 -3.000000e+00 0.000000e+00
0.000000e+00 0.000000e+00 2.450000e-01 5.124999e-01 -3.000000e+00 0.000000e+00
0.000000e+00 0.000000e+00 2.450000e-01 5.374999e-01 -3.000000e+00 0.000000e+00
0.000000e+00 0.000000e+00 2.450000e-01 5.624999e-01 -3.000000e+00 0.000000e+00
0.000000e+00 0.000000e+00 2.450000e-01 5.874999e-01 -3.000000e+00 0.000000e+00
0.000000e+00 0.000000e+00 2.450000e-01 6.124999e-01 -3.000000e+00 0.000000e+00
0.000000e+00 0.000000e+00 2.450000e-01 6.374998e-01 -3.000000e+00 0.000000e+00
0.000000e+00 0.000000e+00 2.450000e-01 6.624998e-01 -3.000000e+00 0.000000e+00
4.019045e-04 2.320396e-04 2.450000e-01 6.874998e-01 -3.000000e+00 0.000000e+00
0.000000e+00 0.000000e+00 2.450000e-01 7.124998e-01 -3.000000e+00 0.000000e+00
0.000000e+00 0.000000e+00 2.450000e-01 7.374998e-01 -3.000000e+00 0.000000e+00
0.000000e+00 0.000000e+00 2.450000e-01 7.624998e-01 -3.000000e+00 0.000000e+00
3.828115e-04 2.210163e-04 2.450000e-01 7.874998e-01 -3.000000e+00 0.000000e+00
3.912085e-04 2.258643e-04 2.450000e-01 8.124998e-01 -3.000000e+00 0.000000e+00
0.000000e+00 0.000000e+00 2.450000e-01 8.374998e-01 -3.000000e+00 0.000000e+00
1.138858e-03 3.796198e-04 2.450000e-01 8.624998e-01 -3.000000e+00 0.000000e+00
3.071028e-03 6.268716e-04 2.450000e-01 8.874998e-01 -3.000000e+00 0.000000e+00
1.908958e-03 4.928917e-04 2.450000e-01 9.124997e-01 -3.000000e+00 0.000000e+00
7.562628e-04 3.087433e-04 2.450000e-01 9.374997e-01 -3.000000e+00 0.000000e+00
3.700723e-04 2.136614e-04 2.450000e-01 9.624997e-01 -3.000000e+00 0.000000e+00
3.780419e-04 2.182626e-04 2.450000e-01 9.874997e-01 -3.000000e+00 0.000000e+00
0.000000e+00 0.000000e+00 2.450000e-01 1.012500e+00 -3.000000e+00 0.000000e+00
0.000000e+00 0.000000e+00 2.450000e-01 1.037500e+00 -3.000000e+00 0.000000e+00
7.350258e-04 3.000742e-04 2.450000e-01 1.062500e+00 -3.000000e+00 0.000000e+00
1.829534e-03 4.723845e-04 2.450000e-01 1.087500e+00 -3.000000e+00 0.000000e+00
1.454115e-03 4.197673e-04 2.450000e-01 1.112500e+00 -3.000000e+00 0.000000e+00
9.629833e-03 1.069985e-03 2.450000e-01 1.137500e+00 -3.000000e+00 0.000000e+00
3.905677e-03 6.798924e-04 2.450000e-01 1.162500e+00 -3.000000e+00 0.000000e+00
1.781899e-03 4.600860e-04 2.450000e-01 1.187500e+00 -3.000000e+00 0.000000e+00
0.000000e+00 0.000000e+00 2.450000e-01 1.212500e+00 -3.000000e+00 0.000000e+00
3.455619e-04 1.995103e-04 2.450000e-01 1.237500e+00 -3.000000e+00 0.000000e+00
0.000000e+00 0.000000e+00 2.450000e-01 1.262500e+00 -3.000000e+00 0.000000e+00
3.464165e-04 2.000036e-04 2.450000e-01 1.287500e+00 -3.000000e+00 0.000000e+00
2.699612e-03 5.510575e-04 2.450000e-01 1.312500e+00 -3.000000e+00 0.000000e+00
1.694180e-03 4.374372e-04 2.450000e-01 1.337500e+00 -3.000000e+00 0.000000e+00
2.362533e-03 5.155480e-04 2.450000e-01 1.362500e+00 -3.000000e+00 0.000000e+00
1.317954e-03 3.804615e-04 2.450000e-01 1.387500e+00 -3.000000e+00 0.000000e+00
0.000000e+00 0.000000e+00 2.450000e-01 1.412500e+00 -3.000000e+00 0.000000e+00
6.529188e-04 2.665533e-04 2.450000e-01 1.437500e+00 -3.000000e+00 0.000000e+00
0.000000e+00 0.000000e+00 2.450000e-01 1.462500e+00 -3.000000e+00 0.000000e+00
9.647195e-04 3.215744e-04 2.450000e-01 1.487500e+00 -3.000000e+00 0.000000e+00
6.385290e-04 2.606794e-04 2.450000e-01 1.512500e+00 -3.000000e+00 0.000000e+00
0.000000e+00 0.000000e+00 2.450000e-01 1.537500e+00 -3.000000e+00 0.000000e+00
0.000000e+00 0.000000e+00 2.450000e-01 1.562500e+00 -3.000000e+00 0.000000e+00
0.000000e+00 0.000000e+00 2.450000e-01 1.587500e+00 -3.000000e+00 0.000000e+00
0.000000e+00 0.000000e+00 2.450000e-01 1.612499e+00 -3.000000e+00 0.000000e+00
0.000000e+00 0.000000e+00 2.450000e-01 1.637499e+00 -3.000000e+00 0.000000e+00
0.000000e+00 0.000000e+00 2.450000e-01 1.662499e+00 -3.000000e+00 0.000000e+00
3.077263e-04 1.776658e-04 2.450000e-01 1.687499e+00 -3.000000e+00 0.000000e+00
0.000000e+00 0.000000e+00 2.450000e-01 1.712499e+00 -3.000000e+00 0.000000e+00
0.000000e+00 0.000000e+00 2.450000e-01 1.737499e+00 -3.000000e+00 0.000000e+00
0.000000e+00 0.000000e+00 2.450000e-01 1.762499e+00 -3.000000e+00 0.000000e+00
0.000000e+00 0.000000e+00 2.450000e-01 1.787499e+00 -3.000000e+00 0.000000e+00
3.062594e-04 1.768189e-04 2.450000e-01 1.812499e+00 -3.000000e+00 0.000000e+00
0.000000e+00 0.000000e+00 2.450000e-01 1.837499e+00 -3.000000e+00 0.000000e+00
0.000000e+00 0.000000e+00 2.450000e-01 1.862499e+00 -3.000000e+00 0.000000e+00
0.000000e+00 0.000000e+00 2.450000e-01 1.887499e+00 -3.000000e+00 0.000000e+00
3.107299e-04 1.794000e-04 2.450000e-01 1.912499e+00 -3.000000e+00 0.000000e+00
0.000000e+00 0.000000e+00 2.450000e-01 1.937499e+00 -3.000000e+00 0.000000e+00
3.051319e-04 1.761680e-04 2.450000e-01 1.962499e+00 -3.000000e+00 0.000000e+00
3.078214e-04 1.777208e-04 2.450000e-01 1.987499e+00 -3.000000e+00 0.000000e+00
0.000000e+00 0.000000e+00 2.550000e-01 2.125000e-01 -3.000000e+00 0.000000e+00
0.000000e+00 0.000000e+00 2.550000e-01 2.375000e-01 -3.000000e+00 0.000000e+00
0.000000e+00 0.000000e+00 2.550000e-01 2.625000e-01 -3.000000e+00 0.000000e+00
0.000000e+00 0.000000e+00 2.550000e-01 2.875000e-01 -3.000000e+00 0.000000e+00
0.000000e+00 0.000000e+00 2.550000e-01 3.125000e-01 -3.000000e+00 0.000000e+00
0.000000e+00 0.000000e+00 2.550000e-01 3.375000e-01 -3.000000e+00 0.000000e+00
4.264858e-04 2.462317e-04 2.550000e-01 3.624999e-01 -3.000000e+00 0.000000e+00
4.344070e-04 2.508050e-04 2.550000e-01 3.874999e-01 -3.000000e+00 0.000000e+00
0.000000e+00 0.000000e+00 2.550000e-01 4.124999e-01 -3.000000e+00 0.000000e+00
0.000000e+00 0.000000e+00 2.550000e-01 4.374999e-01 -3.000000e+00 0.000000e+00
4.212629e-04 2.432163e-04 2.550000e-01 4.624999e-01 -3.000000e+00 0.000000e+00
0.000000e+00 0.000000e+00 2.550000e-01 4.874999e-01 -3.000000e+00 0.000000e+00
0.000000e+00 0.000000e+00 2.550000e-01 5.124999e-01 -3.000000e+00 0.000000e+00
0.000000e+00 0.000000e+00 2.550000e-01 5.374999e-01 -3.000000e+00 0.000000e+00
0.000000e+00 0.000000e+00 2.550000e-01 5.624999e-01 -3.000000e+00 0.000000e+00
0.000000e+00 0.000000e+00 2.550000e-01 5.874999e-01 -3.000000e+00 0.000000e+00
0.000000e+00 0.000000e+00 2.550000e-01 6.124999e-01 -3.000000e+00 0.000000e+00
0.000000e+00 0.000000e+00 2.550000e-01 6.374998e-01 -3.000000e+00 0.000000e+00
0.000000e+00 0.000000e+00 2.550000e-01 6.624998e-01 -3.000000e+00 0.000000e+00
0.000000e+00 0.000000e+00 2.550000e-01 6.874998e-01 -3.000000e+00 0.000000e+00
0.000000e+00 0.000000e+00 2.550000e-01 7.124998e-01 -3.000000e+00 0.000000e+00
0.000000e+00 0.000000e+00 2.550000e-01 7.374998e-01 -3.000000e+00 0.000000e+00
0.000000e+00 0.000000e+00 2.550000e-01 7.624998e-01 -3.000000e+00 0.000000e+00
1.195330e-03 3.984437e-04 2.550000e-01 7.874998e-01 -3.000000e+00 0.000000e+00
0.000000e+00 0.000000e+00 2.550000e-01 8.124998e-01 -3.000000e+00 0.000000e+00
3.893332e-04 2.247816e-04 2.550000e-01 8.374998e-01 -3.000000e+00 0.000000e+00
3.131670e-03 6.392504e-04 2.550000e-01 8.624998e-01 -3.000000e+00 0.000000e+00
1.536605e-03 4.435800e-04 2.550000e-01 8.874998e-01 -3.000000e+00 0.000000e+00
1.889184e-03 4.877858e-04 2.550000e-01 9.124997e-01 -3.000000e+00 0.000000e+00
3.881128e-04 2.240770e-04 2.550000e-01 9.374997e-01 -3.000000e+00 0.000000e+00
3.721089e-04 2.148371e-04 2.550000e-01 9.624997e-01 -3.000000e+00 0.000000e+00
0.000000e+00 0.000000e+00 2.550000e-01 9.874997e-01 -3.000000e+00 0.000000e+00
3.774797e-04 2.179380e-04 2.550000e-01 1.012500e+00 -3.000000e+00 0.000000e+00
3.702094e-04 2.137405e-04 2.550000e-01 1.037500e+00 -3.000000e+00 0.000000e+00
7.292295e-04 2.977067e-04 2.550000e-01 1.062500e+00 -3.000000e+00 0.000000e+00
2.598977e-03 5.671436e-04 2.550000e-01 1.087500e+00 -3.000000e+00 0.000000e+00
4.749160e-03 7.604763e-04 2.550000e-01 1.112500e+00 -3.000000e+00 0.000000e+00
3.579990e-03 6.536149e-04 2.550000e-01 1.137500e+00 -3.000000e+00 0.000000e+00
7.229499e-04 2.951431e-04 2.550000e-01 1.162500e+00 -3.000000e+00 0.000000e+00
0.000000e+00 0.000000e+00 2.550000e-01 1.187500e+00 -3.000000e+00 0.000000e+00
0.000000e+00 0.000000e+00 2.550000e-01 1.212500e+00 -3.000000e+00 0.000000e+00
0.000000e+00 0.000000e+00 2.550000e-01 1.237500e+00 -3.000000e+00 0.000000e+00
0.000000e+00 0.000000e+00 2.550000e-01 1.262500e+00 -3.000000e+00 0.000000e+00
1.041535e-03 3.471784e-04 2.550000e-01 1.287500e+00 -3.000000e+00 0.000000e+00
1.707697e-03 4.409263e-04 2.550000e-01 1.312500e+00 -3.000000e+00 0.000000e+00
3.071649e-03 5.911409e-04 2.550000e-01 1.337500e+00 -3.000000e+00 0.000000e+00
0.000000e+00 0.000000e+00 2.550000e-01 1.362500e+00 -3.000000e+00 0.000000e+00
6.653250e-04 2.716178e-04 2.550000e-01 1.387500e+00 -3.000000e+00 0.000000e+00
3.342142e-04 1.929586e-04 2.550000e-01 1.412500e+00 -3.000000e+00 0.000000e+00
0.000000e+00 0.000000e+00 2.550000e-01 1.437500e+00 -3.000000e+00 0.000000e+00
0.000000e+00 0.000000e+00 2.550000e-01 1.462500e+00 -3.000000e+00 0.000000e+00
0.000000e+00 0.000000e+00 2.550000e-01 1.487500e+00 -3.000000e+00 0.000000e+00
0.000000e+00 0.000000e+00 2.550000e-01 1.512500e+00 -3.000000e+00 0.000000e+00
3.217730e-04 1.857757e-04 2.550000e-01 1.537500e+00 -3.000000e+00 0.000000e+00
3.224371e-04 1.861592e-04 2.550000e-01 1.562500e+00 -3.000000e+00 0.000000e+00
3.177644e-04 1.834614e-04 2.550000e-01 1.587500e+00 -3.000000e+00 0.000000e+00
0.000000e+00 0.000000e+00 2.550000e-01 1.612499e+00 -3.000000e+00 0.000000e+00
0.000000e+00 0.000000e+00 2.550000e-01 1.637499e+00 -3.000000e+00 0.000000e+00
3.158370e-04 1.823486e-04 2.550000e-01 1.662499e+00 -3.000000e+00 0.000000e+00
0.000000e+00 0.000000e+00 2.550000e-01 1.687499e+00 -3.000000e+00 0.000000e+00
3.125131e-04 1.804295e-04 2.550000e-01 1.712499e+00 -3.000000e+00 0.000000e+00
0.000000e+00 0.000000e+00 2.550000e-01 1.737499e+00 -3.000000e+00 0.000000e+00
3.097702e-04 1.788459e-04 2.550000e-01 1.762499e+00 -3.000000e+00 0.000000e+00
3.067282e-04 1.770896e-04 2.550000e-01 1.787499e+00 -3.000000e+00 0.000000e+00
3.091649e-04 1.784964e-04 2.550000e-01 1.812499e+00 -3.000000e+00 0.000000e+00
0.000000e+00 0.000000e+00 2.550000e-01 1.837499e+00 -3.000000e+00 0.000000e+00
0.000000e+00 0.000000e+00 2.550000e-01 1.862499e+00 -3.000000e+00 0.000000e+00
0.000000e+00 0.000000e+00 2.550000e-01 1.887499e+00 -3.000000e+00 0.000000e+00
0.000000e+00 0.000000e+00 2.550000e-01 1.912499e+00 -3.000000e+00 0.000000e+00
0.000000e+00 0.000000e+00 2.550000e-01 1.937499e+00 -3.000000e+00 0.000000e+00
0.000000e+00 0.000000e+00 2.550000e-01 1.962499e+00 -3.000000e+00 0.000000e+00
3.105632e-04 1.793038e-04 2.550000e-01 1.987499e+00 -3.000000e+00 0.000000e+00
0.000000e+00 0.000000e+00 2.650000e-01 2.125000e-01 -3.000000e+00 0.000000e+00
0.000000e+00 0.000000e+00 2.650000e-01 2.375000e-01 -3.000000e+00 0.000000e+00
0.000000e+00 0.000000e+00 2.650000e-01 2.625000e-01 -3.000000e+00 0.000000e+00
0.000000e+00 0.000000e+00 2.650000e-01 2.875000e-01 -3.000000e+00 0.000000e+00
0.000000e+00 0.000000e+00 2.650000e-01 3.125000e-01 -3.000000e+00 0.000000e+00
0.000000e+00 0.000000e+00 2.650000e-01 3.375000e-01 -3.000000e+00 0.000000e+00
0.000000e+00 0.000000e+00 2.650000e-01 3.624999e-01 -3.000000e+00 0.000000e+00
4.269451e-04 2.464969e-04 2.650000e-01 3.874999e-01 -3.000000e+00 0.000000e+00
0.000000e+00 0.000000e+00 2.650000e-01 4.124999e-01 -3.000000e+00 0.000000e+00
0.000000e+00 0.000000e+00 2.650000e-01 4.374999e-01 -3.000000e+00 0.000000e+00
4.154280e-04 2.398475e-04 2.650000e-01 4.624999e-01 -3.000000e+00 0.000000e+00
0.000000e+00 0.000000e+00 2.650000e-01 4.874999e-01 -3.000000e+00 0.000000e+00
0.000000e+00 0.000000e+00 2.650000e-01 5.124999e-01 -3.000000e+00 0.000000e+00
0.000000e+00 0.000000e+00 2.650000e-01 5.374999e-01 -3.000000e+00 0.000000e+00
0.000000e+00 0.000000e+00 2.650000e-01 5.624999e-01 -3.000000e+00 0.000000e+00
0.000000e+00 0.000000e+00 2.650000e-01 5.874999e-01 -3.000000e+00 0.000000e+00
0.000000e+00 0.000000e+00 2.650000e-01 6.124999e-01 -3.000000e+00 0.000000e+00
0.000000e+00 0.000000e+00 2.650000e-01 6.374998e-01 -3.000000e+00 0.000000e+00
0.000000e+00 0.000000e+00 2.650000e-01 6.624998e-01 -3.000000e+00 0.000000e+00
4.050507e-04 2.338561e-04 2.650000e-01 6.874998e-01 -3.000000e+00 0.000000e+00
0.000000e+00 0.000000e+00 2.650000e-01 7.124998e-01 -3.000000e+00 0.000000e+00
0.000000e+00 0.000000e+00 2.650000e-01 7.374998e-01 -3.000000e+00 0.000000e+00
3.891469e-04 2.246741e-04 2.650000e-01 7.624998e-01 -3.000000e+00 0.000000e+00
3.991448e-04 2.304464e-04 2.650000e-01 7.874998e-01 -3.000000e+00 0.000000e+00
7.986295e-04 3.260392e-04 2.650000e-01 8.124998e-01 -3.000000e+00 0.000000e+00
3.876430e-03 7.077370e-04 2.650000e-01 8.374998e-01 -3.000000e+00 0.000000e+00
3.151496e-03 6.432977e-04 2.650000e-01 8.624998e-01 -3.000000e+00 0.000000e+00
3.873757e-04 2.236515e-04 2.650000e-01 8.874998e-01 -3.000000e+00 0.000000e+00
0.000000e+00 0.000000e+00 2.650000e-01 9.124997e-01 -3.000000e+00 0.000000e+00
0.000000e+00 0.000000e+00 2.650000e-01 9.374997e-01 -3.000000e+00 0.000000e+00
0.000000e+00 0.000000e+00 2.650000e-01 9.624997e-01 -3.000000e+00 0.000000e+00
3.764769e-04 2.173590e-04 2.650000e-01 9.874997e-01 -3.000000e+00 0.000000e+00
7.527407e-04 3.073051e-04 2.650000e-01 1.012500e+00 -3.000000e+00 0.000000e+00
3.783187e-04 2.184224e-04 2.650000e-01 1.037500e+00 -3.000000e+00 0.000000e+00
1.480718e-03 4.274474e-04 2.650000e-01 1.062500e+00 -3.000000e+00 0.000000e+00
7.403147e-03 9.557450e-04 2.650000e-01 1.087500e+00 -3.000000e+00 0.000000e+00
5.135434e-03 7.924161e-04 2.650000e-01 1.112500e+00 -3.000000e+00 0.000000e+00
2.184843e-03 5.149742e-04 2.650000e-01 1.137500e+00 -3.000000e+00 0.000000e+00
3.613748e-04 2.086398e-04 2.650000e-01 1.162500e+00 -3.000000e+00 0.000000e+00
7.213689e-04 2.944983e-04 2.650000e-01 1.187500e+00 -3.000000e+00 0.000000e+00
7.120651e-04 2.907000e-04 2.650000e-01 1.212500e+00 -3.000000e+00 0.000000e+00
3.542604e-04 2.045323e-04 2.650000e-01 1.237500e+00 -3.000000e+00 0.000000e+00
1.412304e-03 4.076992e-04 2.650000e-01 1.262500e+00 -3.000000e+00 0.000000e+00
1.746553e-03 4.509590e-04 2.650000e-01 1.287500e+00 -3.000000e+00 0.000000e+00
3.454190e-03 6.306487e-04 2.650000e-01 1.312500e+00 -3.000000e+00 0.000000e+00
6.881857e-04 2.809513e-04 2.650000e-01 1.337500e+00 -3.000000e+00 0.000000e+00
0.000000e+00 0.000000e+00 2.650000e-01 1.362500e+00 -3.000000e+00 0.000000e+00
0.000000e+00 0.000000e+00 2.650000e-01 1.387500e+00 -3.000000e+00 0.000000e+00
0.000000e+00 0.000000e+00 2.650000e-01 1.412500e+00 -3.000000e+00 0.000000e+00
0.000000e+00 0.000000e+00 2.650000e-01 1.437500e+00 -3.000000e+00 0.000000e+00
0.000000e+00 0.000000e+00 2.650000e-01 1.462500e+00 -3.000000e+00 0.000000e+00
3.275061e-04 1.890857e-04 2.650000e-01 1.487500e+00 -3.000000e+00 0.000000e+00
0.000000e+00 0.000000e+00 2.650000e-01 1.512500e+00 -3.000000e+00 0.000000e+00
0.000000e+00 0.000000e+00 2.650000e-01 1.537500e+00 -3.000000e+00 0.000000e+00
3.223247e-04 1.860943e-04 2.650000e-01 1.562500e+00 -3.000000e+00 0.000000e+00
0.000000e+00 0.000000e+00 2.650000e-01 1.587500e+00 -3.000000e+00 0.000000e+00
0.000000e+00 0.000000e+00 2.650000e-01 1.612499e+00 -3.000000e+00 0.000000e+00
3.212374e-04 1.854665e-04 2.650000e-01 1.637499e+00 -3.000000e+00 0.000000e+00
0.000000e+00 0.000000e+00 2.650000e-01 1.662499e+00 -3.000000e+00 0.000000e+00
0.000000e+00 0.000000e+00 2.650000e-01 1.687499e+00 -3.000000e+00 0.000000e+00
0.000000e+00 0.000000e+00 2.650000e-01 1.712499e+00 -3.000000e+00 0.000000e+00
1.243136e-03 3.588628e-04 2.650000e-01 1.737499e+00 -3.000000e+00 0.000000e+00
0.000000e+00 0.000000e+00 2.650000e-01 1.762499e+00 -3.000000e+00 0.000000e+00
0.000000e+00 0.000000e+00 2.650000e-01 1.787499e+00 -3.000000e+00 0.000000e+00
3.094060e-04 1.786357e-04 2.650000e-01 1.812499e+00 -3.000000e+00 0.000000e+00
0.000000e+00 0.000000e+00 2.650000e-01 1.837499e+00 -3.000000e+00 0.000000e+00
0.000000e+00 0.000000e+00 2.650000e-01 1.862499e+00 -3.000000e+00 0.000000e+00
0.000000e+00 0.000000e+00 2.650000e-01 1.887499e+00 -3.000000e+00 0.000000e+00
9.469002e-04 3.156366e-04 2.650000e-01 1.912499e+00 -3.000000e+00 0.000000e+00
0.000000e+00 0.000000e+00 2.650000e-01 1.937499e+00 -3.000000e+00 0.000000e+00
0.000000e+00 0.000000e+00 2.650000e-01 1.962499e+00 -3.000000e+00 0.000000e+00
3.188063e-04 1.840629e-04 2.650000e-01 1.987499e+00 -3.000000e+00 0.000000e+00
0.000000e+00 0.000000e+00 2.750000e-01 2.125000e-01 -3.000000e+00 0.000000e+00
0.000000e+00 0.000000e+00 2.750000e-01 2.375000e-01 -3.000000e+00 0.000000e+00
0.000000e+00 0.000000e+00 2.750000e-01 2.625000e-01 -3.000000e+00 0.000000e+00
0.000000e+00 0.000000e+00 2.750000e-01 2.875000e-01 -3.000000e+00 0.000000e+00
0.000000e+00 0.000000e+00 2.750000e-01 3.125000e-01 -3.000000e+00 0.000000e+00
0.000000e+00 0.000000e+00 2.750000e-01 3.375000e-01 -3.000000e+00 0.000000e+00
4.410479e-04 2.546391e-04 2.750000e-01 3.624999e-01 -3.000000e+00 0.000000e+00
0.000000e+00 0.000000e+00 2.750000e-01 3.874999e-01 -3.000000e+00 0.000000e+00
0.000000e+00 0.000000e+00 2.750000e-01 4.124999e-01 -3.000000e+00 0.000000e+00
0.000000e+00 0.000000e+00 2.750000e-01 4.374999e-01 -3.000000e+00 0.000000e+00
0.000000e+00 0.000000e+00 2.750000e-01 4.624999e-01 -3.000000e+00 0.000000e+00
0.000000e+00 0.000000e+00 2.750000e-01 4.874999e-01 -3.000000e+00 0.000000e+00
0.000000e+00 0.000000e+00 2.750000e-01 5.124999e-01 -3.000000e+00 0.000000e+00
0.000000e+00 0.000000e+00 2.750000e-01 5.374999e-01 -3.000000e+00 0.000000e+00
0.000000e+00 0.000000e+00 2.750000e-01 5.624999e-01 -3.000000e+00 0.000000e+00
4.246811e-04 2.451897e-04 2.750000e-01 5.874999e-01 -3.000000e+00 0.000000e+00
0.000000e+00 0.000000e+00 2.750000e-01 6.124999e-01 -3.000000e+00 0.000000e+00
0.000000e+00 0.000000e+00 2.750000e-01 6.374998e-01 -3.000000e+00 0.000000e+00
0.000000e+00 0.000000e+00 2.750000e-01 6.624998e-01 -3.000000e+00 0.000000e+00
8.304766e-04 3.390411e-04 2.750000e-01 6.874998e-01 -3.000000e+00 0.000000e+00
0.000000e+00 0.000000e+00 2.750000e-01 7.124998e-01 -3.000000e+00 0.000000e+00
0.000000e+00 0.000000e+00 2.750000e-01 7.374998e-01 -3.000000e+00 0.000000e+00
0.000000e+00 0.000000e+00 2.750000e-01 7.624998e-01 -3.000000e+00 0.000000e+00
1.188210e-03 3.960701e-04 2.750000e-01 7.874998e-01 -3.000000e+00 0.000000e+00
4.435852e-03 7.721838e-04 2.750000e-01 8.124998e-01 -3.000000e+00 0.000000e+00
2.388977e-03 5.630878e-04 2.750000e-01 8.374998e-01 -3.000000e+00 0.000000e+00
1.557918e-03 4.497327e-04 2.750000e-01 8.624998e-01 -3.000000e+00 0.000000e+00
0.000000e+00 0.000000e+00 2.750000e-01 8.874998e-01 -3.000000e+00 0.000000e+00
3.874332e-04 2.236847e-04 2.750000e-01 9.124997e-01 -3.000000e+00 0.000000e+00
0.000000e+00 0.000000e+00 2.750000e-01 9.374997e-01 -3.000000e+00 0.000000e+00
3.883980e-04 2.242417e-04 2.750000e-01 9.624997e-01 -3.000000e+00 0.000000e+00
7.632022e-04 3.115770e-04 2.750000e-01 9.874997e-01 -3.000000e+00 0.000000e+00
1.876396e-03 4.844845e-04 2.750000e-01 1.012500e+00 -3.000000e+00 0.000000e+00
3.433035e-03 6.606884e-04 2.750000e-01 1.037500e+00 -3.000000e+00 0.000000e+00
4.887114e-03 7.825653e-04 2.750000e-01 1.062500e+00 -3.000000e+00 0.000000e+00
4.820657e-03 7.719252e-04 2.750000e-01 1.087500e+00 -3.000000e+00 0.000000e+00
2.212812e-03 5.215660e-04 2.750000e-01 1.112500e+00 -3.000000e+00 0.000000e+00
3.684806e-04 2.127424e-04 2.750000e-01 1.137500e+00 -3.000000e+00 0.000000e+00
3.635066e-04 2.098706e-04 2.750000e-01 1.162500e+00 -3.000000e+00 0.000000e+00
3.634680e-04 2.098483e-04 2.750000e-01 1.187500e+00 -3.000000e+00 0.000000e+00
1.078213e-03 3.594051e-04 2.750000e-01 1.212500e+00 -3.000000e+00 0.000000e+00
1.431766e-03 4.133171e-04 2.750000e-01 1.237500e+00 -3.000000e+00 0.000000e+00
3.208429e-03 6.174636e-04 2.750000e-01 1.262500e+00 -3.000000e+00 0.000000e+00
2.802621e-03 5.720849e-04 2.750000e-01 1.287500e+00 -3.000000e+00 0.000000e+00
3.485775e-04 2.012513e-04 2.750000e-01 1.312500e+00 -3.000000e+00 0.000000e+00
3.446917e-04 1.990079e-04 2.750000e-01 1.337500e+00 -3.000000e+00 0.000000e+00
0.000000e+00 0.000000e+00 2.750000e-01 1.362500e+00 -3.000000e+00 0.000000e+00
0.000000e+00 0.000000e+00 2.750000e-01 1.387500e+00 -3.000000e+00 0.000000e+00
3.361433e-04 1.940724e-04 2.750000e-01 1.412500e+00 -3.000000e+00 0.000000e+00
3.357846e-04 1.938653e-04 2.750000e-01 1.437500e+00 -3.000000e+00 0.000000e+00
0.000000e+00 0.000000e+00 2.750000e-01 1.462500e+00 -3.000000e+00 0.000000e+00
0.000000e+00 0.000000e+00 2.750000e-01 1.487500e+00 -3.000000e+00 0.000000e+00
3.255450e-04 1.879535e-04 2.750000e-01 1.512500e+00 -3.000000e+00 0.000000e+00
0.000000e+00 0.000000e+00 2.750000e-01 1.537500e+00 -3.000000e+00 0.000000e+00
0.000000e+00 0.000000e+00 2.750000e-01 1.562500e+00 -3.000000e+00 0.000000e+00
0.000000e+00 0.000000e+00 2.750000e-01 1.587500e+00 -3.000000e+00 0.000000e+00
0.000000e+00 0.000000e+00 2.750000e-01 1.612499e+00 -3.000000e+00 0.000000e+00
0.000000e+00 0.000000e+00 2.750000e-01 1.637499e+00 -3.000000e+00 0.000000e+00
0.000000e+00 0.000000e+00 2.750000e-01 1.662499e+00 -3.000000e+00 0.000000e+00
0.000000e+00 0.000000e+00 2.750000e-01 1.687499e+00 -3.000000e+00 0.000000e+00
0.000000e+00 0.000000e+00 2.750000e-01 1.712499e+00 -3.000000e+00 0.000000e+00
3.144820e-04 1.815663e-04 2.750000e-01 1.737499e+00 -3.000000e+00 0.000000e+00
3.153966e-04 1.820943e-04 2.750000e-01 1.762499e+00 -3.000000e+00 0.000000e+00
3.145988e-04 1.816337e-04 2.750000e-01 1.787499e+00 -3.000000e+00 0.000000e+00
0.000000e+00 0.000000e+00 2.750000e-01 1.812499e+00 -3.000000e+00 0.000000e+00
3.174660e-04 1.832891e-04 2.750000e-01 1.837499e+00 -3.000000e+00 0.000000e+00
0.000000e+00 0.000000e+00 2.750000e-01 1.862499e+00 -3.000000e+00 0.000000e+00
0.000000e+00 0.000000e+00 2.750000e-01 1.887499e+00 -3.000000e+00 0.000000e+00
0.000000e+00 0.000000e+00 2.750000e-01 1.912499e+00 -3.000000e+00 0.000000e+00
0.000000e+00 0.000000e+00 2.750000e-01 1.937499e+00 -3.000000e+00 0.000000e+00
0.000000e+00 0.000000e+00 2.750000e-01 1.962499e+00 -3.000000e+00 0.000000e+00
9.496616e-04 3.165563e-04 2.750000e-01 1.987499e+00 -3.000000e+00 0.000000e+00
4.530552e-04 2.615715e-04 2.850000e-01 2.125000e-01 -3.000000e+00 0.000000e+00
0.000000e+00 0.000000e+00 2.850000e-01 2.375000e-01 -3.000000e+00 0.000000e+00
0.000000e+00 0.000000e+00 2.850000e-01 2.625000e-01 -3.000000e+00 0.000000e+00
8.792809e-04 3.589652e-04 2.850000e-01 2.875000e-01 -3.000000e+00 0.000000e+00
8.625785e-04 3.521463e-04 2.850000e-01 3.125000e-01 -3.000000e+00 0.000000e+00
0.000000e+00 0.000000e+00 2.850000e-01 3.375000e-01 -3.000000e+00 0.000000e+00
0.000000e+00 0.000000e+00 2.850000e-01 3.624999e-01 -3.000000e+00 0.000000e+00
0.000000e+00 0.000000e+00 2.850000e-01 3.874999e-01 -3.000000e+00 0.000000e+00
0.000000e+00 0.000000e+00 2.850000e-01 4.124999e-01 -3.000000e+00 0.000000e+00
0.000000e+00 0.000000e+00 2.850000e-01 4.374999e-01 -3.000000e+00 0.000000e+00
4.268710e-04 2.464541e-04 2.850000e-01 4.624999e-01 -3.000000e+00 0.000000e+00
0.000000e+00 0.000000e+00 2.850000e-01 4.874999e-01 -3.000000e+00 0.000000e+00
0.000000e+00 0.000000e+00 2.850000e-01 5.124999e-01 -3.000000e+00 0.000000e+00
0.000000e+00 0.000000e+00 2.850000e-01 5.374999e-01 -3.000000e+00 0.000000e+00
0.000000e+00 0.000000e+00 2.850000e-01 5.624999e-01 -3.000000e+00 0.000000e+00
0.000000e+00 0.000000e+00 2.850000e-01 5.874999e-01 -3.000000e+00 0.000000e+00
0.000000e+00 0.000000e+00 2.850000e-01 6.124999e-01 -3.000000e+00 0.000000e+00
0.000000e+00 0.000000e+00 2.850000e-01 6.374998e-01 -3.000000e+00 0.000000e+00
0.000000e+00 0.000000e+00 2.850000e-01 6.624998e-01 -3.000000e+00 0.000000e+00
0.000000e+00 0.000000e+00 2.850000e-01 6.874998e-01 -3.000000e+00 0.000000e+00
0.000000e+00 0.000000e+00 2.850000e-01 7.124998e-01 -3.000000e+00 0.000000e+00
4.032311e-04 2.328056e-04 2.850000e-01 7.374998e-01 -3.000000e+00 0.000000e+00
1.623547e-03 4.686781e-04 2.850000e-01 7.624998e-01 -3.000000e+00 0.000000e+00
3.200976e-03 6.533980e-04 2.850000e-01 7.874998e-01 -3.000000e+00 0.000000e+00
2.806686e-03 6.124702e-04 2.850000e-01 8.124998e-01 -3.000000e+00 0.000000e+00
1.620495e-03 4.677972e-04 2.850000e-01 8.374998e-01 -3.000000e+00 0.000000e+00
3.937324e-04 2.273215e-04 2.850000e-01 8.624998e-01 -3.000000e+00 0.000000e+00
0.000000e+00 0.000000e+00 2.850000e-01 8.874998e-01 -3.000000e+00 0.000000e+00
7.869188e-04 3.212587e-04 2.850000e-01 9.124997e-01 -3.000000e+00 0.000000e+00
0.000000e+00 0.000000e+00 2.850000e-01 9.374997e-01 -3.000000e+00 0.000000e+00
0.000000e+00 0.000000e+00 2.850000e-01 9.624997e-01 -3.000000e+00 0.000000e+00
0.000000e+00 0.000000e+00 2.850000e-01 9.874997e-01 -3.000000e+00 0.000000e+00
3.043745e-03 6.213027e-04 2.850000e-01 1.012500e+00 -3.000000e+00 0.000000e+00
6.121086e-03 8.835046e-04 2.850000e-01 1.037500e+00 -3.000000e+00 0.000000e+00
5.326952e-03 8.219684e-04 2.850000e-01 1.062500e+00 -3.000000e+00 0.000000e+00
3.725249e-03 6.801351e-04 2.850000e-01 1.087500e+00 -3.000000e+00 0.000000e+00
1.856147e-03 4.792560e-04 2.850000e-01 1.112500e+00 -3.000000e+00 0.000000e+00
7.463477e-04 3.046952e-04 2.850000e-01 1.137500e+00 -3.000000e+00 0.000000e+00
1.105857e-03 3.686193e-04 2.850000e-01 1.162500e+00 -3.000000e+00 0.000000e+00
0.000000e+00 0.000000e+00 2.850000e-01 1.187500e+00 -3.000000e+00 0.000000e+00
7.270908e-04 2.968336e-04 2.850000e-01 1.212500e+00 -3.000000e+00 0.000000e+00
2.897045e-03 5.913579e-04 2.850000e-01 1.237500e+00 -3.000000e+00 0.000000e+00
5.336034e-03 7.954528e-04 2.850000e-01 1.262500e+00 -3.000000e+00 0.000000e+00
1.772366e-03 4.576238e-04 2.850000e-01 1.287500e+00 -3.000000e+00 0.000000e+00
7.053719e-04 2.879691e-04 2.850000e-01 1.312500e+00 -3.000000e+00 0.000000e+00
0.000000e+00 0.000000e+00 2.850000e-01 1.337500e+00 -3.000000e+00 0.000000e+00
0.000000e+00 0.000000e+00 2.850000e-01 1.362500e+00 -3.000000e+00 0.000000e+00
0.000000e+00 0.000000e+00 2.850000e-01 1.387500e+00 -3.000000e+00 0.000000e+00
0.000000e+00 0.000000e+00 2.850000e-01 1.412500e+00 -3.000000e+00 0.000000e+00
0.000000e+00 0.000000e+00 2.850000e-01 1.437500e+00 -3.000000e+00 0.000000e+00
0.000000e+00 0.000000e+00 2.850000e-01 1.462500e+00 -3.000000e+00 0.000000e+00
3.269574e-04 1.887689e-04 2.850000e-01 1.487500e+00 -3.000000e+00 0.000000e+00
0.000000e+00 0.000000e+00 2.850000e-01 1.512500e+00 -3.000000e+00 0.000000e+00
3.261171e-04 1.882838e-04 2.850000e-01 1.537500e+00 -3.000000e+00 0.000000e+00
3.248028e-04 1.875250e-04 2.850000e-01 1.562500e+00 -3.000000e+00 0.000000e+00
0.000000e+00 0.000000e+00 2.850000e-01 1.587500e+00 -3.000000e+00 0.000000e+00
0.000000e+00 0.000000e+00 2.850000e-01 1.612499e+00 -3.000000e+00 0.000000e+00
0.000000e+00 0.000000e+00 2.850000e-01 1.637499e+00 -3.000000e+00 0.000000e+00
0.000000e+00 0.000000e+00 2.850000e-01 1.662499e+00 -3.000000e+00 0.000000e+00
3.164070e-04 1.826777e-04 2.850000e-01 1.687499e+00 -3.000000e+00 0.000000e+00
3.167093e-04 1.828522e-04 2.850000e-01 1.712499e+00 -3.000000e+00 0.000000e+00
3.160447e-04 1.824685e-04 2.850000e-01 1.737499e+00 -3.000000e+00 0.000000e+00
0.000000e+00 0.000000e+00 2.850000e-01 1.762499e+00 -3.000000e+00 0.000000e+00
0.000000e+00 0.000000e+00 2.850000e-01 1.787499e+00 -3.000000e+00 0.000000e+00
0.000000e+00 0.000000e+00 2.850000e-01 1.812499e+00 -3.000000e+00 0.000000e+00
0.000000e+00 0.000000e+00 2.850000e-01 1.837499e+00 -3.000000e+00 0.000000e+00
3.187418e-04 1.840257e-04 2.850000e-01 1.862499e+00 -3.000000e+00 0.000000e+00
0.000000e+00 0.000000e+00 2.850000e-01 1.887499e+00 -3.000000e+00 0.000000e+00
0.000000e+00 0.000000e+00 2.850000e-01 1.912499e+00 -3.000000e+00 0.000000e+00
0.000000e+00 0.000000e+00 2.850000e-01 1.937499e+00 -3.000000e+00 0.000000e+00
3.189193e-04 1.841281e-04 2.850000e-01 1.962499e+00 -3.000000e+00 0.000000e+00
0.000000e+00 0.000000e+00 2.850000e-01 1.987499e+00 -3.000000e+00 0.000000e+00
0.000000e+00 0.000000e+00 2.950000e-01 2.125000e-01 -3.000000e+00 0.000000e+00
0.000000e+00 0.000000e+00 2.950000e-01 2.375000e-01 -3.000000e+00 0.000000e+00
0.000000e+00 0.000000e+00 2.950000e-01 2.625000e-01 -3.000000e+00 0.000000e+00
0.000000e+00 0.000000e+00 2.950000e-01 2.875000e-01 -3.000000e+00 0.000000e+00
4.302196e-04 2.483874e-04 2.950000e-01 3.125000e-01 -3.000000e+00 0.000000e+00
0.000000e+00 0.000000e+00 2.950000e-01 3.375000e-01 -3.000000e+00 0.000000e+00
0.000000e+00 0.000000e+00 2.950000e-01 3.624999e-01 -3.000000e+00 0.000000e+00
0.000000e+00 0.000000e+00 2.950000e-01 3.874999e-01 -3.000000e+00 0.000000e+00
0.000000e+00 0.000000e+00 2.950000e-01 4.124999e-01 -3.000000e+00 0.000000e+00
0.000000e+00 0.000000e+00 2.950000e-01 4.374999e-01 -3.000000e+00 0.000000e+00
0.000000e+00 0.000000e+00 2.950000e-01 4.624999e-01 -3.000000e+00 0.000000e+00
0.000000e+00 0.000000e+00 2.950000e-01 4.874999e-01 -3.000000e+00 0.000000e+00
0.000000e+00 0.000000e+00 2.950000e-01 5.124999e-01 -3.000000e+00 0.000000e+00
0.000000e+00 0.000000e+00 2.950000e-01 5.374999e-01 -3.000000e+00 0.000000e+00
0.000000e+00 0.000000e+00 2.950000e-01 5.624999e-01 -3.000000e+00 0.000000e+00
0.000000e+00 0.000000e+00 2.950000e-01 5.874999e-01 -3.000000e+00 0.000000e+00
4.215626e-04 2.433893e-04 2.950000e-01 6.124999e-01 -3.000000e+00 0.000000e+00
0.000000e+00 0.000000e+00 2.950000e-01 6.374998e-01 -3.000000e+00 0.000000e+00
4.125546e-04 2.381885e-04 2.950000e-01 6.624998e-01 -3.000000e+00 0.000000e+00
0.000000e+00 0.000000e+00 2.950000e-01 6.874998e-01 -3.000000e+00 0.000000e+00
0.000000e+00 0.000000e+00 2.950000e-01 7.124998e-01 -3.000000e+00 0.000000e+00
1.224332e-03 4.081110e-04 2.950000e-01 7.374998e-01 -3.000000e+00 0.000000e+00
8.131949e-04 3.319862e-04 2.950000e-01 7.624998e-01 -3.000000e+00 0.000000e+00
1.615768e-03 4.664332e-04 2.950000e-01 7.874998e-01 -3.000000e+00 0.000000e+00
2.020320e-03 5.216447e-04 2.950000e-01 8.124998e-01 -3.000000e+00 0.000000e+00
1.636381e-03 4.723827e-04 2.950000e-01 8.374998e-01 -3.000000e+00 0.000000e+00
3.963220e-04 2.288166e-04 2.950000e-01 8.624998e-01 -3.000000e+00 0.000000e+00
1.178405e-03 3.928019e-04 2.950000e-01 8.874998e-01 -3.000000e+00 0.000000e+00
0.000000e+00 0.000000e+00 2.950000e-01 9.124997e-01 -3.000000e+00 0.000000e+00
0.000000e+00 0.000000e+00 2.950000e-01 9.374997e-01 -3.000000e+00 0.000000e+00
0.000000e+00 0.000000e+00 2.950000e-01 9.624997e-01 -3.000000e+00 0.000000e+00
3.838329e-04 2.216060e-04 2.950000e-01 9.874997e-01 -3.000000e+00 0.000000e+00
4.609470e-03 7.682464e-04 2.950000e-01 1.012500e+00 -3.000000e+00 0.000000e+00
5.003649e-03 8.012274e-04 2.950000e-01 1.037500e+00 -3.000000e+00 0.000000e+00
5.757417e-03 8.582671e-04 2.950000e-01 1.062500e+00 -3.000000e+00 0.000000e+00
1.880846e-03 4.856325e-04 2.950000e-01 1.087500e+00 -3.000000e+00 0.000000e+00
1.495270e-03 4.316479e-04 2.950000e-01 1.112500e+00 -3.000000e+00 0.000000e+00
0.000000e+00 0.000000e+00 2.950000e-01 1.137500e+00 -3.000000e+00 0.000000e+00
3.725298e-04 2.150802e-04 2.950000e-01 1.162500e+00 -3.000000e+00 0.000000e+00
0.000000e+00 0.000000e+00 2.950000e-01 1.187500e+00 -3.000000e+00 0.000000e+00
1.833504e-03 4.734091e-04 2.950000e-01 1.212500e+00 -3.000000e+00 0.000000e+00
3.263082e-03 6.279817e-04 2.950000e-01 1.237500e+00 -3.000000e+00 0.000000e+00
2.879028e-03 5.876807e-04 2.950000e-01 1.262500e+00 -3.000000e+00 0.000000e+00
2.503703e-03 5.463536e-04 2.950000e-01 1.287500e+00 -3.000000e+00 0.000000e+00
1.772790e-03 4.577336e-04 2.950000e-01 1.312500e+00 -3.000000e+00 0.000000e+00
0.000000e+00 0.000000e+00 2.950000e-01 1.337500e+00 -3.000000e+00 0.000000e+00
6.965734e-04 2.843759e-04 2.950000e-01 1.362500e+00 -3.000000e+00 0.000000e+00
0.000000e+00 0.000000e+00 2.950000e-01 1.387500e+00 -3.000000e+00 0.000000e+00
0.000000e+00 0.000000e+00 2.950000e-01 1.412500e+00 -3.000000e+00 0.000000e+00
1.024846e-03 3.416156e-04 2.950000e-01 1.437500e+00 -3.000000e+00 0.000000e+00
0.000000e+00 0.000000e+00 2.950000e-01 1.462500e+00 -3.000000e+00 0.000000e+00
3.319965e-04 1.916783e-04 2.950000e-01 1.487500e+00 -3.000000e+00 0.000000e+00
3.313364e-04 1.912971e-04 2.950000e-01 1.512500e+00 -3.000000e+00 0.000000e+00
0.000000e+00 0.000000e+00 2.950000e-01 1.537500e+00 -3.000000e+00 0.000000e+00
0.000000e+00 0.000000e+00 2.950000e-01 1.562500e+00 -3.000000e+00 0.000000e+00
0.000000e+00 0.000000e+00 2.950000e-01 1.587500e+00 -3.000000e+00 0.000000e+00
3.229271e-04 1.864421e-04 2.950000e-01 1.612499e+00 -3.000000e+00 0.000000e+00
0.000000e+00 0.000000e+00 2.950000e-01 1.637499e+00 -3.000000e+00 0.000000e+00
0.000000e+00 0.000000e+00 2.950000e-01 1.662499e+00 -3.000000e+00 0.000000e+00
0.000000e+00 0.000000e+00 2.950000e-01 1.687499e+00 -3.000000e+00 0.000000e+00
0.000000e+00 0.000000e+00 2.950000e-01 1.712499e+00 -3.000000e+00 0.000000e+00
3.180719e-04 1.836389e-04 2.950000e-01 1.737499e+00 -3.000000e+00 0.000000e+00
3.209374e-04 1.852933e-04 2.950000e-01 1.762499e+00 -3.000000e+00 0.000000e+00
0.000000e+00 0.000000e+00 2.950000e-01 1.787499e+00 -3.000000e+00 0.000000e+00
0.000000e+00 0.000000e+00 2.950000e-01 1.812499e+00 -3.000000e+00 0.000000e+00
3.217274e-04 1.857494e-04 2.950000e-01 1.837499e+00 -3.000000e+00 0.000000e+00
0.000000e+00 0.000000e+00 2.950000e-01 1.862499e+00 -3.000000e+00 0.000000e+00
3.210080e-04 1.853340e-04 2.950000e-01 1.887499e+00 -3.000000e+00 0.000000e+00
3.237195e-04 1.868995e-04 2.950000e-01 1.912499e+00 -3.000000e+00 0.000000e+00
3.191562e-04 1.842649e-04 2.950000e-01 1.937499e+00 -3.000000e+00 0.000000e+00
6.422567e-04 2.622011e-04 2.950000e-01 1.962499e+00 -3.000000e+00 0.000000e+00
3.248608e-04 1.875585e-04 2.950000e-01 1.987499e+00 -3.000000e+00 0.000000e+00
0.000000e+00 0.000000e+00 3.050000e-01 2.125000e-01 -3.000000e+00 0.000000e+00
0.000000e+00 0.000000e+00 3.050000e-01 2.375000e-01 -3.000000e+00 0.000000e+00
0.000000e+00 0.000000e+00 3.050000e-01 2.625000e-01 -3.000000e+00 0.000000e+00
0.000000e+00 0.000000e+00 3.050000e-01 2.875000e-01 -3.000000e+00 0.000000e+00
0.000000e+00 0.000000e+00 3.050000e-01 3.125000e-01 -3.000000e+00 0.000000e+00
0.000000e+00 0.000000e+00 3.050000e-01 3.375000e-01 -3.000000e+00 0.000000e+00
0.000000e+00 0.000000e+00 3.050000e-01 3.624999e-01 -3.000000e+00 0.000000e+00
0.000000e+00 0.000000e+00 3.050000e-01 3.874999e-01 -3.000000e+00 0.000000e+00
0.000000e+00 0.000000e+00 3.050000e-01 4.124999e-01 -3.000000e+00 0.000000e+00
0.000000e+00 0.000000e+00 3.050000e-01 4.374999e-01 -3.000000e+00 0.000000e+00
0.000000e+00 0.000000e+00 3.050000e-01 4.624999e-01 -3.000000e+00 0.000000e+00
4.314838e-04 2.491173e-04 3.050000e-01 4.874999e-01 -3.000000e+00 0.000000e+00
0.000000e+00 0.000000e+00 3.050000e-01 5.124999e-01 -3.000000e+00 0.000000e+00
0.000000e+00 0.000000e+00 3.050000e-01 5.374999e-01 -3.000000e+00 0.000000e+00
4.294844e-04 2.479629e-04 3.050000e-01 5.624999e-01 -3.000000e+00 0.000000e+00
4.272751e-04 2.466874e-04 3.050000e-01 5.874999e-01 -3.000000e+00 0.000000e+00
0.000000e+00 0.000000e+00 3.050000e-01 6.124999e-01 -3.000000e+00 0.000000e+00
4.201472e-04 2.425721e-04 3.050000e-01 6.374998e-01 -3.000000e+00 0.000000e+00
4.190214e-04 2.419221e-04 3.050000e-01 6.624998e-01 -3.000000e+00 0.000000e+00
0.000000e+00 0.000000e+00 3.050000e-01 6.874998e-01 -3.000000e+00 0.000000e+00
0.000000e+00 0.000000e+00 3.050000e-01 7.124998e-01 -3.000000e+00 0.000000e+00
8.282387e-04 3.381271e-04 3.050000e-01 7.374998e-01 -3.000000e+00 0.000000e+00
2.042186e-03 5.272910e-04 3.050000e-01 7.624998e-01 -3.000000e+00 0.000000e+00
4.090055e-03 7.467400e-04 3.050000e-01 7.874998e-01 -3.000000e+00 0.000000e+00
1.629380e-03 4.703621e-04 3.050000e-01 8.124998e-01 -3.000000e+00 0.000000e+00
0.000000e+00 0.000000e+00 3.050000e-01 8.374998e-01 -3.000000e+00 0.000000e+00
0.000000e+00 0.000000e+00 3.050000e-01 8.624998e-01 -3.000000e+00 0.000000e+00
0.000000e+00 0.000000e+00 3.050000e-01 8.874998e-01 -3.000000e+00 0.000000e+00
7.926508e-04 3.235983e-04 3.050000e-01 9.124997e-01 -3.000000e+00 0.000000e+00
3.971751e-04 2.293091e-04 3.050000e-01 9.374997e-01 -3.000000e+00 0.000000e+00
0.000000e+00 0.000000e+00 3.050000e-01 9.624997e-01 -3.000000e+00 0.000000e+00
3.871285e-04 2.235087e-04 3.050000e-01 9.874997e-01 -3.000000e+00 0.000000e+00
2.729012e-03 5.955195e-04 3.050000e-01 1.012500e+00 -3.000000e+00 0.000000e+00
3.859778e-03 7.046968e-04 3.050000e-01 1.037500e+00 -3.000000e+00 0.000000e+00
4.208162e-03 7.325482e-04 3.050000e-01 1.062500e+00 -3.000000e+00 0.000000e+00
2.674931e-03 5.837191e-04 3.050000e-01 1.087500e+00 -3.000000e+00 0.000000e+00
1.893990e-03 4.890272e-04 3.050000e-01 1.112500e+00 -3.000000e+00 0.000000e+00
3.759382e-04 2.170480e-04 3.050000e-01 1.137500e+00 -3.000000e+00 0.000000e+00
1.118291e-03 3.727638e-04 3.050000e-01 1.162500e+00 -3.000000e+00 0.000000e+00
1.494936e-03 4.315512e-04 3.050000e-01 1.187500e+00 -3.000000e+00 0.000000e+00
1.857547e-03 4.796175e-04 3.050000e-01 1.212500e+00 -3.000000e+00 0.000000e+00
3.986934e-03 6.940378e-04 3.050000e-01 1.237500e+00 -3.000000e+00 0.000000e+00
2.167547e-03 5.108969e-04 3.050000e-01 1.262500e+00 -3.000000e+00 0.000000e+00
1.437052e-03 4.148425e-04 3.050000e-01 1.287500e+00 -3.000000e+00 0.000000e+00
3.555531e-04 2.052787e-04 3.050000e-01 1.312500e+00 -3.000000e+00 0.000000e+00
0.000000e+00 0.000000e+00 3.050000e-01 1.337500e+00 -3.000000e+00 0.000000e+00
3.516297e-04 2.030135e-04 3.050000e-01 1.362500e+00 -3.000000e+00 0.000000e+00
0.000000e+00 0.000000e+00 3.050000e-01 1.387500e+00 -3.000000e+00 0.000000e+00
3.460398e-04 1.997862e-04 3.050000e-01 1.412500e+00 -3.000000e+00 0.000000e+00
0.000000e+00 0.000000e+00 3.050000e-01 1.437500e+00 -3.000000e+00 0.000000e+00
0.000000e+00 0.000000e+00 3.050000e-01 1.462500e+00 -3.000000e+00 0.000000e+00
0.000000e+00 0.000000e+00 3.050000e-01 1.487500e+00 -3.000000e+00 0.000000e+00
3.323023e-04 1.918548e-04 3.050000e-01 1.512500e+00 -3.000000e+00 0.000000e+00
0.000000e+00 0.000000e+00 3.050000e-01 1.537500e+00 -3.000000e+00 0.000000e+00
6.621355e-04 2.703158e-04 3.050000e-01 1.562500e+00 -3.000000e+00 0.000000e+00
3.319254e-04 1.916372e-04 3.050000e-01 1.587500e+00 -3.000000e+00 0.000000e+00
0.000000e+00 0.000000e+00 3.050000e-01 1.612499e+00 -3.000000e+00 0.000000e+00
6.504349e-04 2.655397e-04 3.050000e-01 1.637499e+00 -3.000000e+00 0.000000e+00
0.000000e+00 0.000000e+00 3.050000e-01 1.662499e+00 -3.000000e+00 0.000000e+00
3.243194e-04 1.872459e-04 3.050000e-01 1.687499e+00 -3.000000e+00 0.000000e+00
0.000000e+00 0.000000e+00 3.050000e-01 1.712499e+00 -3.000000e+00 0.000000e+00
3.225530e-04 1.862261e-04 3.050000e-01 1.737499e+00 -3.000000e+00 0.000000e+00
0.000000e+00 0.000000e+00 3.050000e-01 1.762499e+00 -3.000000e+00 0.000000e+00
0.000000e+00 0.000000e+00 3.050000e-01 1.787499e+00 -3.000000e+00 0.000000e+00
0.000000e+00 0.000000e+00 3.050000e-01 1.812499e+00 -3.000000e+00 0.000000e+00
0.000000e+00 0.000000e+00 3.050000e-01 1.837499e+00 -3.000000e+00 0.000000e+00
0.000000e+00 0.000000e+00 3.050000e-01 1.862499e+00 -3.000000e+00 0.000000e+00
0.000000e+00 0.000000e+00 3.050000e-01 1.887499e+00 -3.000000e+00 0.000000e+00
6.443932e-04 2.630726e-04 3.050000e-01 1.912499e+00 -3.000000e+00 0.000000e+00
3.229146e-04 1.864348e-04 3.050000e-01 1.937499e+00 -3.000000e+00 0.000000e+00
3.244306e-04 1.873101e-04 3.050000e-01 1.962499e+00 -3.000000e+00 0.000000e+00
6.535313e-04 2.668047e-04 3.050000e-01 1.987499e+00 -3.000000e+00 0.000000e+00
0.000000e+00 0.000000e+00 3.150000e-01 2.125000e-01 -3.000000e+00 0.000000e+00
4.618457e-04 2.666467e-04 3.150000e-01 2.375000e-01 -3.000000e+00 0.000000e+00
0.000000e+00 0.000000e+00 3.150000e-01 2.625000e-01 -3.000000e+00 0.000000e+00
4.507955e-04 2.602669e-04 3.150000e-01 2.875000e-01 -3.000000e+00 0.000000e+00
0.000000e+00 0.000000e+00 3.150000e-01 3.125000e-01 -3.000000e+00 0.000000e+00
0.000000e+00 0.000000e+00 3.150000e-01 3.375000e-01 -3.000000e+00 0.000000e+00
0.000000e+00 0.000000e+00 3.150000e-01 3.624999e-01 -3.000000e+00 0.000000e+00
0.000000e+00 0.000000e+00 3.150000e-01 3.874999e-01 -3.000000e+00 0.000000e+00
4.408708e-04 2.545369e-04 3.150000e-01 4.124999e-01 -3.000000e+00 0.000000e+00
0.000000e+00 0.000000e+00 3.150000e-01 4.374999e-01 -3.000000e+00 0.000000e+00
0.000000e+00 0.000000e+00 3.150000e-01 4.624999e-01 -3.000000e+00 0.000000e+00
0.000000e+00 0.000000e+00 3.150000e-01 4.874999e-01 -3.000000e+00 0.000000e+00
0.000000e+00 0.000000e+00 3.150000e-01 5.124999e-01 -3.000000e+00 0.000000e+00
0.000000e+00 0.000000e+00 3.150000e-01 5.374999e-01 -3.000000e+00 0.000000e+00
0.000000e+00 0.000000e+00 3.150000e-01 5.624999e-01 -3.000000e+00 0.000000e+00
1.282394e-03 4.274649e-04 3.150000e-01 5.874999e-01 -3.000000e+00 0.000000e+00
4.290354e-04 2.477037e-04 3.150000e-01 6.124999e-01 -3.000000e+00 0.000000e+00
0.000000e+00 0.000000e+00 3.150000e-01 6.374998e-01 -3.000000e+00 0.000000e+00
4.227606e-04 2.440809e-04 3.150000e-01 6.624998e-01 -3.000000e+00 0.000000e+00
0.000000e+00 0.000000e+00 3.150000e-01 6.874998e-01 -3.000000e+00 0.000000e+00
8.423944e-04 3.439064e-04 3.150000e-01 7.124998e-01 -3.000000e+00 0.000000e+00
4.161064e-04 2.402392e-04 3.150000e-01 7.374998e-01 -3.000000e+00 0.000000e+00
2.477970e-03 5.840632e-04 3.150000e-01 7.624998e-01 -3.000000e+00 0.000000e+00
2.066750e-03 5.336333e-04 3.150000e-01 7.874998e-01 -3.000000e+00 0.000000e+00
5.310852e-03 8.504184e-04 3.150000e-01 8.124998e-01 -3.000000e+00 0.000000e+00
1.226212e-03 4.087376e-04 3.150000e-01 8.374998e-01 -3.000000e+00 0.000000e+00
4.072144e-04 2.351053e-04 3.150000e-01 8.624998e-01 -3.000000e+00 0.000000e+00
0.000000e+00 0.000000e+00 3.150000e-01 8.874998e-01 -3.000000e+00 0.000000e+00
0.000000e+00 0.000000e+00 3.150000e-01 9.124997e-01 -3.000000e+00 0.000000e+00
0.000000e+00 0.000000e+00 3.150000e-01 9.374997e-01 -3.000000e+00 0.000000e+00
7.872437e-04 3.213910e-04 3.150000e-01 9.624997e-01 -3.000000e+00 0.000000e+00
7.912671e-04 3.230337e-04 3.150000e-01 9.874997e-01 -3.000000e+00 0.000000e+00
2.775486e-03 6.056615e-04 3.150000e-01 1.012500e+00 -3.000000e+00 0.000000e+00
2.679514e-03 5.847190e-04 3.150000e-01 1.037500e+00 -3.000000e+00 0.000000e+00
4.256186e-03 7.409087e-04 3.150000e-01 1.062500e+00 -3.000000e+00 0.000000e+00
2.704872e-03 5.902526e-04 3.150000e-01 1.087500e+00 -3.000000e+00 0.000000e+00
3.799043e-04 2.193379e-04 3.150000e-01 1.112500e+00 -3.000000e+00 0.000000e+00
3.793223e-04 2.190018e-04 3.150000e-01 1.137500e+00 -3.000000e+00 0.000000e+00
3.744678e-04 2.161991e-04 3.150000e-01 1.162500e+00 -3.000000e+00 0.000000e+00
1.122424e-03 3.741417e-04 3.150000e-01 1.187500e+00 -3.000000e+00 0.000000e+00
2.604180e-03 5.682800e-04 3.150000e-01 1.212500e+00 -3.000000e+00 0.000000e+00
4.410442e-03 7.350763e-04 3.150000e-01 1.237500e+00 -3.000000e+00 0.000000e+00
2.573199e-03 5.615194e-04 3.150000e-01 1.262500e+00 -3.000000e+00 0.000000e+00
7.184591e-04 2.933103e-04 3.150000e-01 1.287500e+00 -3.000000e+00 0.000000e+00
3.599073e-04 2.077926e-04 3.150000e-01 1.312500e+00 -3.000000e+00 0.000000e+00
1.075426e-03 3.584758e-04 3.150000e-01 1.337500e+00 -3.000000e+00 0.000000e+00
3.540696e-04 2.044222e-04 3.150000e-01 1.362500e+00 -3.000000e+00 0.000000e+00
0.000000e+00 0.000000e+00 3.150000e-01 1.387500e+00 -3.000000e+00 0.000000e+00
3.473050e-04 2.005167e-04 3.150000e-01 1.412500e+00 -3.000000e+00 0.000000e+00
3.437024e-04 1.984367e-04 3.150000e-01 1.437500e+00 -3.000000e+00 0.000000e+00
0.000000e+00 0.000000e+00 3.150000e-01 1.462500e+00 -3.000000e+00 0.000000e+00
6.717526e-04 2.742425e-04 3.150000e-01 1.487500e+00 -3.000000e+00 0.000000e+00
0.000000e+00 0.000000e+00 3.150000e-01 1.512500e+00 -3.000000e+00 0.000000e+00
0.000000e+00 0.000000e+00 3.150000e-01 1.537500e+00 -3.000000e+00 0.000000e+00
0.000000e+00 0.000000e+00 3.150000e-01 1.562500e+00 -3.000000e+00 0.000000e+00
0.000000e+00 0.000000e+00 3.150000e-01 1.587500e+00 -3.000000e+00 0.000000e+00
0.000000e+00 0.000000e+00 3.150000e-01 1.612499e+00 -3.000000e+00 0.000000e+00
0.000000e+00 0.000000e+00 3.150000e-01 1.637499e+00 -3.000000e+00 0.000000e+00
0.000000e+00 0.000000e+00 3.150000e-01 1.662499e+00 -3.000000e+00 0.000000e+00
3.286393e-04 1.897400e-04 3.150000e-01 1.687499e+00 -3.000000e+00 0.000000e+00
3.255652e-04 1.879651e-04 3.150000e-01 1.712499e+00 -3.000000e+00 0.000000e+00
0.000000e+00 0.000000e+00 3.150000e-01 1.737499e+00 -3.000000e+00 0.000000e+00
3.249166e-04 1.875907e-04 3.150000e-01 1.762499e+00 -3.000000e+00 0.000000e+00
3.271072e-04 1.888554e-04 3.150000e-01 1.787499e+00 -3.000000e+00 0.000000e+00
0.000000e+00 0.000000e+00 3.150000e-01 1.812499e+00 -3.000000e+00 0.000000e+00
6.489090e-04 2.649191e-04 3.150000e-01 1.837499e+00 -3.000000e+00 0.000000e+00
0.000000e+00 0.000000e+00 3.150000e-01 1.862499e+00 -3.000000e+00 0.000000e+00
0.000000e+00 0.000000e+00 3.150000e-01 1.887499e+00 -3.000000e+00 0.000000e+00
3.283836e-04 1.895924e-04 3.150000e-01 1.912499e+00 -3.000000e+00 0.000000e+00
0.000000e+00 0.000000e+00 3.150000e-01 1.937499e+00 -3.000000e+00 0.000000e+00
0.000000e+00 0.000000e+00 3.150000e-01 1.962499e+00 -3.000000e+00 0.000000e+00
0.000000e+00 0.000000e+00 3.150000e-01 1.987499e+00 -3.000000e+00 0.000000e+00
0.000000e+00 0.000000e+00 3.250000e-01 2.125000e-01 -3.000000e+00 0.000000e+00
0.000000e+00 0.000000e+00 3.250000e-01 2.375000e-01 -3.000000e+00 0.000000e+00
0.000000e+00 0.000000e+00 3.250000e-01 2.625000e-01 -3.000000e+00 0.000000e+00
0.000000e+00 0.000000e+00 3.250000e-01 2.875000e-01 -3.000000e+00 0.000000e+00
0.000000e+00 0.000000e+00 3.250000e-01 3.125000e-01 -3.000000e+00 0.000000e+00
0.000000e+00 0.000000e+00 3.250000e-01 3.375000e-01 -3.000000e+00 0.000000e+00
0.000000e+00 0.000000e+00 3.250000e-01 3.624999e-01 -3.000000e+00 0.000000e+00
0.000000e+00 0.000000e+00 3.250000e-01 3.874999e-01 -3.000000e+00 0.000000e+00
0.000000e+00 0.000000e+00 3.250000e-01 4.124999e-01 -3.000000e+00 0.000000e+00
0.000000e+00 0.000000e+00 3.250000e-01 4.374999e-01 -3.000000e+00 0.000000e+00
0.000000e+00 0.000000e+00 3.250000e-01 4.624999e-01 -3.000000e+00 0.000000e+00
0.000000e+00 0.000000e+00 3.250000e-01 4.874999e-01 -3.000000e+00 0.000000e+00
0.000000e+00 0.000000e+00 3.250000e-01 5.124999e-01 -3.000000e+00 0.000000e+00
4.374046e-04 2.525357e-04 3.250000e-01 5.374999e-01 -3.000000e+00 0.000000e+00
0.000000e+00 0.000000e+00 3.250000e-01 5.624999e-01 -3.000000e+00 0.000000e+00
0.000000e+00 0.000000e+00 3.250000e-01 5.874999e-01 -3.000000e+00 0.000000e+00
4.315963e-04 2.491822e-04 3.250000e-01 6.124999e-01 -3.000000e+00 0.000000e+00
0.000000e+00 0.000000e+00 3.250000e-01 6.374998e-01 -3.000000e+00 0.000000e+00
0.000000e+00 0.000000e+00 3.250000e-01 6.624998e-01 -3.000000e+00 0.000000e+00
0.000000e+00 0.000000e+00 3.250000e-01 6.874998e-01 -3.000000e+00 0.000000e+00
0.000000e+00 0.000000e+00 3.250000e-01 7.124998e-01 -3.000000e+00 0.000000e+00
8.407687e-04 3.432431e-04 3.250000e-01 7.374998e-01 -3.000000e+00 0.000000e+00
1.260137e-03 4.200456e-04 3.250000e-01 7.624998e-01 -3.000000e+00 0.000000e+00
3.726324e-03 7.171325e-04 3.250000e-01 7.874998e-01 -3.000000e+00 0.000000e+00
1.656577e-03 4.782127e-04 3.250000e-01 8.124998e-01 -3.000000e+00 0.000000e+00
8.186201e-04 3.342003e-04 3.250000e-01 8.374998e-01 -3.000000e+00 0.000000e+00
0.000000e+00 0.000000e+00 3.250000e-01 8.624998e-01 -3.000000e+00 0.000000e+00
8.248197e-04 3.367313e-04 3.250000e-01 8.874998e-01 -3.000000e+00 0.000000e+00
0.000000e+00 0.000000e+00 3.250000e-01 9.124997e-01 -3.000000e+00 0.000000e+00
0.000000e+00 0.000000e+00 3.250000e-01 9.374997e-01 -3.000000e+00 0.000000e+00
0.000000e+00 0.000000e+00 3.250000e-01 9.624997e-01 -3.000000e+00 0.000000e+00
1.986523e-03 5.129191e-04 3.250000e-01 9.874997e-01 -3.000000e+00 0.000000e+00
5.586437e-03 8.620076e-04 3.250000e-01 1.012500e+00 -3.000000e+00 0.000000e+00
5.424470e-03 8.370155e-04 3.250000e-01 1.037500e+00 -3.000000e+00 0.000000e+00
1.949781e-03 5.034329e-04 3.250000e-01 1.062500e+00 -3.000000e+00 0.000000e+00
3.481106e-03 6.699407e-04 3.250000e-01 1.087500e+00 -3.000000e+00 0.000000e+00
1.161270e-03 3.870913e-04 3.250000e-01 1.112500e+00 -3.000000e+00 0.000000e+00
3.788971e-04 2.187563e-04 3.250000e-01 1.137500e+00 -3.000000e+00 0.000000e+00
0.000000e+00 0.000000e+00 3.250000e-01 1.162500e+00 -3.000000e+00 0.000000e+00
0.000000e+00 0.000000e+00 3.250000e-01 1.187500e+00 -3.000000e+00 0.000000e+00
7.424266e-04 3.030945e-04 3.250000e-01 1.212500e+00 -3.000000e+00 0.000000e+00
3.009653e-03 6.143449e-04 3.250000e-01 1.237500e+00 -3.000000e+00 0.000000e+00
1.466676e-03 4.233932e-04 3.250000e-01 1.262500e+00 -3.000000e+00 0.000000e+00
1.083152e-03 3.610524e-04 3.250000e-01 1.287500e+00 -3.000000e+00 0.000000e+00
3.681204e-04 2.125344e-04 3.250000e-01 1.312500e+00 -3.000000e+00 0.000000e+00
1.433995e-03 4.139589e-04 3.250000e-01 1.337500e+00 -3.000000e+00 0.000000e+00
0.000000e+00 0.000000e+00 3.250000e-01 1.362500e+00 -3.000000e+00 0.000000e+00
0.000000e+00 0.000000e+00 3.250000e-01 1.387500e+00 -3.000000e+00 0.000000e+00
0.000000e+00 0.000000e+00 3.250000e-01 1.412500e+00 -3.000000e+00 0.000000e+00
0.000000e+00 0.000000e+00 3.250000e-01 1.437500e+00 -3.000000e+00 0.000000e+00
3.446880e-04 1.990057e-04 3.250000e-01 1.462500e+00 -3.000000e+00 0.000000e+00
3.405706e-04 1.966285e-04 3.250000e-01 1.487500e+00 -3.000000e+00 0.000000e+00
0.000000e+00 0.000000e+00 3.250000e-01 1.512500e+00 -3.000000e+00 0.000000e+00
3.369329e-04 1.945283e-04 3.250000e-01 1.537500e+00 -3.000000e+00 0.000000e+00
0.000000e+00 0.000000e+00 3.250000e-01 1.562500e+00 -3.000000e+00 0.000000e+00
0.000000e+00 0.000000e+00 3.250000e-01 1.587500e+00 -3.000000e+00 0.000000e+00
3.355430e-04 1.937258e-04 3.250000e-01 1.612499e+00 -3.000000e+00 0.000000e+00
3.322222e-04 1.918086e-04 3.250000e-01 1.637499e+00 -3.000000e+00 0.000000e+00
3.310461e-04 1.911295e-04 3.250000e-01 1.662499e+00 -3.000000e+00 0.000000e+00
0.000000e+00 0.000000e+00 3.250000e-01 1.687499e+00 -3.000000e+00 0.000000e+00
3.274587e-04 1.890584e-04 3.250000e-01 1.712499e+00 -3.000000e+00 0.000000e+00
3.249806e-04 1.876277e-04 3.250000e-01 1.737499e+00 -3.000000e+00 0.000000e+00
0.000000e+00 0.000000e+00 3.250000e-01 1.762499e+00 -3.000000e+00 0.000000e+00
6.515411e-04 2.659908e-04 3.250000e-01 1.787499e+00 -3.000000e+00 0.000000e+00
0.000000e+00 0.000000e+00 3.250000e-01 1.812499e+00 -3.000000e+00 0.000000e+00
3.268780e-04 1.887231e-04 3.250000e-01 1.837499e+00 -3.000000e+00 0.000000e+00
3.275218e-04 1.890948e-04 3.250000e-01 1.862499e+00 -3.000000e+00 0.000000e+00
3.308036e-04 1.909895e-04 3.250000e-01 1.887499e+00 -3.000000e+00 0.000000e+00
0.000000e+00 0.000000e+00 3.250000e-01 1.912499e+00 -3.000000e+00 0.000000e+00
3.309830e-04 1.910931e-04 3.250000e-01 1.937499e+00 -3.000000e+00 0.000000e+00
0.000000e+00 0.000000e+00 3.250000e-01 1.962499e+00 -3.000000e+00 0.000000e+00
0.000000e+00 0.000000e+00 3.250000e-01 1.987499e+00 -3.000000e+00 0.000000e+00
4.570325e-04 2.638678e-04 3.350000e-01 2.125000e-01 -3.000000e+00 0.000000e+00
0.000000e+00 0.000000e+00 3.350000e-01 2.375000e-01 -3.000000e+00 0.000000e+00
0.000000e+00 0.000000e+00 3.350000e-01 2.625000e-01 -3.000000e+00 0.000000e+00
0.000000e+00 0.000000e+00 3.350000e-01 2.875000e-01 -3.000000e+00 0.000000e+00
0.000000e+00 0.000000e+00 3.350000e-01 3.125000e-01 -3.000000e+00 0.000000e+00
0.000000e+00 0.000000e+00 3.350000e-01 3.375000e-01 -3.000000e+00 0.000000e+00
0.000000e+00 0.000000e+00 3.350000e-01 3.624999e-01 -3.000000e+00 0.000000e+00
0.000000e+00 0.000000e+00 3.350000e-01 3.874999e-01 -3.000000e+00 0.000000e+00
0.000000e+00 0.000000e+00 3.350000e-01 4.124999e-01 -3.000000e+00 0.000000e+00
0.000000e+00 0.000000e+00 3.350000e-01 4.374999e-01 -3.000000e+00 0.000000e+00
0.000000e+00 0.000000e+00 3.350000e-01 4.624999e-01 -3.000000e+00 0.000000e+00
4.458806e-04 2.574293e-04 3.350000e-01 4.874999e-01 -3.000000e+00 0.000000e+00
4.414159e-04 2.548516e-04 3.350000e-01 5.124999e-01 -3.000000e+00 0.000000e+00
0.000000e+00 0.000000e+00 3.350000e-01 5.374999e-01 -3.000000e+00 0.000000e+00
0.000000e+00 0.000000e+00 3.350000e-01 5.624999e-01 -3.000000e+00 0.000000e+00
0.000000e+00 0.000000e+00 3.350000e-01 5.874999e-01 -3.000000e+00 0.000000e+00
0.000000e+00 0.000000e+00 3.350000e-01 6.124999e-01 -3.000000e+00 0.000000e+00
0.000000e+00 0.000000e+00 3.350000e-01 6.374998e-01 -3.000000e+00 0.000000e+00
0.000000e+00 0.000000e+00 3.350000e-01 6.624998e-01 -3.000000e+00 0.000000e+00
0.000000e+00 0.000000e+00 3.350000e-01 6.874998e-01 -3.000000e+00 0.000000e+00
0.000000e+00 0.000000e+00 3.350000e-01 7.124998e-01 -3.000000e+00 0.000000e+00
4.274226e-04 2.467726e-04 3.350000e-01 7.374998e-01 -3.000000e+00 0.000000e+00
2.115285e-03 5.461646e-04 3.350000e-01 7.624998e-01 -3.000000e+00 0.000000e+00
4.230093e-04 2.442245e-04 3.350000e-01 7.874998e-01 -3.000000e+00 0.000000e+00
1.646699e-03 4.753620e-04 3.350000e-01 8.124998e-01 -3.000000e+00 0.000000e+00
1.634503e-03 4.718406e-04 3.350000e-01 8.374998e-01 -3.000000e+00 0.000000e+00
8.356121e-04 3.411374e-04 3.350000e-01 8.624998e-01 -3.000000e+00 0.000000e+00
1.627139e-03 4.697152e-04 3.350000e-01 8.874998e-01 -3.000000e+00 0.000000e+00
4.110395e-04 2.373138e-04 3.350000e-01 9.124997e-01 -3.000000e+00 0.000000e+00
8.051333e-04 3.286956e-04 3.350000e-01 9.374997e-01 -3.000000e+00 0.000000e+00
0.000000e+00 0.000000e+00 3.350000e-01 9.624997e-01 -3.000000e+00 0.000000e+00
8.163730e-04 3.332841e-04 3.350000e-01 9.874997e-01 -3.000000e+00 0.000000e+00
4.355155e-03 7.581374e-04 3.350000e-01 1.012500e+00 -3.000000e+00 0.000000e+00
5.109273e-03 8.181402e-04 3.350000e-01 1.037500e+00 -3.000000e+00 0.000000e+00
3.549320e-03 6.830694e-04 3.350000e-01 1.062500e+00 -3.000000e+00 0.000000e+00
1.926226e-03 4.973505e-04 3.350000e-01 1.087500e+00 -3.000000e+00 0.000000e+00
7.853104e-04 3.206031e-04 3.350000e-01 1.112500e+00 -3.000000e+00 0.000000e+00
1.522644e-03 4.395503e-04 3.350000e-01 1.137500e+00 -3.000000e+00 0.000000e+00
0.000000e+00 0.000000e+00 3.350000e-01 1.162500e+00 -3.000000e+00 0.000000e+00
3.757906e-04 2.169628e-04 3.350000e-01 1.187500e+00 -3.000000e+00 0.000000e+00
3.734839e-04 2.156310e-04 3.350000e-01 1.212500e+00 -3.000000e+00 0.000000e+00
1.527719e-03 4.410158e-04 3.350000e-01 1.237500e+00 -3.000000e+00 0.000000e+00
7.295177e-04 2.978244e-04 3.350000e-01 1.262500e+00 -3.000000e+00 0.000000e+00
1.471339e-03 4.247405e-04 3.350000e-01 1.287500e+00 -3.000000e+00 0.000000e+00
7.357518e-04 3.003697e-04 3.350000e-01 1.312500e+00 -3.000000e+00 0.000000e+00
0.000000e+00 0.000000e+00 3.350000e-01 1.337500e+00 -3.000000e+00 0.000000e+00
3.552537e-04 2.051058e-04 3.350000e-01 1.362500e+00 -3.000000e+00 0.000000e+00
0.000000e+00 0.000000e+00 3.350000e-01 1.387500e+00 -3.000000e+00 0.000000e+00
0.000000e+00 0.000000e+00 3.350000e-01 1.412500e+00 -3.000000e+00 0.000000e+00
0.000000e+00 0.000000e+00 3.350000e-01 1.437500e+00 -3.000000e+00 0.000000e+00
0.000000e+00 0.000000e+00 3.350000e-01 1.462500e+00 -3.000000e+00 0.000000e+00
0.000000e+00 0.000000e+00 3.350000e-01 1.487500e+00 -3.000000e+00 0.000000e+00
0.000000e+00 0.000000e+00 3.350000e-01 1.512500e+00 -3.000000e+00 0.000000e+00
0.000000e+00 0.000000e+00 3.350000e-01 1.537500e+00 -3.000000e+00 0.000000e+00
0.000000e+00 0.000000e+00 3.350000e-01 1.562500e+00 -3.000000e+00 0.000000e+00
0.000000e+00 0.000000e+00 3.350000e-01 1.587500e+00 -3.000000e+00 0.000000e+00
0.000000e+00 0.000000e+00 3.350000e-01 1.612499e+00 -3.000000e+00 0.000000e+00
0.000000e+00 0.000000e+00 3.350000e-01 1.637499e+00 -3.000000e+00 0.000000e+00
0.000000e+00 0.000000e+00 3.350000e-01 1.662499e+00 -3.000000e+00 0.000000e+00
3.303294e-04 1.907158e-04 3.350000e-01 1.687499e+00 -3.000000e+00 0.000000e+00
3.275501e-04 1.891112e-04 3.350000e-01 1.712499e+00 -3.000000e+00 0.000000e+00
0.000000e+00 0.000000e+00 3.350000e-01 1.737499e+00 -3.000000e+00 0.000000e+00
1.313333e-03 3.791304e-04 3.350000e-01 1.762499e+00 -3.000000e+00 0.000000e+00
3.291899e-04 1.900579e-04 3.350000e-01 1.787499e+00 -3.000000e+00 0.000000e+00
0.000000e+00 0.000000e+00 3.350000e-01 1.812499e+00 -3.000000e+00 0.000000e+00
3.291819e-04 1.900533e-04 3.350000e-01 1.837499e+00 -3.000000e+00 0.000000e+00
3.284592e-04 1.896360e-04 3.350000e-01 1.862499e+00 -3.000000e+00 0.000000e+00
0.000000e+00 0.000000e+00 3.350000e-01 1.887499e+00 -3.000000e+00 0.000000e+00
3.328417e-04 1.921662e-04 3.350000e-01 1.912499e+00 -3.000000e+00 0.000000e+00
0.000000e+00 0.000000e+00 3.350000e-01 1.937499e+00 -3.000000e+00 0.000000e+00
0.000000e+00 0.000000e+00 3.350000e-01 1.962499e+00 -3.000000e+00 0.000000e+00
0.000000e+00 0.000000e+00 3.350000e-01 1.987499e+00 -3.000000e+00 0.000000e+00
0.000000e+00 0.000000e+00 3.450000e-01 2.125000e-01 -3.000000e+00 0.000000e+00
0.000000e+00 0.000000e+00 3.450000e-01 2.375000e-01 -3.000000e+00 0.000000e+00
0.000000e+00 0.000000e+00 3.450000e-01 2.625000e-01 -3.000000e+00 0.000000e+00
0.000000e+00 0.000000e+00 3.450000e-01 2.875000e-01 -3.000000e+00 0.000000e+00
0.000000e+00 0.000000e+00 3.450000e-01 3.125000e-01 -3.000000e+00 0.000000e+00
0.000000e+00 0.000000e+00 3.450000e-01 3.375000e-01 -3.000000e+00 0.000000e+00
0.000000e+00 0.000000e+00 3.450000e-01 3.624999e-01 -3.000000e+00 0.000000e+00
4.516569e-04 2.607642e-04 3.450000e-01 3.874999e-01 -3.000000e+00 0.000000e+00
0.000000e+00 0.000000e+00 3.450000e-01 4.124999e-01 -3.000000e+00 0.000000e+00
0.000000e+00 0.000000e+00 3.450000e-01 4.374999e-01 -3.000000e+00 0.000000e+00
0.000000e+00 0.000000e+00 3.450000e-01 4.624999e-01 -3.000000e+00 0.000000e+00
0.000000e+00 0.000000e+00 3.450000e-01 4.874999e-01 -3.000000e+00 0.000000e+00
4.475798e-04 2.584103e-04 3.450000e-01 5.124999e-01 -3.000000e+00 0.000000e+00
4.396330e-04 2.538222e-04 3.450000e-01 5.374999e-01 -3.000000e+00 0.000000e+00
0.000000e+00 0.000000e+00 3.450000e-01 5.624999e-01 -3.000000e+00 0.000000e+00
0.000000e+00 0.000000e+00 3.450000e-01 5.874999e-01 -3.000000e+00 0.000000e+00
0.000000e+00 0.000000e+00 3.450000e-01 6.124999e-01 -3.000000e+00 0.000000e+00
0.000000e+00 0.000000e+00 3.450000e-01 6.374998e-01 -3.000000e+00 0.000000e+00
0.000000e+00 0.000000e+00 3.450000e-01 6.624998e-01 -3.000000e+00 0.000000e+00
0.000000e+00 0.000000e+00 3.450000e-01 6.874998e-01 -3.000000e+00 0.000000e+00
0.000000e+00 0.000000e+00 3.450000e-01 7.124998e-01 -3.000000e+00 0.000000e+00
1.274175e-03 4.247253e-04 3.450000e-01 7.374998e-01 -3.000000e+00 0.000000e+00
1.285004e-03 4.283346e-04 3.450000e-01 7.624998e-01 -3.000000e+00 0.000000e+00
2.919873e-03 6.371698e-04 3.450000e-01 7.874998e-01 -3.000000e+00 0.000000e+00
1.271224e-03 4.237413e-04 3.450000e-01 8.124998e-01 -3.000000e+00 0.000000e+00
2.470472e-03 5.822978e-04 3.450000e-01 8.374998e-01 -3.000000e+00 0.000000e+00
0.000000e+00 0.000000e+00 3.450000e-01 8.624998e-01 -3.000000e+00 0.000000e+00
1.246068e-03 4.153562e-04 3.450000e-01 8.874998e-01 -3.000000e+00 0.000000e+00
0.000000e+00 0.000000e+00 3.450000e-01 9.124997e-01 -3.000000e+00 0.000000e+00
0.000000e+00 0.000000e+00 3.450000e-01 9.374997e-01 -3.000000e+00 0.000000e+00
3.966198e-04 2.289885e-04 3.450000e-01 9.624997e-01 -3.000000e+00 0.000000e+00
1.223329e-03 4.077776e-04 3.450000e-01 9.874997e-01 -3.000000e+00 0.000000e+00
2.790353e-03 6.089057e-04 3.450000e-01 1.012500e+00 -3.000000e+00 0.000000e+00
1.597727e-03 4.612246e-04 3.450000e-01 1.037500e+00 -3.000000e+00 0.000000e+00
3.173389e-03 6.477668e-04 3.450000e-01 1.062500e+00 -3.000000e+00 0.000000e+00
3.110311e-03 6.348910e-04 3.450000e-01 1.087500e+00 -3.000000e+00 0.000000e+00
1.559265e-03 4.501223e-04 3.450000e-01 1.112500e+00 -3.000000e+00 0.000000e+00
7.747520e-04 3.162912e-04 3.450000e-01 1.137500e+00 -3.000000e+00 0.000000e+00
3.908241e-04 2.256424e-04 3.450000e-01 1.162500e+00 -3.000000e+00 0.000000e+00
1.121402e-03 3.738014e-04 3.450000e-01 1.187500e+00 -3.000000e+00 0.000000e+00
7.688915e-04 3.138991e-04 3.450000e-01 1.212500e+00 -3.000000e+00 0.000000e+00
3.752505e-04 2.166510e-04 3.450000e-01 1.237500e+00 -3.000000e+00 0.000000e+00
1.844328e-03 4.762052e-04 3.450000e-01 1.262500e+00 -3.000000e+00 0.000000e+00
1.855214e-03 4.790169e-04 3.450000e-01 1.287500e+00 -3.000000e+00 0.000000e+00
3.689903e-04 2.130366e-04 3.450000e-01 1.312500e+00 -3.000000e+00 0.000000e+00
3.641250e-04 2.102277e-04 3.450000e-01 1.337500e+00 -3.000000e+00 0.000000e+00
3.619531e-04 2.089737e-04 3.450000e-01 1.362500e+00 -3.000000e+00 0.000000e+00
3.568028e-04 2.060002e-04 3.450000e-01 1.387500e+00 -3.000000e+00 0.000000e+00
7.091018e-04 2.894896e-04 3.450000e-01 1.412500e+00 -3.000000e+00 0.000000e+00
3.528110e-04 2.036955e-04 3.450000e-01 1.437500e+00 -3.000000e+00 0.000000e+00
0.000000e+00 0.000000e+00 3.450000e-01 1.462500e+00 -3.000000e+00 0.000000e+00
0.000000e+00 0.000000e+00 3.450000e-01 1.487500e+00 -3.000000e+00 0.000000e+00
0.000000e+00 0.000000e+00 3.450000e-01 1.512500e+00 -3.000000e+00 0.000000e+00
6.802805e-04 2.777234e-04 3.450000e-01 1.537500e+00 -3.000000e+00 0.000000e+00
0.000000e+00 0.000000e+00 3.450000e-01 1.562500e+00 -3.000000e+00 0.000000e+00
3.391757e-04 1.958232e-04 3.450000e-01 1.587500e+00 -3.000000e+00 0.000000e+00
3.358987e-04 1.939312e-04 3.450000e-01 1.612499e+00 -3.000000e+00 0.000000e+00
3.342813e-04 1.929974e-04 3.450000e-01 1.637499e+00 -3.000000e+00 0.000000e+00
0.000000e+00 0.000000e+00 3.450000e-01 1.662499e+00 -3.000000e+00 0.000000e+00
0.000000e+00 0.000000e+00 3.450000e-01 1.687499e+00 -3.000000e+00 0.000000e+00
0.000000e+00 0.000000e+00 3.450000e-01 1.712499e+00 -3.000000e+00 0.000000e+00
0.000000e+00 0.000000e+00 3.450000e-01 1.737499e+00 -3.000000e+00 0.000000e+00
0.000000e+00 0.000000e+00 3.450000e-01 1.762499e+00 -3.000000e+00 0.000000e+00
0.000000e+00 0.000000e+00 3.450000e-01 1.787499e+00 -3.000000e+00 0.000000e+00
3.316008e-04 1.914498e-04 3.450000e-01 1.812499e+00 -3.000000e+00 0.000000e+00
3.312116e-04 1.912251e-04 3.450000e-01 1.837499e+00 -3.000000e+00 0.000000e+00
3.340701e-04 1.928755e-04 3.450000e-01 1.862499e+00 -3.000000e+00 0.000000e+00
0.000000e+00 0.000000e+00 3.450000e-01 1.887499e+00 -3.000000e+00 0.000000e+00
0.000000e+00 0.000000e+00 3.450000e-01 1.912499e+00 -3.000000e+00 0.000000e+00
0.000000e+00 0.000000e+00 3.450000e-01 1.937499e+00 -3.000000e+00 0.000000e+00
3.352834e-04 1.935759e-04 3.450000e-01 1.962499e+00 -3.000000e+00 0.000000e+00
0.000000e+00 0.000000e+00 3.450000e-01 1.987499e+00 -3.000000e+00 0.000000e+00
0.000000e+00 0.000000e+00 3.550000e-01 2.125000e-01 -3.000000e+00 0.000000e+00
0.000000e+00 0.000000e+00 3.550000e-01 2.375000e-01 -3.000000e+00 0.000000e+00
0.000000e+00 0.000000e+00 3.550000e-01 2.625000e-01 -3.000000e+00 0.000000e+00
0.000000e+00 0.000000e+00 3.550000e-01 2.875000e-01 -3.000000e+00 0.000000e+00
0.000000e+00 0.000000e+00 3.550000e-01 3.125000e-01 -3.000000e+00 0.000000e+00
0.000000e+00 0.000000e+00 3.550000e-01 3.375000e-01 -3.000000e+00 0.000000e+00
0.000000e+00 0.000000e+00 3.550000e-01 3.624999e-01 -3.000000e+00 0.000000e+00
0.000000e+00 0.000000e+00 3.550000e-01 3.874999e-01 -3.000000e+00 0.000000e+00
0.000000e+00 0.000000e+00 3.550000e-01 4.124999e-01 -3.000000e+00 0.000000e+00
0.000000e+00 0.000000e+00 3.550000e-01 4.374999e-01 -3.000000e+00 0.000000e+00
0.000000e+00 0.000000e+00 3.550000e-01 4.624999e-01 -3.000000e+00 0.000000e+00
0.000000e+00 0.000000e+00 3.550000e-01 4.874999e-01 -3.000000e+00 0.000000e+00
0.000000e+00 0.000000e+00 3.550000e-01 5.124999e-01 -3.000000e+00 0.000000e+00
4.522914e-04 2.611306e-04 3.550000e-01 5.374999e-01 -3.000000e+00 0.000000e+00
0.000000e+00 0.000000e+00 3.550000e-01 5.624999e-01 -3.000000e+00 0.000000e+00
0.000000e+00 0.000000e+00 3.550000e-01 5.874999e-01 -3.000000e+00 0.000000e+00
0.000000e+00 0.000000e+00 3.550000e-01 6.124999e-01 -3.000000e+00 0.000000e+00
0.000000e+00 0.000000e+00 3.550000e-01 6.374998e-01 -3.000000e+00 0.000000e+00
0.000000e+00 0.000000e+00 3.550000e-01 6.624998e-01 -3.000000e+00 0.000000e+00
0.000000e+00 0.000000e+00 3.550000e-01 6.874998e-01 -3.000000e+00 0.000000e+00
0.000000e+00 0.000000e+00 3.550000e-01 7.124998e-01 -3.000000e+00 0.000000e+00
4.323318e-04 2.496069e-04 3.550000e-01 7.374998e-01 -3.000000e+00 0.000000e+00
8.498968e-04 3.469693e-04 3.550000e-01 7.624998e-01 -3.000000e+00 0.000000e+00
1.714920e-03 4.950558e-04 3.550000e-01 7.874998e-01 -3.000000e+00 0.000000e+00
1.252802e-03 4.176011e-04 3.550000e-01 8.124998e-01 -3.000000e+00 0.000000e+00
1.283165e-03 4.277223e-04 3.550000e-01 8.374998e-01 -3.000000e+00 0.000000e+00
1.641993e-03 4.740030e-04 3.550000e-01 8.624998e-01 -3.000000e+00 0.000000e+00
0.000000e+00 0.000000e+00 3.550000e-01 8.874998e-01 -3.000000e+00 0.000000e+00
4.060561e-04 2.344366e-04 3.550000e-01 9.124997e-01 -3.000000e+00 0.000000e+00
8.329981e-04 3.400705e-04 3.550000e-01 9.374997e-01 -3.000000e+00 0.000000e+00
4.081621e-04 2.356525e-04 3.550000e-01 9.624997e-01 -3.000000e+00 0.000000e+00
0.000000e+00 0.000000e+00 3.550000e-01 9.874997e-01 -3.000000e+00 0.000000e+00
4.046412e-04 2.336197e-04 3.550000e-01 1.012500e+00 -3.000000e+00 0.000000e+00
1.600237e-03 4.619495e-04 3.550000e-01 1.037500e+00 -3.000000e+00 0.000000e+00
3.218312e-03 6.569360e-04 3.550000e-01 1.062500e+00 -3.000000e+00 0.000000e+00
4.308492e-03 7.500130e-04 3.550000e-01 1.087500e+00 -3.000000e+00 0.000000e+00
1.170209e-03 3.900710e-04 3.550000e-01 1.112500e+00 -3.000000e+00 0.000000e+00
1.176650e-03 3.922167e-04 3.550000e-01 1.137500e+00 -3.000000e+00 0.000000e+00
1.151023e-03 3.836743e-04 3.550000e-01 1.162500e+00 -3.000000e+00 0.000000e+00
7.640236e-04 3.119114e-04 3.550000e-01 1.187500e+00 -3.000000e+00 0.000000e+00
7.588971e-04 3.098187e-04 3.550000e-01 1.212500e+00 -3.000000e+00 0.000000e+00
3.783273e-04 2.184274e-04 3.550000e-01 1.237500e+00 -3.000000e+00 0.000000e+00
1.130495e-03 3.768334e-04 3.550000e-01 1.262500e+00 -3.000000e+00 0.000000e+00
2.593369e-03 5.659208e-04 3.550000e-01 1.287500e+00 -3.000000e+00 0.000000e+00
1.115454e-03 3.718189e-04 3.550000e-01 1.312500e+00 -3.000000e+00 0.000000e+00
7.348944e-04 3.000195e-04 3.550000e-01 1.337500e+00 -3.000000e+00 0.000000e+00
1.450820e-03 4.188172e-04 3.550000e-01 1.362500e+00 -3.000000e+00 0.000000e+00
0.000000e+00 0.000000e+00 3.550000e-01 1.387500e+00 -3.000000e+00 0.000000e+00
0.000000e+00 0.000000e+00 3.550000e-01 1.412500e+00 -3.000000e+00 0.000000e+00
0.000000e+00 0.000000e+00 3.550000e-01 1.437500e+00 -3.000000e+00 0.000000e+00
3.495806e-04 2.018304e-04 3.550000e-01 1.462500e+00 -3.000000e+00 0.000000e+00
0.000000e+00 0.000000e+00 3.550000e-01 1.487500e+00 -3.000000e+00 0.000000e+00
1.033741e-03 3.445832e-04 3.550000e-01 1.512500e+00 -3.000000e+00 0.000000e+00
3.417447e-04 1.973064e-04 3.550000e-01 1.537500e+00 -3.000000e+00 0.000000e+00
0.000000e+00 0.000000e+00 3.550000e-01 1.562500e+00 -3.000000e+00 0.000000e+00
0.000000e+00 0.000000e+00 3.550000e-01 1.587500e+00 -3.000000e+00 0.000000e+00
0.000000e+00 0.000000e+00 3.550000e-01 1.612499e+00 -3.000000e+00 0.000000e+00
0.000000e+00 0.000000e+00 3.550000e-01 1.637499e+00 -3.000000e+00 0.000000e+00
0.000000e+00 0.000000e+00 3.550000e-01 1.662499e+00 -3.000000e+00 0.000000e+00
0.000000e+00 0.000000e+00 3.550000e-01 1.687499e+00 -3.000000e+00 0.000000e+00
0.000000e+00 0.000000e+00 3.550000e-01 1.712499e+00 -3.000000e+00 0.000000e+00
0.000000e+00 0.000000e+00 3.550000e-01 1.737499e+00 -3.000000e+00 0.000000e+00
0.000000e+00 0.000000e+00 3.550000e-01 1.762499e+00 -3.000000e+00 0.000000e+00
0.000000e+00 0.000000e+00 3.550000e-01 1.787499e+00 -3.000000e+00 0.000000e+00
3.311872e-04 1.912110e-04 3.550000e-01 1.812499e+00 -3.000000e+00 0.000000e+00
0.000000e+00 0.000000e+00 3.550000e-01 1.837499e+00 -3.000000e+00 0.000000e+00
3.311717e-04 1.912021e-04 3.550000e-01 1.862499e+00 -3.000000e+00 0.000000e+00
0.000000e+00 0.000000e+00 3.550000e-01 1.887499e+00 -3.000000e+00 0.000000e+00
0.000000e+00 0.000000e+00 3.550000e-01 1.912499e+00 -3.000000e+00 0.000000e+00
6.677178e-04 2.725956e-04 3.550000e-01 1.937499e+00 -3.000000e+00 0.000000e+00
6.681245e-04 2.727639e-04 3.550000e-01 1.962499e+00 -3.000000e+00 0.000000e+00
0.000000e+00 0.000000e+00 3.550000e-01 1.987499e+00 -3.000000e+00 0.000000e+00
0.000000e+00 0.000000e+00 3.650000e-01 2.125000e-01 -3.000000e+00 0.000000e+00
4.775008e-04 2.756852e-04 3.650000e-01 2.375000e-01 -3.000000e+00 0.000000e+00
4.701555e-04 2.714444e-04 3.650000e-01 2.625000e-01 -3.000000e+00 0.000000e+00
0.000000e+00 0.000000e+00 3.650000e-01 2.875000e-01 -3.000000e+00 0.000000e+00
0.000000e+00 0.000000e+00 3.650000e-01 3.125000e-01 -3.000000e+00 0.000000e+00
0.000000e+00 0.000000e+00 3.650000e-01 3.375000e-01 -3.000000e+00 0.000000e+00
0.000000e+00 0.000000e+00 3.650000e-01 3.624999e-01 -3.000000e+00 0.000000e+00
0.000000e+00 0.000000e+00 3.650000e-01 3.874999e-01 -3.000000e+00 0.000000e+00
4.666787e-04 2.694371e-04 3.650000e-01 4.124999e-01 -3.000000e+00 0.000000e+00
0.000000e+00 0.000000e+00 3.650000e-01 4.374999e-01 -3.000000e+00 0.000000e+00
0.000000e+00 0.000000e+00 3.650000e-01 4.624999e-01 -3.000000e+00 0.000000e+00
0.000000e+00 0.000000e+00 3.650000e-01 4.874999e-01 -3.000000e+00 0.000000e+00
0.000000e+00 0.000000e+00 3.650000e-01 5.124999e-01 -3.000000e+00 0.000000e+00
0.000000e+00 0.000000e+00 3.650000e-01 5.374999e-01 -3.000000e+00 0.000000e+00
0.000000e+00 0.000000e+00 3.650000e-01 5.624999e-01 -3.000000e+00 0.000000e+00
0.000000e+00 0.000000e+00 3.650000e-01 5.874999e-01 -3.000000e+00 0.000000e+00
0.000000e+00 0.000000e+00 3.650000e-01 6.124999e-01 -3.000000e+00 0.000000e+00
0.000000e+00 0.000000e+00 3.650000e-01 6.374998e-01 -3.000000e+00 0.000000e+00
0.000000e+00 0.000000e+00 3.650000e-01 6.624998e-01 -3.000000e+00 0.000000e+00
0.000000e+00 0.000000e+00 3.650000e-01 6.874998e-01 -3.000000e+00 0.000000e+00
0.000000e+00 0.000000e+00 3.650000e-01 7.124998e-01 -3.000000e+00 0.000000e+00
0.000000e+00 0.000000e+00 3.650000e-01 7.374998e-01 -3.000000e+00 0.000000e+00
0.000000e+00 0.000000e+00 3.650000e-01 7.624998e-01 -3.000000e+00 0.000000e+00
4.309935e-04 2.488342e-04 3.650000e-01 7.874998e-01 -3.000000e+00 0.000000e+00
1.676192e-03 4.838761e-04 3.650000e-01 8.124998e-01 -3.000000e+00 0.000000e+00
4.276822e-04 2.469224e-04 3.650000e-01 8.374998e-01 -3.000000e+00 0.000000e+00
2.882210e-03 6.289511e-04 3.650000e-01 8.624998e-01 -3.000000e+00 0.000000e+00
4.278521e-04 2.470205e-04 3.650000e-01 8.874998e-01 -3.000000e+00 0.000000e+00
4.068869e-04 2.349163e-04 3.650000e-01 9.124997e-01 -3.000000e+00 0.000000e+00
4.195389e-04 2.422209e-04 3.650000e-01 9.374997e-01 -3.000000e+00 0.000000e+00
4.038449e-04 2.331599e-04 3.650000e-01 9.624997e-01 -3.000000e+00 0.000000e+00
8.228637e-04 3.359327e-04 3.650000e-01 9.874997e-01 -3.000000e+00 0.000000e+00
0.000000e+00 0.000000e+00 3.650000e-01 1.012500e+00 -3.000000e+00 0.000000e+00
1.623154e-03 4.685657e-04 3.650000e-01 1.037500e+00 -3.000000e+00 0.000000e+00
3.602357e-03 6.932755e-04 3.650000e-01 1.062500e+00 -3.000000e+00 0.000000e+00
4.748174e-03 7.913643e-04 3.650000e-01 1.087500e+00 -3.000000e+00 0.000000e+00
4.364233e-03 7.597181e-04 3.650000e-01 1.112500e+00 -3.000000e+00 0.000000e+00
2.335858e-03 5.505678e-04 3.650000e-01 1.137500e+00 -3.000000e+00 0.000000e+00
1.562024e-03 4.509185e-04 3.650000e-01 1.162500e+00 -3.000000e+00 0.000000e+00
1.161762e-03 3.872544e-04 3.650000e-01 1.187500e+00 -3.000000e+00 0.000000e+00
7.678624e-04 3.134788e-04 3.650000e-01 1.212500e+00 -3.000000e+00 0.000000e+00
1.901303e-03 4.909164e-04 3.650000e-01 1.237500e+00 -3.000000e+00 0.000000e+00
2.642168e-03 5.765689e-04 3.650000e-01 1.262500e+00 -3.000000e+00 0.000000e+00
1.131156e-03 3.770523e-04 3.650000e-01 1.287500e+00 -3.000000e+00 0.000000e+00
1.474433e-03 4.256325e-04 3.650000e-01 1.312500e+00 -3.000000e+00 0.000000e+00
3.705237e-04 2.139220e-04 3.650000e-01 1.337500e+00 -3.000000e+00 0.000000e+00
7.340977e-04 2.996966e-04 3.650000e-01 1.362500e+00 -3.000000e+00 0.000000e+00
1.446332e-03 4.175215e-04 3.650000e-01 1.387500e+00 -3.000000e+00 0.000000e+00
1.083248e-03 3.610842e-04 3.650000e-01 1.412500e+00 -3.000000e+00 0.000000e+00
1.071133e-03 3.570448e-04 3.650000e-01 1.437500e+00 -3.000000e+00 0.000000e+00
0.000000e+00 0.000000e+00 3.650000e-01 1.462500e+00 -3.000000e+00 0.000000e+00
0.000000e+00 0.000000e+00 3.650000e-01 1.487500e+00 -3.000000e+00 0.000000e+00
3.478247e-04 2.008167e-04 3.650000e-01 1.512500e+00 -3.000000e+00 0.000000e+00
6.896075e-04 2.815311e-04 3.650000e-01 1.537500e+00 -3.000000e+00 0.000000e+00
0.000000e+00 0.000000e+00 3.650000e-01 1.562500e+00 -3.000000e+00 0.000000e+00
3.388672e-04 1.956451e-04 3.650000e-01 1.587500e+00 -3.000000e+00 0.000000e+00
0.000000e+00 0.000000e+00 3.650000e-01 1.612499e+00 -3.000000e+00 0.000000e+00
0.000000e+00 0.000000e+00 3.650000e-01 1.637499e+00 -3.000000e+00 0.000000e+00
0.000000e+00 0.000000e+00 3.650000e-01 1.662499e+00 -3.000000e+00 0.000000e+00
0.000000e+00 0.000000e+00 3.650000e-01 1.687499e+00 -3.000000e+00 0.000000e+00
0.000000e+00 0.000000e+00 3.650000e-01 1.712499e+00 -3.000000e+00 0.000000e+00
0.000000e+00 0.000000e+00 3.650000e-01 1.737499e+00 -3.000000e+00 0.000000e+00
3.330226e-04 1.922707e-04 3.650000e-01 1.762499e+00 -3.000000e+00 0.000000e+00
3.355315e-04 1.937192e-04 3.650000e-01 1.787499e+00 -3.000000e+00 0.000000e+00
0.000000e+00 0.000000e+00 3.650000e-01 1.812499e+00 -3.000000e+00 0.000000e+00
3.365959e-04 1.943337e-04 3.650000e-01 1.837499e+00 -3.000000e+00 0.000000e+00
0.000000e+00 0.000000e+00 3.650000e-01 1.862499e+00 -3.000000e+00 0.000000e+00
0.000000e+00 0.000000e+00 3.650000e-01 1.887499e+00 -3.000000e+00 0.000000e+00
3.333672e-04 1.924696e-04 3.650000e-01 1.912499e+00 -3.000000e+00 0.000000e+00
6.716629e-04 2.742073e-04 3.650000e-01 1.937499e+00 -3.000000e+00 0.000000e+00
0.000000e+00 0.000000e+00 3.650000e-01 1.962499e+00 -3.000000e+00 0.000000e+00
3.360355e-04 1.940102e-04 3.650000e-01 1.987499e+00 -3.000000e+00 0.000000e+00
0.000000e+00 0.000000e+00 3.750000e-01 2.125000e-01 -3.000000e+00 0.000000e+00
0.000000e+00 0.000000e+00 3.750000e-01 2.375000e-01 -3.000000e+00 0.000000e+00
0.000000e+00 0.000000e+00 3.750000e-01 2.625000e-01 -3.000000e+00 0.000000e+00
0.000000e+00 0.000000e+00 3.750000e-01 2.875000e-01 -3.000000e+00 0.000000e+00
0.000000e+00 0.000000e+00 3.750000e-01 3.125000e-01 -3.000000e+00 0.000000e+00
0.000000e+00 0.000000e+00 3.750000e-01 3.375000e-01 -3.000000e+00 0.000000e+00
0.000000e+00 0.000000e+00 3.750000e-01 3.624999e-01 -3.000000e+00 0.000000e+00
0.000000e+00 0.000000e+00 3.750000e-01 3.874999e-01 -3.000000e+00 0.000000e+00
0.000000e+00 0.000000e+00 3.750000e-01 4.124999e-01 -3.000000e+00 0.000000e+00
0.000000e+00 0.000000e+00 3.750000e-01 4.374999e-01 -3.000000e+00 0.000000e+00
0.000000e+00 0.000000e+00 3.750000e-01 4.624999e-01 -3.000000e+00 0.000000e+00
0.000000e+00 0.000000e+00 3.750000e-01 4.874999e-01 -3.000000e+00 0.000000e+00
0.000000e+00 0.000000e+00 3.750000e-01 5.124999e-01 -3.000000e+00 0.000000e+00
0.000000e+00 0.000000e+00 3.750000e-01 5.374999e-01 -3.000000e+00 0.000000e+00
4.456035e-04 2.572693e-04 3.750000e-01 5.624999e-01 -3.000000e+00 0.000000e+00
0.000000e+00 0.000000e+00 3.750000e-01 5.874999e-01 -3.000000e+00 0.000000e+00
0.000000e+00 0.000000e+00 3.750000e-01 6.124999e-01 -3.000000e+00 0.000000e+00
0.000000e+00 0.000000e+00 3.750000e-01 6.374998e-01 -3.000000e+00 0.000000e+00
0.000000e+00 0.000000e+00 3.750000e-01 6.624998e-01 -3.000000e+00 0.000000e+00
0.000000e+00 0.000000e+00 3.750000e-01 6.874998e-01 -3.000000e+00 0.000000e+00
0.000000e+00 0.000000e+00 3.750000e-01 7.124998e-01 -3.000000e+00 0.000000e+00
0.000000e+00 0.000000e+00 3.750000e-01 7.374998e-01 -3.000000e+00 0.000000e+00
0.000000e+00 0.000000e+00 3.750000e-01 7.624998e-01 -3.000000e+00 0.000000e+00
0.000000e+00 0.000000e+00 3.750000e-01 7.874998e-01 -3.000000e+00 0.000000e+00
4.274179e-04 2.467699e-04 3.750000e-01 8.124998e-01 -3.000000e+00 0.000000e+00
8.576699e-04 3.501423e-04 3.750000e-01 8.374998e-01 -3.000000e+00 0.000000e+00
4.170015e-04 2.407559e-04 3.750000e-01 8.624998e-01 -3.000000e+00 0.000000e+00
2.595509e-03 6.117682e-04 3.750000e-01 8.874998e-01 -3.000000e+00 0.000000e+00
4.061399e-04 2.344850e-04 3.750000e-01 9.124997e-01 -3.000000e+00 0.000000e+00
1.714033e-03 4.947999e-04 3.750000e-01 9.374997e-01 -3.000000e+00 0.000000e+00
1.198056e-03 3.993523e-04 3.750000e-01 9.624997e-01 -3.000000e+00 0.000000e+00
4.229146e-04 2.441699e-04 3.750000e-01 9.874997e-01 -3.000000e+00 0.000000e+00
0.000000e+00 0.000000e+00 3.750000e-01 1.012500e+00 -3.000000e+00 0.000000e+00
1.238800e-03 4.129338e-04 3.750000e-01 1.037500e+00 -3.000000e+00 0.000000e+00
1.183468e-03 3.944909e-04 3.750000e-01 1.062500e+00 -3.000000e+00 0.000000e+00
5.301936e-03 8.489910e-04 3.750000e-01 1.087500e+00 -3.000000e+00 0.000000e+00
2.379578e-03 5.608731e-04 3.750000e-01 1.112500e+00 -3.000000e+00 0.000000e+00
3.149615e-03 6.429140e-04 3.750000e-01 1.137500e+00 -3.000000e+00 0.000000e+00
2.339195e-03 5.513550e-04 3.750000e-01 1.162500e+00 -3.000000e+00 0.000000e+00
1.962844e-03 5.068056e-04 3.750000e-01 1.187500e+00 -3.000000e+00 0.000000e+00
2.314729e-03 5.455882e-04 3.750000e-01 1.212500e+00 -3.000000e+00 0.000000e+00
1.525172e-03 4.402798e-04 3.750000e-01 1.237500e+00 -3.000000e+00 0.000000e+00
0.000000e+00 0.000000e+00 3.750000e-01 1.262500e+00 -3.000000e+00 0.000000e+00
1.519016e-03 4.385032e-04 3.750000e-01 1.287500e+00 -3.000000e+00 0.000000e+00
1.482219e-03 4.278833e-04 3.750000e-01 1.312500e+00 -3.000000e+00 0.000000e+00
1.492106e-03 4.307361e-04 3.750000e-01 1.337500e+00 -3.000000e+00 0.000000e+00
1.476717e-03 4.262941e-04 3.750000e-01 1.362500e+00 -3.000000e+00 0.000000e+00
1.457637e-03 4.207837e-04 3.750000e-01 1.387500e+00 -3.000000e+00 0.000000e+00
3.636033e-04 2.099264e-04 3.750000e-01 1.412500e+00 -3.000000e+00 0.000000e+00
7.168209e-04 2.926415e-04 3.750000e-01 1.437500e+00 -3.000000e+00 0.000000e+00
0.000000e+00 0.000000e+00 3.750000e-01 1.462500e+00 -3.000000e+00 0.000000e+00
3.561653e-04 2.056321e-04 3.750000e-01 1.487500e+00 -3.000000e+00 0.000000e+00
3.454268e-04 1.994323e-04 3.750000e-01 1.512500e+00 -3.000000e+00 0.000000e+00
0.000000e+00 0.000000e+00 3.750000e-01 1.537500e+00 -3.000000e+00 0.000000e+00
3.447544e-04 1.990440e-04 3.750000e-01 1.562500e+00 -3.000000e+00 0.000000e+00
3.430732e-04 1.980734e-04 3.750000e-01 1.587500e+00 -3.000000e+00 0.000000e+00
3.417685e-04 1.973201e-04 3.750000e-01 1.612499e+00 -3.000000e+00 0.000000e+00
3.405459e-04 1.966143e-04 3.750000e-01 1.637499e+00 -3.000000e+00 0.000000e+00
3.388682e-04 1.956456e-04 3.750000e-01 1.662499e+00 -3.000000e+00 0.000000e+00
6.701940e-04 2.736057e-04 3.750000e-01 1.687499e+00 -3.000000e+00 0.000000e+00
3.352025e-04 1.935292e-04 3.750000e-01 1.712499e+00 -3.000000e+00 0.000000e+00
3.372017e-04 1.946835e-04 3.750000e-01 1.737499e+00 -3.000000e+00 0.000000e+00
3.380676e-04 1.951834e-04 3.750000e-01 1.762499e+00 -3.000000e+00 0.000000e+00
0.000000e+00 0.000000e+00 3.750000e-01 1.787499e+00 -3.000000e+00 0.000000e+00
0.000000e+00 0.000000e+00 3.750000e-01 1.812499e+00 -3.000000e+00 0.000000e+00
0.000000e+00 0.000000e+00 3.750000e-01 1.837499e+00 -3.000000e+00 0.000000e+00
3.385061e-04 1.954366e-04 3.750000e-01 1.862499e+00 -3.000000e+00 0.000000e+00
0.000000e+00 0.000000e+00 3.750000e-01 1.887499e+00 -3.000000e+00 0.000000e+00
6.730117e-04 2.747561e-04 3.750000e-01 1.912499e+00 -3.000000e+00 0.000000e+00
0.000000e+00 0.000000e+00 3.750000e-01 1.937499e+00 -3.000000e+00 0.000000e+00
0.000000e+00 0.000000e+00 3.750000e-01 1.962499e+00 -3.000000e+00 0.000000e+00
0.000000e+00 0.000000e+00 3.750000e-01 1.987499e+00 -3.000000e+00 0.000000e+00
0.000000e+00 0.000000e+00 3.850000e-01 2.125000e-01 -3.000000e+00 0.000000e+00
0.000000e+00 0.000000e+00 3.850000e-01 2.375000e-01 -3.000000e+00 0.000000e+00
0.000000e+00 0.000000e+00 3.850000e-01 2.625000e-01 -3.000000e+00 0.000000e+00
0.000000e+00 0.000000e+00 3.850000e-01 2.875000e-01 -3.000000e+00 0.000000e+00
0.000000e+00 0.000000e+00 3.850000e-01 3.125000e-01 -3.000000e+00 0.000000e+00
0.000000e+00 0.000000e+00 3.850000e-01 3.375000e-01 -3.000000e+00 0.000000e+00
0.000000e+00 0.000000e+00 3.850000e-01 3.624999e-01 -3.000000e+00 0.000000e+00
0.000000e+00 0.000000e+00 3.850000e-01 3.874999e-01 -3.000000e+00 0.000000e+00
0.000000e+00 0.000000e+00 3.850000e-01 4.124999e-01 -3.000000e+00 0.000000e+00
0.000000e+00 0.000000e+00 3.850000e-01 4.374999e-01 -3.000000e+00 0.000000e+00
0.000000e+00 0.000000e+00 3.850000e-01 4.624999e-01 -3.000000e+00 0.000000e+00
0.000000e+00 0.000000e+00 3.850000e-01 4.874999e-01 -3.000000e+00 0.000000e+00
0.000000e+00 0.000000e+00 3.850000e-01 5.124999e-01 -3.000000e+00 0.000000e+00
4.531470e-04 2.616246e-04 3.850000e-01 5.374999e-01 -3.000000e+00 0.000000e+00
0.000000e+00 0.000000e+00 3.850000e-01 5.624999e-01 -3.000000e+00 0.000000e+00
0.000000e+00 0.000000e+00 3.850000e-01 5.874999e-01 -3.000000e+00 0.000000e+00
0.000000e+00 0.000000e+00 3.850000e-01 6.124999e-01 -3.000000e+00 0.000000e+00
9.175209e-04 3.745768e-04 3.850000e-01 6.374998e-01 -3.000000e+00 0.000000e+00
0.000000e+00 0.000000e+00 3.850000e-01 6.624998e-01 -3.000000e+00 0.000000e+00
0.000000e+00 0.000000e+00 3.850000e-01 6.874998e-01 -3.000000e+00 0.000000e+00
4.355888e-04 2.514873e-04 3.850000e-01 7.124998e-01 -3.000000e+00 0.000000e+00
4.374719e-04 2.525745e-04 3.850000e-01 7.374998e-01 -3.000000e+00 0.000000e+00
0.000000e+00 0.000000e+00 3.850000e-01 7.624998e-01 -3.000000e+00 0.000000e+00
4.348385e-04 2.510541e-04 3.850000e-01 7.874998e-01 -3.000000e+00 0.000000e+00
4.251705e-04 2.454723e-04 3.850000e-01 8.124998e-01 -3.000000e+00 0.000000e+00
0.000000e+00 0.000000e+00 3.850000e-01 8.374998e-01 -3.000000e+00 0.000000e+00
2.107225e-03 5.440838e-04 3.850000e-01 8.624998e-01 -3.000000e+00 0.000000e+00
2.149942e-03 5.551132e-04 3.850000e-01 8.874998e-01 -3.000000e+00 0.000000e+00
2.526321e-03 5.954600e-04 3.850000e-01 9.124997e-01 -3.000000e+00 0.000000e+00
8.280975e-04 3.380710e-04 3.850000e-01 9.374997e-01 -3.000000e+00 0.000000e+00
1.259183e-03 4.197290e-04 3.850000e-01 9.624997e-01 -3.000000e+00 0.000000e+00
0.000000e+00 0.000000e+00 3.850000e-01 9.874997e-01 -3.000000e+00 0.000000e+00
0.000000e+00 0.000000e+00 3.850000e-01 1.012500e+00 -3.000000e+00 0.000000e+00
3.988325e-04 2.302661e-04 3.850000e-01 1.037500e+00 -3.000000e+00 0.000000e+00
1.642168e-03 4.740532e-04 3.850000e-01 1.062500e+00 -3.000000e+00 0.000000e+00
2.798219e-03 6.106226e-04 3.850000e-01 1.087500e+00 -3.000000e+00 0.000000e+00
4.857562e-03 8.095956e-04 3.850000e-01 1.112500e+00 -3.000000e+00 0.000000e+00
2.755070e-03 6.012068e-04 3.850000e-01 1.137500e+00 -3.000000e+00 0.000000e+00
3.551165e-03 6.834232e-04 3.850000e-01 1.162500e+00 -3.000000e+00 0.000000e+00
1.575110e-03 4.546957e-04 3.850000e-01 1.187500e+00 -3.000000e+00 0.000000e+00
7.779392e-04 3.175924e-04 3.850000e-01 1.212500e+00 -3.000000e+00 0.000000e+00
3.821085e-04 2.206104e-04 3.850000e-01 1.237500e+00 -3.000000e+00 0.000000e+00
1.158426e-03 3.861429e-04 3.850000e-01 1.262500e+00 -3.000000e+00 0.000000e+00
1.897765e-03 4.900029e-04 3.850000e-01 1.287500e+00 -3.000000e+00 0.000000e+00
7.531679e-04 3.074796e-04 3.850000e-01 1.312500e+00 -3.000000e+00 0.000000e+00
1.868406e-03 4.824218e-04 3.850000e-01 1.337500e+00 -3.000000e+00 0.000000e+00
1.861784e-03 4.807114e-04 3.850000e-01 1.362500e+00 -3.000000e+00 0.000000e+00
1.091498e-03 3.638327e-04 3.850000e-01 1.387500e+00 -3.000000e+00 0.000000e+00
7.344070e-04 2.998205e-04 3.850000e-01 1.412500e+00 -3.000000e+00 0.000000e+00
7.196281e-04 2.937873e-04 3.850000e-01 1.437500e+00 -3.000000e+00 0.000000e+00
0.000000e+00 0.000000e+00 3.850000e-01 1.462500e+00 -3.000000e+00 0.000000e+00
0.000000e+00 0.000000e+00 3.850000e-01 1.487500e+00 -3.000000e+00 0.000000e+00
0.000000e+00 0.000000e+00 3.850000e-01 1.512500e+00 -3.000000e+00 0.000000e+00
0.000000e+00 0.000000e+00 3.850000e-01 1.537500e+00 -3.000000e+00 0.000000e+00
6.905911e-04 2.819331e-04 3.850000e-01 1.562500e+00 -3.000000e+00 0.000000e+00
0.000000e+00 0.000000e+00 3.850000e-01 1.587500e+00 -3.000000e+00 0.000000e+00
0.000000e+00 0.000000e+00 3.850000e-01 1.612499e+00 -3.000000e+00 0.000000e+00
3.377271e-04 1.949868e-04 3.850000e-01 1.637499e+00 -3.000000e+00 0.000000e+00
3.388679e-04 1.956455e-04 3.850000e-01 1.662499e+00 -3.000000e+00 0.000000e+00
3.373365e-04 1.947613e-04 3.850000e-01 1.687499e+00 -3.000000e+00 0.000000e+00
0.000000e+00 0.000000e+00 3.850000e-01 1.712499e+00 -3.000000e+00 0.000000e+00
0.000000e+00 0.000000e+00 3.850000e-01 1.737499e+00 -3.000000e+00 0.000000e+00
3.354539e-04 1.936744e-04 3.850000e-01 1.762499e+00 -3.000000e+00 0.000000e+00
0.000000e+00 0.000000e+00 3.850000e-01 1.787499e+00 -3.000000e+00 0.000000e+00
3.385505e-04 1.954622e-04 3.850000e-01 1.812499e+00 -3.000000e+00 0.000000e+00
3.382304e-04 1.952774e-04 3.850000e-01 1.837499e+00 -3.000000e+00 0.000000e+00
0.000000e+00 0.000000e+00 3.850000e-01 1.862499e+00 -3.000000e+00 0.000000e+00
0.000000e+00 0.000000e+00 3.850000e-01 1.887499e+00 -3.000000e+00 0.000000e+00
3.409044e-04 1.968212e-04 3.850000e-01 1.912499e+00 -3.000000e+00 0.000000e+00
3.396599e-04 1.961027e-04 3.850000e-01 1.937499e+00 -3.000000e+00 0.000000e+00
0.000000e+00 0.000000e+00 3.850000e-01 1.962499e+00 -3.000000e+00 0.000000e+00
0.000000e+00 0.000000e+00 3.850000e-01 1.987499e+00 -3.000000e+00 0.000000e+00
0.000000e+00 0.000000e+00 3.950000e-01 2.125000e-01 -3.000000e+00 0.000000e+00
0.000000e+00 0.000000e+00 3.950000e-01 2.375000e-01 -3.000000e+00 0.000000e+00
0.000000e+00 0.000000e+00 3.950000e-01 2.625000e-01 -3.000000e+00 0.000000e+00
4.720687e-04 2.725490e-04 3.950000e-01 2.875000e-01 -3.000000e+00 0.000000e+00
0.000000e+00 0.000000e+00 3.950000e-01 3.125000e-01 -3.000000e+00 0.000000e+00
0.000000e+00 0.000000e+00 3.950000e-01 3.375000e-01 -3.000000e+00 0.000000e+00
0.000000e+00 0.000000e+00 3.950000e-01 3.624999e-01 -3.000000e+00 0.000000e+00
0.000000e+00 0.000000e+00 3.950000e-01 3.874999e-01 -3.000000e+00 0.000000e+00
4.617730e-04 2.666048e-04 3.950000e-01 4.124999e-01 -3.000000e+00 0.000000e+00
4.669541e-04 2.695961e-04 3.950000e-01 4.374999e-01 -3.000000e+00 0.000000e+00
0.000000e+00 0.000000e+00 3.950000e-01 4.624999e-01 -3.000000e+00 0.000000e+00
4.562871e-04 2.634375e-04 3.950000e-01 4.874999e-01 -3.000000e+00 0.000000e+00
0.000000e+00 0.000000e+00 3.950000e-01 5.124999e-01 -3.000000e+00 0.000000e+00
0.000000e+00 0.000000e+00 3.950000e-01 5.374999e-01 -3.000000e+00 0.000000e+00
0.000000e+00 0.000000e+00 3.950000e-01 5.624999e-01 -3.000000e+00 0.000000e+00
4.568152e-04 2.637424e-04 3.950000e-01 5.874999e-01 -3.000000e+00 0.000000e+00
4.473812e-04 2.582956e-04 3.950000e-01 6.124999e-01 -3.000000e+00 0.000000e+00
0.000000e+00 0.000000e+00 3.950000e-01 6.374998e-01 -3.000000e+00 0.000000e+00
0.000000e+00 0.000000e+00 3.950000e-01 6.624998e-01 -3.000000e+00 0.000000e+00
0.000000e+00 0.000000e+00 3.950000e-01 6.874998e-01 -3.000000e+00 0.000000e+00
0.000000e+00 0.000000e+00 3.950000e-01 7.124998e-01 -3.000000e+00 0.000000e+00
4.418505e-04 2.551025e-04 3.950000e-01 7.374998e-01 -3.000000e+00 0.000000e+00
4.405720e-04 2.543644e-04 3.950000e-01 7.624998e-01 -3.000000e+00 0.000000e+00
0.000000e+00 0.000000e+00 3.950000e-01 7.874998e-01 -3.000000e+00 0.000000e+00
0.000000e+00 0.000000e+00 3.950000e-01 8.124998e-01 -3.000000e+00 0.000000e+00
4.315881e-04 2.491775e-04 3.950000e-01 8.374998e-01 -3.000000e+00 0.000000e+00
1.723157e-03 4.974340e-04 3.950000e-01 8.624998e-01 -3.000000e+00 0.000000e+00
1.270701e-03 4.235680e-04 3.950000e-01 8.874998e-01 -3.000000e+00 0.000000e+00
8.537262e-04 3.485327e-04 3.950000e-01 9.124997e-01 -3.000000e+00 0.000000e+00
4.157854e-04 2.400538e-04 3.950000e-01 9.374997e-01 -3.000000e+00 0.000000e+00
4.179273e-04 2.412905e-04 3.950000e-01 9.624997e-01 -3.000000e+00 0.000000e+00
4.206427e-04 2.428582e-04 3.950000e-01 9.874997e-01 -3.000000e+00 0.000000e+00
0.000000e+00 0.000000e+00 3.950000e-01 1.012500e+00 -3.000000e+00 0.000000e+00
4.177142e-04 2.411674e-04 3.950000e-01 1.037500e+00 -3.000000e+00 0.000000e+00
8.052834e-04 3.287556e-04 3.950000e-01 1.062500e+00 -3.000000e+00 0.000000e+00
4.086475e-04 2.359328e-04 3.950000e-01 1.087500e+00 -3.000000e+00 0.000000e+00
2.019163e-03 5.213461e-04 3.950000e-01 1.112500e+00 -3.000000e+00 0.000000e+00
2.783214e-03 6.073481e-04 3.950000e-01 1.137500e+00 -3.000000e+00 0.000000e+00
3.959117e-04 2.285797e-04 3.950000e-01 1.162500e+00 -3.000000e+00 0.000000e+00
1.188175e-03 3.960591e-04 3.950000e-01 1.187500e+00 -3.000000e+00 0.000000e+00
0.000000e+00 0.000000e+00 3.950000e-01 1.212500e+00 -3.000000e+00 0.000000e+00
1.554574e-03 4.487688e-04 3.950000e-01 1.237500e+00 -3.000000e+00 0.000000e+00
3.829955e-04 2.211226e-04 3.950000e-01 1.262500e+00 -3.000000e+00 0.000000e+00
3.844624e-04 2.219695e-04 3.950000e-01 1.287500e+00 -3.000000e+00 0.000000e+00
7.527756e-04 3.073194e-04 3.950000e-01 1.312500e+00 -3.000000e+00 0.000000e+00
3.001538e-03 6.126876e-04 3.950000e-01 1.337500e+00 -3.000000e+00 0.000000e+00
2.245150e-03 5.291889e-04 3.950000e-01 1.362500e+00 -3.000000e+00 0.000000e+00
1.458585e-03 4.210582e-04 3.950000e-01 1.387500e+00 -3.000000e+00 0.000000e+00
7.391137e-04 3.017422e-04 3.950000e-01 1.412500e+00 -3.000000e+00 0.000000e+00
7.196279e-04 2.937870e-04 3.950000e-01 1.437500e+00 -3.000000e+00 0.000000e+00
7.167602e-04 2.926163e-04 3.950000e-01 1.462500e+00 -3.000000e+00 0.000000e+00
0.000000e+00 0.000000e+00 3.950000e-01 1.487500e+00 -3.000000e+00 0.000000e+00
0.000000e+00 0.000000e+00 3.950000e-01 1.512500e+00 -3.000000e+00 0.000000e+00
0.000000e+00 0.000000e+00 3.950000e-01 1.537500e+00 -3.000000e+00 0.000000e+00
0.000000e+00 0.000000e+00 3.950000e-01 1.562500e+00 -3.000000e+00 0.000000e+00
3.462384e-04 1.999008e-04 3.950000e-01 1.587500e+00 -3.000000e+00 0.000000e+00
3.409205e-04 1.968306e-04 3.950000e-01 1.612499e+00 -3.000000e+00 0.000000e+00
0.000000e+00 0.000000e+00 3.950000e-01 1.637499e+00 -3.000000e+00 0.000000e+00
0.000000e+00 0.000000e+00 3.950000e-01 1.662499e+00 -3.000000e+00 0.000000e+00
0.000000e+00 0.000000e+00 3.950000e-01 1.687499e+00 -3.000000e+00 0.000000e+00
0.000000e+00 0.000000e+00 3.950000e-01 1.712499e+00 -3.000000e+00 0.000000e+00
6.738955e-04 2.751174e-04 3.950000e-01 1.737499e+00 -3.000000e+00 0.000000e+00
0.000000e+00 0.000000e+00 3.950000e-01 1.762499e+00 -3.000000e+00 0.000000e+00
0.000000e+00 0.000000e+00 3.950000e-01 1.787499e+00 -3.000000e+00 0.000000e+00
3.386545e-04 1.955222e-04 3.950000e-01 1.812499e+00 -3.000000e+00 0.000000e+00
0.000000e+00 0.000000e+00 3.950000e-01 1.837499e+00 -3.000000e+00 0.000000e+00
0.000000e+00 0.000000e+00 3.950000e-01 1.862499e+00 -3.000000e+00 0.000000e+00
0.000000e+00 0.000000e+00 3.950000e-01 1.887499e+00 -3.000000e+00 0.000000e+00
6.818910e-04 2.783855e-04 3.950000e-01 1.912499e+00 -3.000000e+00 0.000000e+00
3.408524e-04 1.967913e-04 3.950000e-01 1.937499e+00 -3.000000e+00 0.000000e+00
0.000000e+00 0.000000e+00 3.950000e-01 1.962499e+00 -3.000000e+00 0.000000e+00
0.000000e+00 0.000000e+00 3.950000e-01 1.987499e+00 -3.000000e+00 0.000000e+00
0.000000e+00 0.000000e+00 4.050000e-01 2.125000e-01 -3.000000e+00 0.000000e+00
0.000000e+00 0.000000e+00 4.050000e-01 2.375000e-01 -3.000000e+00 0.000000e+00
4.868456e-04 2.810804e-04 4.050000e-01 2.625000e-01 -3.000000e+00 0.000000e+00
0.000000e+00 0.000000e+00 4.050000e-01 2.875000e-01 -3.000000e+00 0.000000e+00
4.936161e-04 2.849894e-04 4.050000e-01 3.125000e-01 -3.000000e+00 0.000000e+00
4.765469e-04 2.751345e-04 4.050000e-01 3.375000e-01 -3.000000e+00 0.000000e+00
0.000000e+00 0.000000e+00 4.050000e-01 3.624999e-01 -3.000000e+00 0.000000e+00
0.000000e+00 0.000000e+00 4.050000e-01 3.874999e-01 -3.000000e+00 0.000000e+00
0.000000e+00 0.000000e+00 4.050000e-01 4.124999e-01 -3.000000e+00 0.000000e+00
0.000000e+00 0.000000e+00 4.050000e-01 4.374999e-01 -3.000000e+00 0.000000e+00
0.000000e+00 0.000000e+00 4.050000e-01 4.624999e-01 -3.000000e+00 0.000000e+00
0.000000e+00 0.000000e+00 4.050000e-01 4.874999e-01 -3.000000e+00 0.000000e+00
0.000000e+00 0.000000e+00 4.050000e-01 5.124999e-01 -3.000000e+00 0.000000e+00
0.000000e+00 0.000000e+00 4.050000e-01 5.374999e-01 -3.000000e+00 0.000000e+00
0.000000e+00 0.000000e+00 4.050000e-01 5.624999e-01 -3.000000e+00 0.000000e+00
4.629921e-04 2.673086e-04 4.050000e-01 5.874999e-01 -3.000000e+00 0.000000e+00
0.000000e+00 0.000000e+00 4.050000e-01 6.124999e-01 -3.000000e+00 0.000000e+00
4.628540e-04 2.672289e-04 4.050000e-01 6.374998e-01 -3.000000e+00 0.000000e+00
0.000000e+00 0.000000e+00 4.050000e-01 6.624998e-01 -3.000000e+00 0.000000e+00
0.000000e+00 0.000000e+00 4.050000e-01 6.874998e-01 -3.000000e+00 0.000000e+00
0.000000e+00 0.000000e+00 4.050000e-01 7.124998e-01 -3.000000e+00 0.000000e+00
0.000000e+00 0.000000e+00 4.050000e-01 7.374998e-01 -3.000000e+00 0.000000e+00
0.000000e+00 0.000000e+00 4.050000e-01 7.624998e-01 -3.000000e+00 0.000000e+00
0.000000e+00 0.000000e+00 4.050000e-01 7.874998e-01 -3.000000e+00 0.000000e+00
4.391127e-04 2.535218e-04 4.050000e-01 8.124998e-01 -3.000000e+00 0.000000e+00
0.000000e+00 0.000000e+00 4.050000e-01 8.374998e-01 -3.000000e+00 0.000000e+00
0.000000e+00 0.000000e+00 4.050000e-01 8.624998e-01 -3.000000e+00 0.000000e+00
1.718962e-03 4.962231e-04 4.050000e-01 8.874998e-01 -3.000000e+00 0.000000e+00
1.687885e-03 4.872507e-04 4.050000e-01 9.124997e-01 -3.000000e+00 0.000000e+00
4.286491e-04 2.474807e-04 4.050000e-01 9.374997e-01 -3.000000e+00 0.000000e+00
8.366879e-04 3.415764e-04 4.050000e-01 9.624997e-01 -3.000000e+00 0.000000e+00
0.000000e+00 0.000000e+00 4.050000e-01 9.874997e-01 -3.000000e+00 0.000000e+00
0.000000e+00 0.000000e+00 4.050000e-01 1.012500e+00 -3.000000e+00 0.000000e+00
0.000000e+00 0.000000e+00 4.050000e-01 1.037500e+00 -3.000000e+00 0.000000e+00
0.000000e+00 0.000000e+00 4.050000e-01 1.062500e+00 -3.000000e+00 0.000000e+00
4.089492e-04 2.361070e-04 4.050000e-01 1.087500e+00 -3.000000e+00 0.000000e+00
8.060511e-04 3.290692e-04 4.050000e-01 1.112500e+00 -3.000000e+00 0.000000e+00
2.807650e-03 6.126801e-04 4.050000e-01 1.137500e+00 -3.000000e+00 0.000000e+00
3.610396e-03 6.948231e-04 4.050000e-01 1.162500e+00 -3.000000e+00 0.000000e+00
1.179128e-03 3.930447e-04 4.050000e-01 1.187500e+00 -3.000000e+00 0.000000e+00
1.181188e-03 3.937297e-04 4.050000e-01 1.212500e+00 -3.000000e+00 0.000000e+00
3.873438e-04 2.236330e-04 4.050000e-01 1.237500e+00 -3.000000e+00 0.000000e+00
7.757491e-04 3.167009e-04 4.050000e-01 1.262500e+00 -3.000000e+00 0.000000e+00
1.529488e-03 4.415257e-04 4.050000e-01 1.287500e+00 -3.000000e+00 0.000000e+00
1.517435e-03 4.380471e-04 4.050000e-01 1.312500e+00 -3.000000e+00 0.000000e+00
1.506567e-03 4.349089e-04 4.050000e-01 1.337500e+00 -3.000000e+00 0.000000e+00
1.493353e-03 4.310949e-04 4.050000e-01 1.362500e+00 -3.000000e+00 0.000000e+00
2.227943e-03 5.251329e-04 4.050000e-01 1.387500e+00 -3.000000e+00 0.000000e+00
7.290438e-04 2.976309e-04 4.050000e-01 1.412500e+00 -3.000000e+00 0.000000e+00
3.628884e-04 2.095137e-04 4.050000e-01 1.437500e+00 -3.000000e+00 0.000000e+00
7.247072e-04 2.958605e-04 4.050000e-01 1.462500e+00 -3.000000e+00 0.000000e+00
7.109631e-04 2.902499e-04 4.050000e-01 1.487500e+00 -3.000000e+00 0.000000e+00
3.526134e-04 2.035814e-04 4.050000e-01 1.512500e+00 -3.000000e+00 0.000000e+00
3.491109e-04 2.015593e-04 4.050000e-01 1.537500e+00 -3.000000e+00 0.000000e+00
3.460229e-04 1.997764e-04 4.050000e-01 1.562500e+00 -3.000000e+00 0.000000e+00
0.000000e+00 0.000000e+00 4.050000e-01 1.587500e+00 -3.000000e+00 0.000000e+00
3.435686e-04 1.983594e-04 4.050000e-01 1.612499e+00 -3.000000e+00 0.000000e+00
3.424707e-04 1.977256e-04 4.050000e-01 1.637499e+00 -3.000000e+00 0.000000e+00
0.000000e+00 0.000000e+00 4.050000e-01 1.662499e+00 -3.000000e+00 0.000000e+00
3.396040e-04 1.960704e-04 4.050000e-01 1.687499e+00 -3.000000e+00 0.000000e+00
0.000000e+00 0.000000e+00 4.050000e-01 1.712499e+00 -3.000000e+00 0.000000e+00
3.405746e-04 1.966308e-04 4.050000e-01 1.737499e+00 -3.000000e+00 0.000000e+00
0.000000e+00 0.000000e+00 4.050000e-01 1.762499e+00 -3.000000e+00 0.000000e+00
0.000000e+00 0.000000e+00 4.050000e-01 1.787499e+00 -3.000000e+00 0.000000e+00
0.000000e+00 0.000000e+00 4.050000e-01 1.812499e+00 -3.000000e+00 0.000000e+00
3.389484e-04 1.956920e-04 4.050000e-01 1.837499e+00 -3.000000e+00 0.000000e+00
3.413129e-04 1.970571e-04 4.050000e-01 1.862499e+00 -3.000000e+00 0.000000e+00
0.000000e+00 0.000000e+00 4.050000e-01 1.887499e+00 -3.000000e+00 0.000000e+00
3.434777e-04 1.983069e-04 4.050000e-01 1.912499e+00 -3.000000e+00 0.000000e+00
3.416728e-04 1.972649e-04 4.050000e-01 1.937499e+00 -3.000000e+00 0.000000e+00
6.829903e-04 2.788300e-04 4.050000e-01 1.962499e+00 -3.000000e+00 0.000000e+00
3.441733e-04 1.987086e-04 4.050000e-01 1.987499e+00 -3.000000e+00 0.000000e+00
0.000000e+00 0.000000e+00 4.150000e-01 2.125000e-01 -3.000000e+00 0.000000e+00
0.000000e+00 0.000000e+00 4.150000e-01 2.375000e-01 -3.000000e+00 0.000000e+00
0.000000e+00 0.000000e+00 4.150000e-01 2.625000e-01 -3.000000e+00 0.000000e+00
4.934746e-04 2.849077e-04 4.150000e-01 2.875000e-01 -3.000000e+00 0.000000e+00
0.000000e+00 0.000000e+00 4.150000e-01 3.125000e-01 -3.000000e+00 0.000000e+00
0.000000e+00 0.000000e+00 4.150000e-01 3.375000e-01 -3.000000e+00 0.000000e+00
0.000000e+00 0.000000e+00 4.150000e-01 3.624999e-01 -3.000000e+00 0.000000e+00
0.000000e+00 0.000000e+00 4.150000e-01 3.874999e-01 -3.000000e+00 0.000000e+00
0.000000e+00 0.000000e+00 4.150000e-01 4.124999e-01 -3.000000e+00 0.000000e+00
0.000000e+00 0.000000e+00 4.150000e-01 4.374999e-01 -3.000000e+00 0.000000e+00
4.734439e-04 2.733430e-04 4.150000e-01 4.624999e-01 -3.000000e+00 0.000000e+00
0.000000e+00 0.000000e+00 4.150000e-01 4.874999e-01 -3.000000e+00 0.000000e+00
0.000000e+00 0.000000e+00 4.150000e-01 5.124999e-01 -3.000000e+00 0.000000e+00
0.000000e+00 0.000000e+00 4.150000e-01 5.374999e-01 -3.000000e+00 0.000000e+00
0.000000e+00 0.000000e+00 4.150000e-01 5.624999e-01 -3.000000e+00 0.000000e+00
0.000000e+00 0.000000e+00 4.150000e-01 5.874999e-01 -3.000000e+00 0.000000e+00
0.000000e+00 0.000000e+00 4.150000e-01 6.124999e-01 -3.000000e+00 0.000000e+00
0.000000e+00 0.000000e+00 4.150000e-01 6.374998e-01 -3.000000e+00 0.000000e+00
0.000000e+00 0.000000e+00 4.150000e-01 6.624998e-01 -3.000000e+00 0.000000e+00
0.000000e+00 0.000000e+00 4.150000e-01 6.874998e-01 -3.000000e+00 0.000000e+00
4.473586e-04 2.582826e-04 4.150000e-01 7.124998e-01 -3.000000e+00 0.000000e+00
0.000000e+00 0.000000e+00 4.150000e-01 7.374998e-01 -3.000000e+00 0.000000e+00
0.000000e+00 0.000000e+00 4.150000e-01 7.624998e-01 -3.000000e+00 0.000000e+00
0.000000e+00 0.000000e+00 4.150000e-01 7.874998e-01 -3.000000e+00 0.000000e+00
0.000000e+00 0.000000e+00 4.150000e-01 8.124998e-01 -3.000000e+00 0.000000e+00
0.000000e+00 0.000000e+00 4.150000e-01 8.374998e-01 -3.000000e+00 0.000000e+00
4.332485e-04 2.501362e-04 4.150000e-01 8.624998e-01 -3.000000e+00 0.000000e+00
8.585490e-04 3.505012e-04 4.150000e-01 8.874998e-01 -3.000000e+00 0.000000e+00
1.724219e-03 4.977410e-04 4.150000e-01 9.124997e-01 -3.000000e+00 0.000000e+00
8.548409e-04 3.489874e-04 4.150000e-01 9.374997e-01 -3.000000e+00 0.000000e+00
2.523974e-03 5.949083e-04 4.150000e-01 9.624997e-01 -3.000000e+00 0.000000e+00
1.683476e-03 4.859779e-04 4.150000e-01 9.874997e-01 -3.000000e+00 0.000000e+00
1.660771e-03 4.794247e-04 4.150000e-01 1.012500e+00 -3.000000e+00 0.000000e+00
1.251179e-03 4.170596e-04 4.150000e-01 1.037500e+00 -3.000000e+00 0.000000e+00
4.145306e-04 2.393294e-04 4.150000e-01 1.062500e+00 -3.000000e+00 0.000000e+00
4.105455e-04 2.370286e-04 4.150000e-01 1.087500e+00 -3.000000e+00 0.000000e+00
8.040187e-04 3.282405e-04 4.150000e-01 1.112500e+00 -3.000000e+00 0.000000e+00
1.225458e-03 4.084862e-04 4.150000e-01 1.137500e+00 -3.000000e+00 0.000000e+00
3.587263e-03 6.903711e-04 4.150000e-01 1.162500e+00 -3.000000e+00 0.000000e+00
3.970061e-03 7.248319e-04 4.150000e-01 1.187500e+00 -3.000000e+00 0.000000e+00
2.367253e-03 5.579694e-04 4.150000e-01 1.212500e+00 -3.000000e+00 0.000000e+00
1.169047e-03 3.896826e-04 4.150000e-01 1.237500e+00 -3.000000e+00 0.000000e+00
1.552903e-03 4.482865e-04 4.150000e-01 1.262500e+00 -3.000000e+00 0.000000e+00
7.685174e-04 3.137472e-04 4.150000e-01 1.287500e+00 -3.000000e+00 0.000000e+00
1.157859e-03 3.859535e-04 4.150000e-01 1.312500e+00 -3.000000e+00 0.000000e+00
3.798132e-04 2.192853e-04 4.150000e-01 1.337500e+00 -3.000000e+00 0.000000e+00
1.497894e-03 4.324048e-04 4.150000e-01 1.362500e+00 -3.000000e+00 0.000000e+00
1.496879e-03 4.321121e-04 4.150000e-01 1.387500e+00 -3.000000e+00 0.000000e+00
7.384192e-04 3.014584e-04 4.150000e-01 1.412500e+00 -3.000000e+00 0.000000e+00
3.661957e-04 2.114232e-04 4.150000e-01 1.437500e+00 -3.000000e+00 0.000000e+00
3.598855e-04 2.077800e-04 4.150000e-01 1.462500e+00 -3.000000e+00 0.000000e+00
0.000000e+00 0.000000e+00 4.150000e-01 1.487500e+00 -3.000000e+00 0.000000e+00
0.000000e+00 0.000000e+00 4.150000e-01 1.512500e+00 -3.000000e+00 0.000000e+00
7.034435e-04 2.871801e-04 4.150000e-01 1.537500e+00 -3.000000e+00 0.000000e+00
0.000000e+00 0.000000e+00 4.150000e-01 1.562500e+00 -3.000000e+00 0.000000e+00
3.471625e-04 2.004344e-04 4.150000e-01 1.587500e+00 -3.000000e+00 0.000000e+00
3.458347e-04 1.996678e-04 4.150000e-01 1.612499e+00 -3.000000e+00 0.000000e+00
0.000000e+00 0.000000e+00 4.150000e-01 1.637499e+00 -3.000000e+00 0.000000e+00
0.000000e+00 0.000000e+00 4.150000e-01 1.662499e+00 -3.000000e+00 0.000000e+00
0.000000e+00 0.000000e+00 4.150000e-01 1.687499e+00 -3.000000e+00 0.000000e+00
0.000000e+00 0.000000e+00 4.150000e-01 1.712499e+00 -3.000000e+00 0.000000e+00
0.000000e+00 0.000000e+00 4.150000e-01 1.737499e+00 -3.000000e+00 0.000000e+00
3.431556e-04 1.981210e-04 4.150000e-01 1.762499e+00 -3.000000e+00 0.000000e+00
0.000000e+00 0.000000e+00 4.150000e-01 1.787499e+00 -3.000000e+00 0.000000e+00
0.000000e+00 0.000000e+00 4.150000e-01 1.812499e+00 -3.000000e+00 0.000000e+00
0.000000e+00 0.000000e+00 4.150000e-01 1.837499e+00 -3.000000e+00 0.000000e+00
0.000000e+00 0.000000e+00 4.150000e-01 1.862499e+00 -3.000000e+00 0.000000e+00
0.000000e+00 0.000000e+00 4.150000e-01 1.887499e+00 -3.000000e+00 0.000000e+00
0.000000e+00 0.000000e+00 4.150000e-01 1.912499e+00 -3.000000e+00 0.000000e+00
0.000000e+00 0.000000e+00 4.150000e-01 1.937499e+00 -3.000000e+00 0.000000e+00
0.000000e+00 0.000000e+00 4.150000e-01 1.962499e+00 -3.000000e+00 0.000000e+00
0.000000e+00 0.000000e+00 4.150000e-01 1.987499e+00 -3.000000e+00 0.000000e+00
0.000000e+00 0.000000e+00 4.250000e-01 2.125000e-01 -3.000000e+00 0.000000e+00
0.000000e+00 0.000000e+00 4.250000e-01 2.375000e-01 -3.000000e+00 0.000000e+00
0.000000e+00 0.000000e+00 4.250000e-01 2.625000e-01 -3.000000e+00 0.000000e+00
0.000000e+00 0.000000e+00 4.250000e-01 2.875000e-01 -3.000000e+00 0.000000e+00
0.000000e+00 0.000000e+00 4.250000e-01 3.125000e-01 -3.000000e+00 0.000000e+00
0.000000e+00 0.000000e+00 4.250000e-01 3.375000e-01 -3.000000e+00 0.000000e+00
0.000000e+00 0.000000e+00 4.250000e-01 3.624999e-01 -3.000000e+00 0.000000e+00
0.000000e+00 0.000000e+00 4.250000e-01 3.874999e-01 -3.000000e+00 0.000000e+00
0.000000e+00 0.000000e+00 4.250000e-01 4.124999e-01 -3.000000e+00 0.000000e+00
0.000000e+00 0.000000e+00 4.250000e-01 4.374999e-01 -3.000000e+00 0.000000e+00
0.000000e+00 0.000000e+00 4.250000e-01 4.624999e-01 -3.000000e+00 0.000000e+00
4.553789e-04 2.629132e-04 4.250000e-01 4.874999e-01 -3.000000e+00 0.000000e+00
0.000000e+00 0.000000e+00 4.250000e-01 5.124999e-01 -3.000000e+00 0.000000e+00
0.000000e+00 0.000000e+00 4.250000e-01 5.374999e-01 -3.000000e+00 0.000000e+00
0.000000e+00 0.000000e+00 4.250000e-01 5.624999e-01 -3.000000e+00 0.000000e+00
0.000000e+00 0.000000e+00 4.250000e-01 5.874999e-01 -3.000000e+00 0.000000e+00
4.703373e-04 2.715494e-04 4.250000e-01 6.124999e-01 -3.000000e+00 0.000000e+00
0.000000e+00 0.000000e+00 4.250000e-01 6.374998e-01 -3.000000e+00 0.000000e+00
0.000000e+00 0.000000e+00 4.250000e-01 6.624998e-01 -3.000000e+00 0.000000e+00
0.000000e+00 0.000000e+00 4.250000e-01 6.874998e-01 -3.000000e+00 0.000000e+00
0.000000e+00 0.000000e+00 4.250000e-01 7.124998e-01 -3.000000e+00 0.000000e+00
0.000000e+00 0.000000e+00 4.250000e-01 7.374998e-01 -3.000000e+00 0.000000e+00
0.000000e+00 0.000000e+00 4.250000e-01 7.624998e-01 -3.000000e+00 0.000000e+00
0.000000e+00 0.000000e+00 4.250000e-01 7.874998e-01 -3.000000e+00 0.000000e+00
0.000000e+00 0.000000e+00 4.250000e-01 8.124998e-01 -3.000000e+00 0.000000e+00
4.417213e-04 2.550279e-04 4.250000e-01 8.374998e-01 -3.000000e+00 0.000000e+00
4.359123e-04 2.516741e-04 4.250000e-01 8.624998e-01 -3.000000e+00 0.000000e+00
4.309319e-04 2.487986e-04 4.250000e-01 8.874998e-01 -3.000000e+00 0.000000e+00
8.601457e-04 3.511536e-04 4.250000e-01 9.124997e-01 -3.000000e+00 0.000000e+00
1.717821e-03 4.958927e-04 4.250000e-01 9.374997e-01 -3.000000e+00 0.000000e+00
4.297789e-04 2.481330e-04 4.250000e-01 9.624997e-01 -3.000000e+00 0.000000e+00
1.262406e-03 4.208020e-04 4.250000e-01 9.874997e-01 -3.000000e+00 0.000000e+00
2.933941e-03 6.402396e-04 4.250000e-01 1.012500e+00 -3.000000e+00 0.000000e+00
8.300256e-04 3.388566e-04 4.250000e-01 1.037500e+00 -3.000000e+00 0.000000e+00
8.379264e-04 3.420821e-04 4.250000e-01 1.062500e+00 -3.000000e+00 0.000000e+00
4.077550e-04 2.354174e-04 4.250000e-01 1.087500e+00 -3.000000e+00 0.000000e+00
4.084497e-04 2.358186e-04 4.250000e-01 1.112500e+00 -3.000000e+00 0.000000e+00
1.222234e-03 4.074123e-04 4.250000e-01 1.137500e+00 -3.000000e+00 0.000000e+00
2.007184e-03 5.182535e-04 4.250000e-01 1.162500e+00 -3.000000e+00 0.000000e+00
3.580446e-03 6.890583e-04 4.250000e-01 1.187500e+00 -3.000000e+00 0.000000e+00
3.569921e-03 6.870332e-04 4.250000e-01 1.212500e+00 -3.000000e+00 0.000000e+00
2.783617e-03 6.074365e-04 4.250000e-01 1.237500e+00 -3.000000e+00 0.000000e+00
1.159332e-03 3.864460e-04 4.250000e-01 1.262500e+00 -3.000000e+00 0.000000e+00
1.158104e-03 3.860353e-04 4.250000e-01 1.287500e+00 -3.000000e+00 0.000000e+00
3.855550e-04 2.226003e-04 4.250000e-01 1.312500e+00 -3.000000e+00 0.000000e+00
1.131422e-03 3.771419e-04 4.250000e-01 1.337500e+00 -3.000000e+00 0.000000e+00
7.521677e-04 3.070716e-04 4.250000e-01 1.362500e+00 -3.000000e+00 0.000000e+00
3.756075e-04 2.168571e-04 4.250000e-01 1.387500e+00 -3.000000e+00 0.000000e+00
3.675788e-04 2.122217e-04 4.250000e-01 1.412500e+00 -3.000000e+00 0.000000e+00
3.654319e-04 2.109822e-04 4.250000e-01 1.437500e+00 -3.000000e+00 0.000000e+00
7.282933e-04 2.973249e-04 4.250000e-01 1.462500e+00 -3.000000e+00 0.000000e+00
3.595364e-04 2.075784e-04 4.250000e-01 1.487500e+00 -3.000000e+00 0.000000e+00
1.416464e-03 4.088990e-04 4.250000e-01 1.512500e+00 -3.000000e+00 0.000000e+00
3.511744e-04 2.027506e-04 4.250000e-01 1.537500e+00 -3.000000e+00 0.000000e+00
0.000000e+00 0.000000e+00 4.250000e-01 1.562500e+00 -3.000000e+00 0.000000e+00
0.000000e+00 0.000000e+00 4.250000e-01 1.587500e+00 -3.000000e+00 0.000000e+00
0.000000e+00 0.000000e+00 4.250000e-01 1.612499e+00 -3.000000e+00 0.000000e+00
0.000000e+00 0.000000e+00 4.250000e-01 1.637499e+00 -3.000000e+00 0.000000e+00
0.000000e+00 0.000000e+00 4.250000e-01 1.662499e+00 -3.000000e+00 0.000000e+00
6.797405e-04 2.775029e-04 4.250000e-01 1.687499e+00 -3.000000e+00 0.000000e+00
3.410995e-04 1.969339e-04 4.250000e-01 1.712499e+00 -3.000000e+00 0.000000e+00
0.000000e+00 0.000000e+00 4.250000e-01 1.737499e+00 -3.000000e+00 0.000000e+00
0.000000e+00 0.000000e+00 4.250000e-01 1.762499e+00 -3.000000e+00 0.000000e+00
3.424861e-04 1.977344e-04 4.250000e-01 1.787499e+00 -3.000000e+00 0.000000e+00
0.000000e+00 0.000000e+00 4.250000e-01 1.812499e+00 -3.000000e+00 0.000000e+00
3.407999e-04 1.967609e-04 4.250000e-01 1.837499e+00 -3.000000e+00 0.000000e+00
3.408637e-04 1.967978e-04 4.250000e-01 1.862499e+00 -3.000000e+00 0.000000e+00
0.000000e+00 0.000000e+00 4.250000e-01 1.887499e+00 -3.000000e+00 0.000000e+00
6.856130e-04 2.799014e-04 4.250000e-01 1.912499e+00 -3.000000e+00 0.000000e+00
6.830298e-04 2.788458e-04 4.250000e-01 1.937499e+00 -3.000000e+00 0.000000e+00
6.898873e-04 2.816453e-04 4.250000e-01 1.962499e+00 -3.000000e+00 0.000000e+00
6.867961e-04 2.803838e-04 4.250000e-01 1.987499e+00 -3.000000e+00 0.000000e+00
4.961136e-04 2.864313e-04 4.350000e-01 2.125000e-01 -3.000000e+00 0.000000e+00
0.000000e+00 0.000000e+00 4.350000e-01 2.375000e-01 -3.000000e+00 0.000000e+00
0.000000e+00 0.000000e+00 4.350000e-01 2.625000e-01 -3.000000e+00 0.000000e+00
0.000000e+00 0.000000e+00 4.350000e-01 2.875000e-01 -3.000000e+00 0.000000e+00
0.000000e+00 0.000000e+00 4.350000e-01 3.125000e-01 -3.000000e+00 0.000000e+00
0.000000e+00 0.000000e+00 4.350000e-01 3.375000e-01 -3.000000e+00 0.000000e+00
0.000000e+00 0.000000e+00 4.350000e-01 3.624999e-01 -3.000000e+00 0.000000e+00
0.000000e+00 0.000000e+00 4.350000e-01 3.874999e-01 -3.000000e+00 0.000000e+00
0.000000e+00 0.000000e+00 4.350000e-01 4.124999e-01 -3.000000e+00 0.000000e+00
0.000000e+00 0.000000e+00 4.350000e-01 4.374999e-01 -3.000000e+00 0.000000e+00
0.000000e+00 0.000000e+00 4.350000e-01 4.624999e-01 -3.000000e+00 0.000000e+00
0.000000e+00 0.000000e+00 4.350000e-01 4.874999e-01 -3.000000e+00 0.000000e+00
0.000000e+00 0.000000e+00 4.350000e-01 5.124999e-01 -3.000000e+00 0.000000e+00
0.000000e+00 0.000000e+00 4.350000e-01 5.374999e-01 -3.000000e+00 0.000000e+00
0.000000e+00 0.000000e+00 4.350000e-01 5.624999e-01 -3.000000e+00 0.000000e+00
0.000000e+00 0.000000e+00 4.350000e-01 5.874999e-01 -3.000000e+00 0.000000e+00
0.000000e+00 0.000000e+00 4.350000e-01 6.124999e-01 -3.000000e+00 0.000000e+00
0.000000e+00 0.000000e+00 4.350000e-01 6.374998e-01 -3.000000e+00 0.000000e+00
0.000000e+00 0.000000e+00 4.350000e-01 6.624998e-01 -3.000000e+00 0.000000e+00
0.000000e+00 0.000000e+00 4.350000e-01 6.874998e-01 -3.000000e+00 0.000000e+00
4.601181e-04 2.656493e-04 4.350000e-01 7.124998e-01 -3.000000e+00 0.000000e+00
4.511041e-04 2.604451e-04 4.350000e-01 7.374998e-01 -3.000000e+00 0.000000e+00
0.000000e+00 0.000000e+00 4.350000e-01 7.624998e-01 -3.000000e+00 0.000000e+00
0.000000e+00 0.000000e+00 4.350000e-01 7.874998e-01 -3.000000e+00 0.000000e+00
0.000000e+00 0.000000e+00 4.350000e-01 8.124998e-01 -3.000000e+00 0.000000e+00
0.000000e+00 0.000000e+00 4.350000e-01 8.374998e-01 -3.000000e+00 0.000000e+00
0.000000e+00 0.000000e+00 4.350000e-01 8.624998e-01 -3.000000e+00 0.000000e+00
4.319522e-04 2.493877e-04 4.350000e-01 8.874998e-01 -3.000000e+00 0.000000e+00
8.610960e-04 3.515417e-04 4.350000e-01 9.124997e-01 -3.000000e+00 0.000000e+00
8.712935e-04 3.557049e-04 4.350000e-01 9.374997e-01 -3.000000e+00 0.000000e+00
1.720558e-03 4.966830e-04 4.350000e-01 9.624997e-01 -3.000000e+00 0.000000e+00
1.258928e-03 4.196429e-04 4.350000e-01 9.874997e-01 -3.000000e+00 0.000000e+00
1.258723e-03 4.195746e-04 4.350000e-01 1.012500e+00 -3.000000e+00 0.000000e+00
8.435481e-04 3.443775e-04 4.350000e-01 1.037500e+00 -3.000000e+00 0.000000e+00
1.255154e-03 4.183857e-04 4.350000e-01 1.062500e+00 -3.000000e+00 0.000000e+00
1.224882e-03 4.082956e-04 4.350000e-01 1.087500e+00 -3.000000e+00 0.000000e+00
8.236416e-04 3.362509e-04 4.350000e-01 1.112500e+00 -3.000000e+00 0.000000e+00
0.000000e+00 0.000000e+00 4.350000e-01 1.137500e+00 -3.000000e+00 0.000000e+00
4.079092e-04 2.355065e-04 4.350000e-01 1.162500e+00 -3.000000e+00 0.000000e+00
1.187502e-03 3.958347e-04 4.350000e-01 1.187500e+00 -3.000000e+00 0.000000e+00
7.946561e-04 3.244172e-04 4.350000e-01 1.212500e+00 -3.000000e+00 0.000000e+00
1.193780e-03 3.979276e-04 4.350000e-01 1.237500e+00 -3.000000e+00 0.000000e+00
1.165990e-03 3.886638e-04 4.350000e-01 1.262500e+00 -3.000000e+00 0.000000e+00
1.160756e-03 3.869195e-04 4.350000e-01 1.287500e+00 -3.000000e+00 0.000000e+00
0.000000e+00 0.000000e+00 4.350000e-01 1.312500e+00 -3.000000e+00 0.000000e+00
3.813672e-04 2.201825e-04 4.350000e-01 1.337500e+00 -3.000000e+00 0.000000e+00
0.000000e+00 0.000000e+00 4.350000e-01 1.362500e+00 -3.000000e+00 0.000000e+00
7.496802e-04 3.060559e-04 4.350000e-01 1.387500e+00 -3.000000e+00 0.000000e+00
7.433474e-04 3.034706e-04 4.350000e-01 1.412500e+00 -3.000000e+00 0.000000e+00
1.472828e-03 4.251688e-04 4.350000e-01 1.437500e+00 -3.000000e+00 0.000000e+00
7.268937e-04 2.967532e-04 4.350000e-01 1.462500e+00 -3.000000e+00 0.000000e+00
1.076703e-03 3.589026e-04 4.350000e-01 1.487500e+00 -3.000000e+00 0.000000e+00
7.102618e-04 2.899632e-04 4.350000e-01 1.512500e+00 -3.000000e+00 0.000000e+00
3.517505e-04 2.030832e-04 4.350000e-01 1.537500e+00 -3.000000e+00 0.000000e+00
3.536495e-04 2.041796e-04 4.350000e-01 1.562500e+00 -3.000000e+00 0.000000e+00
0.000000e+00 0.000000e+00 4.350000e-01 1.587500e+00 -3.000000e+00 0.000000e+00
3.479532e-04 2.008909e-04 4.350000e-01 1.612499e+00 -3.000000e+00 0.000000e+00
0.000000e+00 0.000000e+00 4.350000e-01 1.637499e+00 -3.000000e+00 0.000000e+00
3.453774e-04 1.994037e-04 4.350000e-01 1.662499e+00 -3.000000e+00 0.000000e+00
3.437507e-04 1.984646e-04 4.350000e-01 1.687499e+00 -3.000000e+00 0.000000e+00
3.439013e-04 1.985515e-04 4.350000e-01 1.712499e+00 -3.000000e+00 0.000000e+00
0.000000e+00 0.000000e+00 4.350000e-01 1.737499e+00 -3.000000e+00 0.000000e+00
0.000000e+00 0.000000e+00 4.350000e-01 1.762499e+00 -3.000000e+00 0.000000e+00
6.825526e-04 2.786512e-04 4.350000e-01 1.787499e+00 -3.000000e+00 0.000000e+00
3.439681e-04 1.985901e-04 4.350000e-01 1.812499e+00 -3.000000e+00 0.000000e+00
0.000000e+00 0.000000e+00 4.350000e-01 1.837499e+00 -3.000000e+00 0.000000e+00
0.000000e+00 0.000000e+00 4.350000e-01 1.862499e+00 -3.000000e+00 0.000000e+00
3.449908e-04 1.991805e-04 4.350000e-01 1.887499e+00 -3.000000e+00 0.000000e+00
3.406079e-04 1.966501e-04 4.350000e-01 1.912499e+00 -3.000000e+00 0.000000e+00
0.000000e+00 0.000000e+00 4.350000e-01 1.937499e+00 -3.000000e+00 0.000000e+00
3.449902e-04 1.991802e-04 4.350000e-01 1.962499e+00 -3.000000e+00 0.000000e+00
3.432105e-04 1.981527e-04 4.350000e-01 1.987499e+00 -3.000000e+00 0.000000e+00
0.000000e+00 0.000000e+00 4.450000e-01 2.125000e-01 -3.000000e+00 0.000000e+00
0.000000e+00 0.000000e+00 4.450000e-01 2.375000e-01 -3.000000e+00 0.000000e+00
4.988169e-04 2.879921e-04 4.450000e-01 2.625000e-01 -3.000000e+00 0.000000e+00
0.000000e+00 0.000000e+00 4.450000e-01 2.875000e-01 -3.000000e+00 0.000000e+00
0.000000e+00 0.000000e+00 4.450000e-01 3.125000e-01 -3.000000e+00 0.000000e+00
0.000000e+00 0.000000e+00 4.450000e-01 3.375000e-01 -3.000000e+00 0.000000e+00
0.000000e+00 0.000000e+00 4.450000e-01 3.624999e-01 -3.000000e+00 0.000000e+00
0.000000e+00 0.000000e+00 4.450000e-01 3.874999e-01 -3.000000e+00 0.000000e+00
0.000000e+00 0.000000e+00 4.450000e-01 4.124999e-01 -3.000000e+00 0.000000e+00
0.000000e+00 0.000000e+00 4.450000e-01 4.374999e-01 -3.000000e+00 0.000000e+00
0.000000e+00 0.000000e+00 4.450000e-01 4.624999e-01 -3.000000e+00 0.000000e+00
0.000000e+00 0.000000e+00 4.450000e-01 4.874999e-01 -3.000000e+00 0.000000e+00
0.000000e+00 0.000000e+00 4.450000e-01 5.124999e-01 -3.000000e+00 0.000000e+00
0.000000e+00 0.000000e+00 4.450000e-01 5.374999e-01 -3.000000e+00 0.000000e+00
0.000000e+00 0.000000e+00 4.450000e-01 5.624999e-01 -3.000000e+00 0.000000e+00
0.000000e+00 0.000000e+00 4.450000e-01 5.874999e-01 -3.000000e+00 0.000000e+00
0.000000e+00 0.000000e+00 4.450000e-01 6.124999e-01 -3.000000e+00 0.000000e+00
0.000000e+00 0.000000e+00 4.450000e-01 6.374998e-01 -3.000000e+00 0.000000e+00
0.000000e+00 0.000000e+00 4.450000e-01 6.624998e-01 -3.000000e+00 0.000000e+00
4.653949e-04 2.686959e-04 4.450000e-01 6.874998e-01 -3.000000e+00 0.000000e+00
9.265557e-04 3.782649e-04 4.450000e-01 7.124998e-01 -3.000000e+00 0.000000e+00
0.000000e+00 0.000000e+00 4.450000e-01 7.374998e-01 -3.000000e+00 0.000000e+00
0.000000e+00 0.000000e+00 4.450000e-01 7.624998e-01 -3.000000e+00 0.000000e+00
4.487733e-04 2.590994e-04 4.450000e-01 7.874998e-01 -3.000000e+00 0.000000e+00
0.000000e+00 0.000000e+00 4.450000e-01 8.124998e-01 -3.000000e+00 0.000000e+00
0.000000e+00 0.000000e+00 4.450000e-01 8.374998e-01 -3.000000e+00 0.000000e+00
4.368719e-04 2.522281e-04 4.450000e-01 8.624998e-01 -3.000000e+00 0.000000e+00
0.000000e+00 0.000000e+00 4.450000e-01 8.874998e-01 -3.000000e+00 0.000000e+00
0.000000e+00 0.000000e+00 4.450000e-01 9.124997e-01 -3.000000e+00 0.000000e+00
4.326629e-04 2.497981e-04 4.450000e-01 9.374997e-01 -3.000000e+00 0.000000e+00
4.330857e-04 2.500422e-04 4.450000e-01 9.624997e-01 -3.000000e+00 0.000000e+00
1.269786e-03 4.232639e-04 4.450000e-01 9.874997e-01 -3.000000e+00 0.000000e+00
1.266955e-03 4.223189e-04 4.450000e-01 1.012500e+00 -3.000000e+00 0.000000e+00
1.271611e-03 4.238709e-04 4.450000e-01 1.037500e+00 -3.000000e+00 0.000000e+00
1.675881e-03 4.837853e-04 4.450000e-01 1.062500e+00 -3.000000e+00 0.000000e+00
4.112857e-04 2.374559e-04 4.450000e-01 1.087500e+00 -3.000000e+00 0.000000e+00
4.080255e-04 2.355737e-04 4.450000e-01 1.112500e+00 -3.000000e+00 0.000000e+00
4.127958e-04 2.383278e-04 4.450000e-01 1.137500e+00 -3.000000e+00 0.000000e+00
0.000000e+00 0.000000e+00 4.450000e-01 1.162500e+00 -3.000000e+00 0.000000e+00
4.001298e-04 2.310150e-04 4.450000e-01 1.187500e+00 -3.000000e+00 0.000000e+00
2.795042e-03 6.099297e-04 4.450000e-01 1.212500e+00 -3.000000e+00 0.000000e+00
3.174618e-03 6.480175e-04 4.450000e-01 1.237500e+00 -3.000000e+00 0.000000e+00
3.917184e-04 2.261587e-04 4.450000e-01 1.262500e+00 -3.000000e+00 0.000000e+00
2.338869e-03 5.512778e-04 4.450000e-01 1.287500e+00 -3.000000e+00 0.000000e+00
2.311643e-03 5.448610e-04 4.450000e-01 1.312500e+00 -3.000000e+00 0.000000e+00
3.838271e-04 2.216027e-04 4.450000e-01 1.337500e+00 -3.000000e+00 0.000000e+00
1.138759e-03 3.795871e-04 4.450000e-01 1.362500e+00 -3.000000e+00 0.000000e+00
3.695353e-04 2.133513e-04 4.450000e-01 1.387500e+00 -3.000000e+00 0.000000e+00
7.431383e-04 3.033851e-04 4.450000e-01 1.412500e+00 -3.000000e+00 0.000000e+00
0.000000e+00 0.000000e+00 4.450000e-01 1.437500e+00 -3.000000e+00 0.000000e+00
7.282837e-04 2.973208e-04 4.450000e-01 1.462500e+00 -3.000000e+00 0.000000e+00
1.088091e-03 3.626971e-04 4.450000e-01 1.487500e+00 -3.000000e+00 0.000000e+00
7.133527e-04 2.912251e-04 4.450000e-01 1.512500e+00 -3.000000e+00 0.000000e+00
0.000000e+00 0.000000e+00 4.450000e-01 1.537500e+00 -3.000000e+00 0.000000e+00
7.059435e-04 2.882005e-04 4.450000e-01 1.562500e+00 -3.000000e+00 0.000000e+00
3.504668e-04 2.023421e-04 4.450000e-01 1.587500e+00 -3.000000e+00 0.000000e+00
0.000000e+00 0.000000e+00 4.450000e-01 1.612499e+00 -3.000000e+00 0.000000e+00
0.000000e+00 0.000000e+00 4.450000e-01 1.637499e+00 -3.000000e+00 0.000000e+00
3.406486e-04 1.966735e-04 4.450000e-01 1.662499e+00 -3.000000e+00 0.000000e+00
3.410533e-04 1.969072e-04 4.450000e-01 1.687499e+00 -3.000000e+00 0.000000e+00
3.405198e-04 1.965992e-04 4.450000e-01 1.712499e+00 -3.000000e+00 0.000000e+00
0.000000e+00 0.000000e+00 4.450000e-01 1.737499e+00 -3.000000e+00 0.000000e+00
0.000000e+00 0.000000e+00 4.450000e-01 1.762499e+00 -3.000000e+00 0.000000e+00
0.000000e+00 0.000000e+00 4.450000e-01 1.787499e+00 -3.000000e+00 0.000000e+00
0.000000e+00 0.000000e+00 4.450000e-01 1.812499e+00 -3.000000e+00 0.000000e+00
3.395965e-04 1.960661e-04 4.450000e-01 1.837499e+00 -3.000000e+00 0.000000e+00
0.000000e+00 0.000000e+00 4.450000e-01 1.862499e+00 -3.000000e+00 0.000000e+00
3.477279e-04 2.007608e-04 4.450000e-01 1.887499e+00 -3.000000e+00 0.000000e+00
3.430146e-04 1.980396e-04 4.450000e-01 1.912499e+00 -3.000000e+00 0.000000e+00
0.000000e+00 0.000000e+00 4.450000e-01 1.937499e+00 -3.000000e+00 0.000000e+00
3.410922e-04 1.969297e-04 4.450000e-01 1.962499e+00 -3.000000e+00 0.000000e+00
3.459246e-04 1.997197e-04 4.450000e-01 1.987499e+00 -3.000000e+00 0.000000e+00
0.000000e+00 0.000000e+00 4.550000e-01 2.125000e-01 -3.000000e+00 0.000000e+00
0.000000e+00 0.000000e+00 4.550000e-01 2.375000e-01 -3.000000e+00 0.000000e+00
0.000000e+00 0.000000e+00 4.550000e-01 2.625000e-01 -3.000000e+00 0.000000e+00
4.878092e-04 2.816368e-04 4.550000e-01 2.875000e-01 -3.000000e+00 0.000000e+00
9.827461e-04 4.012044e-04 4.550000e-01 3.125000e-01 -3.000000e+00 0.000000e+00
0.000000e+00 0.000000e+00 4.550000e-01 3.375000e-01 -3.000000e+00 0.000000e+00
0.000000e+00 0.000000e+00 4.550000e-01 3.624999e-01 -3.000000e+00 0.000000e+00
0.000000e+00 0.000000e+00 4.550000e-01 3.874999e-01 -3.000000e+00 0.000000e+00
0.000000e+00 0.000000e+00 4.550000e-01 4.124999e-01 -3.000000e+00 0.000000e+00
0.000000e+00 0.000000e+00 4.550000e-01 4.374999e-01 -3.000000e+00 0.000000e+00
0.000000e+00 0.000000e+00 4.550000e-01 4.624999e-01 -3.000000e+00 0.000000e+00
0.000000e+00 0.000000e+00 4.550000e-01 4.874999e-01 -3.000000e+00 0.000000e+00
0.000000e+00 0.000000e+00 4.550000e-01 5.124999e-01 -3.000000e+00 0.000000e+00
4.812210e-04 2.778331e-04 4.550000e-01 5.374999e-01 -3.000000e+00 0.000000e+00
0.000000e+00 0.000000e+00 4.550000e-01 5.624999e-01 -3.000000e+00 0.000000e+00
0.000000e+00 0.000000e+00 4.550000e-01 5.874999e-01 -3.000000e+00 0.000000e+00
4.611913e-04 2.662689e-04 4.550000e-01 6.124999e-01 -3.000000e+00 0.000000e+00
0.000000e+00 0.000000e+00 4.550000e-01 6.374998e-01 -3.000000e+00 0.000000e+00
0.000000e+00 0.000000e+00 4.550000e-01 6.624998e-01 -3.000000e+00 0.000000e+00
0.000000e+00 0.000000e+00 4.550000e-01 6.874998e-01 -3.000000e+00 0.000000e+00
0.000000e+00 0.000000e+00 4.550000e-01 7.124998e-01 -3.000000e+00 0.000000e+00
0.000000e+00 0.000000e+00 4.550000e-01 7.374998e-01 -3.000000e+00 0.000000e+00
0.000000e+00 0.000000e+00 4.550000e-01 7.624998e-01 -3.000000e+00 0.000000e+00
0.000000e+00 0.000000e+00 4.550000e-01 7.874998e-01 -3.000000e+00 0.000000e+00
4.490028e-04 2.592319e-04 4.550000e-01 8.124998e-01 -3.000000e+00 0.000000e+00
4.472057e-04 2.581943e-04 4.550000e-01 8.374998e-01 -3.000000e+00 0.000000e+00
0.000000e+00 0.000000e+00 4.550000e-01 8.624998e-01 -3.000000e+00 0.000000e+00
0.000000e+00 0.000000e+00 4.550000e-01 8.874998e-01 -3.000000e+00 0.000000e+00
0.000000e+00 0.000000e+00 4.550000e-01 9.124997e-01 -3.000000e+00 0.000000e+00
0.000000e+00 0.000000e+00 4.550000e-01 9.374997e-01 -3.000000e+00 0.000000e+00
8.598456e-04 3.510322e-04 4.550000e-01 9.624997e-01 -3.000000e+00 0.000000e+00
1.707289e-03 4.928525e-04 4.550000e-01 9.874997e-01 -3.000000e+00 0.000000e+00
1.269786e-03 4.232620e-04 4.550000e-01 1.012500e+00 -3.000000e+00 0.000000e+00
1.693676e-03 4.889225e-04 4.550000e-01 1.037500e+00 -3.000000e+00 0.000000e+00
0.000000e+00 0.000000e+00 4.550000e-01 1.062500e+00 -3.000000e+00 0.000000e+00
1.250039e-03 4.166810e-04 4.550000e-01 1.087500e+00 -3.000000e+00 0.000000e+00
8.228277e-04 3.359180e-04 4.550000e-01 1.112500e+00 -3.000000e+00 0.000000e+00
8.211592e-04 3.352368e-04 4.550000e-01 1.137500e+00 -3.000000e+00 0.000000e+00
4.046784e-04 2.336412e-04 4.550000e-01 1.162500e+00 -3.000000e+00 0.000000e+00
0.000000e+00 0.000000e+00 4.550000e-01 1.187500e+00 -3.000000e+00 0.000000e+00
7.989152e-04 3.261558e-04 4.550000e-01 1.212500e+00 -3.000000e+00 0.000000e+00
1.585386e-03 4.576619e-04 4.550000e-01 1.237500e+00 -3.000000e+00 0.000000e+00
1.987186e-03 5.130898e-04 4.550000e-01 1.262500e+00 -3.000000e+00 0.000000e+00
3.915021e-04 2.260338e-04 4.550000e-01 1.287500e+00 -3.000000e+00 0.000000e+00
7.651087e-04 3.123545e-04 4.550000e-01 1.312500e+00 -3.000000e+00 0.000000e+00
7.611591e-04 3.107423e-04 4.550000e-01 1.337500e+00 -3.000000e+00 0.000000e+00
3.804555e-04 2.196561e-04 4.550000e-01 1.362500e+00 -3.000000e+00 0.000000e+00
1.122803e-03 3.742679e-04 4.550000e-01 1.387500e+00 -3.000000e+00 0.000000e+00
3.751285e-04 2.165805e-04 4.550000e-01 1.412500e+00 -3.000000e+00 0.000000e+00
1.111359e-03 3.704557e-04 4.550000e-01 1.437500e+00 -3.000000e+00 0.000000e+00
7.329882e-04 2.992414e-04 4.550000e-01 1.462500e+00 -3.000000e+00 0.000000e+00
3.627880e-04 2.094557e-04 4.550000e-01 1.487500e+00 -3.000000e+00 0.000000e+00
1.789466e-03 4.620400e-04 4.550000e-01 1.512500e+00 -3.000000e+00 0.000000e+00
1.065068e-03 3.550240e-04 4.550000e-01 1.537500e+00 -3.000000e+00 0.000000e+00
1.047826e-03 3.492755e-04 4.550000e-01 1.562500e+00 -3.000000e+00 0.000000e+00
3.490021e-04 2.014965e-04 4.550000e-01 1.587500e+00 -3.000000e+00 0.000000e+00
3.451108e-04 1.992498e-04 4.550000e-01 1.612499e+00 -3.000000e+00 0.000000e+00
0.000000e+00 0.000000e+00 4.550000e-01 1.637499e+00 -3.000000e+00 0.000000e+00
6.871340e-04 2.805214e-04 4.550000e-01 1.662499e+00 -3.000000e+00 0.000000e+00
3.435332e-04 1.983390e-04 4.550000e-01 1.687499e+00 -3.000000e+00 0.000000e+00
3.416302e-04 1.972403e-04 4.550000e-01 1.712499e+00 -3.000000e+00 0.000000e+00
0.000000e+00 0.000000e+00 4.550000e-01 1.737499e+00 -3.000000e+00 0.000000e+00
6.816396e-04 2.782783e-04 4.550000e-01 1.762499e+00 -3.000000e+00 0.000000e+00
0.000000e+00 0.000000e+00 4.550000e-01 1.787499e+00 -3.000000e+00 0.000000e+00
0.000000e+00 0.000000e+00 4.550000e-01 1.812499e+00 -3.000000e+00 0.000000e+00
3.451102e-04 1.992495e-04 4.550000e-01 1.837499e+00 -3.000000e+00 0.000000e+00
0.000000e+00 0.000000e+00 4.550000e-01 1.862499e+00 -3.000000e+00 0.000000e+00
0.000000e+00 0.000000e+00 4.550000e-01 1.887499e+00 -3.000000e+00 0.000000e+00
0.000000e+00 0.000000e+00 4.550000e-01 1.912499e+00 -3.000000e+00 0.000000e+00
3.468943e-04 2.002795e-04 4.550000e-01 1.937499e+00 -3.000000e+00 0.000000e+00
3.394428e-04 1.959774e-04 4.550000e-01 1.962499e+00 -3.000000e+00 0.000000e+00
0.000000e+00 0.000000e+00 4.550000e-01 1.987499e+00 -3.000000e+00 0.000000e+00
0.000000e+00 0.000000e+00 4.650000e-01 2.125000e-01 -3.000000e+00 0.000000e+00
0.000000e+00 0.000000e+00 4.650000e-01 2.375000e-01 -3.000000e+00 0.000000e+00
0.000000e+00 0.000000e+00 4.650000e-01 2.625000e-01 -3.000000e+00 0.000000e+00
0.000000e+00 0.000000e+00 4.650000e-01 2.875000e-01 -3.000000e+00 0.000000e+00
9.825592e-04 4.011281e-04 4.650000e-01 3.125000e-01 -3.000000e+00 0.000000e+00
0.000000e+00 0.000000e+00 4.650000e-01 3.375000e-01 -3.000000e+00 0.000000e+00
0.000000e+00 0.000000e+00 4.650000e-01 3.624999e-01 -3.000000e+00 0.000000e+00
0.000000e+00 0.000000e+00 4.650000e-01 3.874999e-01 -3.000000e+00 0.000000e+00
0.000000e+00 0.000000e+00 4.650000e-01 4.124999e-01 -3.000000e+00 0.000000e+00
0.000000e+00 0.000000e+00 4.650000e-01 4.374999e-01 -3.000000e+00 0.000000e+00
0.000000e+00 0.000000e+00 4.650000e-01 4.624999e-01 -3.000000e+00 0.000000e+00
0.000000e+00 0.000000e+00 4.650000e-01 4.874999e-01 -3.000000e+00 0.000000e+00
0.000000e+00 0.000000e+00 4.650000e-01 5.124999e-01 -3.000000e+00 0.000000e+00
0.000000e+00 0.000000e+00 4.650000e-01 5.374999e-01 -3.000000e+00 0.000000e+00
0.000000e+00 0.000000e+00 4.650000e-01 5.624999e-01 -3.000000e+00 0.000000e+00
0.000000e+00 0.000000e+00 4.650000e-01 5.874999e-01 -3.000000e+00 0.000000e+00
0.000000e+00 0.000000e+00 4.650000e-01 6.124999e-01 -3.000000e+00 0.000000e+00
0.000000e+00 0.000000e+00 4.650000e-01 6.374998e-01 -3.000000e+00 0.000000e+00
0.000000e+00 0.000000e+00 4.650000e-01 6.624998e-01 -3.000000e+00 0.000000e+00
0.000000e+00 0.000000e+00 4.650000e-01 6.874998e-01 -3.000000e+00 0.000000e+00
4.568673e-04 2.637725e-04 4.650000e-01 7.124998e-01 -3.000000e+00 0.000000e+00
9.169885e-04 3.743592e-04 4.650000e-01 7.374998e-01 -3.000000e+00 0.000000e+00
0.000000e+00 0.000000e+00 4.650000e-01 7.624998e-01 -3.000000e+00 0.000000e+00
0.000000e+00 0.000000e+00 4.650000e-01 7.874998e-01 -3.000000e+00 0.000000e+00
0.000000e+00 0.000000e+00 4.650000e-01 8.124998e-01 -3.000000e+00 0.000000e+00
0.000000e+00 0.000000e+00 4.650000e-01 8.374998e-01 -3.000000e+00 0.000000e+00
0.000000e+00 0.000000e+00 4.650000e-01 8.624998e-01 -3.000000e+00 0.000000e+00
0.000000e+00 0.000000e+00 4.650000e-01 8.874998e-01 -3.000000e+00 0.000000e+00
0.000000e+00 0.000000e+00 4.650000e-01 9.124997e-01 -3.000000e+00 0.000000e+00
0.000000e+00 0.000000e+00 4.650000e-01 9.374997e-01 -3.000000e+00 0.000000e+00
8.623502e-04 3.520531e-04 4.650000e-01 9.624997e-01 -3.000000e+00 0.000000e+00
4.320735e-04 2.494578e-04 4.650000e-01 9.874997e-01 -3.000000e+00 0.000000e+00
8.505819e-04 3.472495e-04 4.650000e-01 1.012500e+00 -3.000000e+00 0.000000e+00
0.000000e+00 0.000000e+00 4.650000e-01 1.037500e+00 -3.000000e+00 0.000000e+00
8.347032e-04 3.407665e-04 4.650000e-01 1.062500e+00 -3.000000e+00 0.000000e+00
1.683020e-03 4.858468e-04 4.650000e-01 1.087500e+00 -3.000000e+00 0.000000e+00
1.249524e-03 4.165080e-04 4.650000e-01 1.112500e+00 -3.000000e+00 0.000000e+00
4.089853e-04 2.361278e-04 4.650000e-01 1.137500e+00 -3.000000e+00 0.000000e+00
4.069293e-04 2.349407e-04 4.650000e-01 1.162500e+00 -3.000000e+00 0.000000e+00
4.069824e-04 2.349714e-04 4.650000e-01 1.187500e+00 -3.000000e+00 0.000000e+00
4.014381e-04 2.317704e-04 4.650000e-01 1.212500e+00 -3.000000e+00 0.000000e+00
3.554142e-03 6.839968e-04 4.650000e-01 1.237500e+00 -3.000000e+00 0.000000e+00
3.138742e-03 6.406951e-04 4.650000e-01 1.262500e+00 -3.000000e+00 0.000000e+00
1.561192e-03 4.506784e-04 4.650000e-01 1.287500e+00 -3.000000e+00 0.000000e+00
2.317648e-03 5.462762e-04 4.650000e-01 1.312500e+00 -3.000000e+00 0.000000e+00
3.074264e-03 6.275343e-04 4.650000e-01 1.337500e+00 -3.000000e+00 0.000000e+00
7.651800e-04 3.123837e-04 4.650000e-01 1.362500e+00 -3.000000e+00 0.000000e+00
3.775300e-04 2.179670e-04 4.650000e-01 1.387500e+00 -3.000000e+00 0.000000e+00
2.226845e-03 5.248749e-04 4.650000e-01 1.412500e+00 -3.000000e+00 0.000000e+00
1.115264e-03 3.717548e-04 4.650000e-01 1.437500e+00 -3.000000e+00 0.000000e+00
2.932489e-03 5.985943e-04 4.650000e-01 1.462500e+00 -3.000000e+00 0.000000e+00
1.076453e-03 3.588177e-04 4.650000e-01 1.487500e+00 -3.000000e+00 0.000000e+00
7.231407e-04 2.952223e-04 4.650000e-01 1.512500e+00 -3.000000e+00 0.000000e+00
1.063686e-03 3.545622e-04 4.650000e-01 1.537500e+00 -3.000000e+00 0.000000e+00
0.000000e+00 0.000000e+00 4.650000e-01 1.562500e+00 -3.000000e+00 0.000000e+00
3.497311e-04 2.019173e-04 4.650000e-01 1.587500e+00 -3.000000e+00 0.000000e+00
3.470773e-04 2.003852e-04 4.650000e-01 1.612499e+00 -3.000000e+00 0.000000e+00
0.000000e+00 0.000000e+00 4.650000e-01 1.637499e+00 -3.000000e+00 0.000000e+00
1.027724e-03 3.425760e-04 4.650000e-01 1.662499e+00 -3.000000e+00 0.000000e+00
0.000000e+00 0.000000e+00 4.650000e-01 1.687499e+00 -3.000000e+00 0.000000e+00
3.438987e-04 1.985500e-04 4.650000e-01 1.712499e+00 -3.000000e+00 0.000000e+00
6.854210e-04 2.798254e-04 4.650000e-01 1.737499e+00 -3.000000e+00 0.000000e+00
6.884539e-04 2.810602e-04 4.650000e-01 1.762499e+00 -3.000000e+00 0.000000e+00
0.000000e+00 0.000000e+00 4.650000e-01 1.787499e+00 -3.000000e+00 0.000000e+00
3.408079e-04 1.967656e-04 4.650000e-01 1.812499e+00 -3.000000e+00 0.000000e+00
0.000000e+00 0.000000e+00 4.650000e-01 1.837499e+00 -3.000000e+00 0.000000e+00
0.000000e+00 0.000000e+00 4.650000e-01 1.862499e+00 -3.000000e+00 0.000000e+00
0.000000e+00 0.000000e+00 4.650000e-01 1.887499e+00 -3.000000e+00 0.000000e+00
0.000000e+00 0.000000e+00 4.650000e-01 1.912499e+00 -3.000000e+00 0.000000e+00
0.000000e+00 0.000000e+00 4.650000e-01 1.937499e+00 -3.000000e+00 0.000000e+00
3.319279e-04 1.916387e-04 4.650000e-01 1.962499e+00 -3.000000e+00 0.000000e+00
0.000000e+00 0.000000e+00 4.650000e-01 1.987499e+00 -3.000000e+00 0.000000e+00
0.000000e+00 0.000000e+00 4.750000e-01 2.125000e-01 -3.000000e+00 0.000000e+00
0.000000e+00 0.000000e+00 4.750000e-01 2.375000e-01 -3.000000e+00 0.000000e+00
0.000000e+00 0.000000e+00 4.750000e-01 2.625000e-01 -3.000000e+00 0.000000e+00
0.000000e+00 0.000000e+00 4.750000e-01 2.875000e-01 -3.000000e+00 0.000000e+00
0.000000e+00 0.000000e+00 4.750000e-01 3.125000e-01 -3.000000e+00 0.000000e+00
0.000000e+00 0.000000e+00 4.750000e-01 3.375000e-01 -3.000000e+00 0.000000e+00
4.940769e-04 2.852554e-04 4.750000e-01 3.624999e-01 -3.000000e+00 0.000000e+00
0.000000e+00 0.000000e+00 4.750000e-01 3.874999e-01 -3.000000e+00 0.000000e+00
0.000000e+00 0.000000e+00 4.750000e-01 4.124999e-01 -3.000000e+00 0.000000e+00
0.000000e+00 0.000000e+00 4.750000e-01 4.374999e-01 -3.000000e+00 0.000000e+00
0.000000e+00 0.000000e+00 4.750000e-01 4.624999e-01 -3.000000e+00 0.000000e+00
0.000000e+00 0.000000e+00 4.750000e-01 4.874999e-01 -3.000000e+00 0.000000e+00
0.000000e+00 0.000000e+00 4.750000e-01 5.124999e-01 -3.000000e+00 0.000000e+00
0.000000e+00 0.000000e+00 4.750000e-01 5.374999e-01 -3.000000e+00 0.000000e+00
0.000000e+00 0.000000e+00 4.750000e-01 5.624999e-01 -3.000000e+00 0.000000e+00
0.000000e+00 0.000000e+00 4.750000e-01 5.874999e-01 -3.000000e+00 0.000000e+00
0.000000e+00 0.000000e+00 4.750000e-01 6.124999e-01 -3.000000e+00 0.000000e+00
0.000000e+00 0.000000e+00 4.750000e-01 6.374998e-01 -3.000000e+00 0.000000e+00
0.000000e+00 0.000000e+00 4.750000e-01 6.624998e-01 -3.000000e+00 0.000000e+00
4.605887e-04 2.659210e-04 4.750000e-01 6.874998e-01 -3.000000e+00 0.000000e+00
0.000000e+00 0.000000e+00 4.750000e-01 7.124998e-01 -3.000000e+00 0.000000e+00
0.000000e+00 0.000000e+00 4.750000e-01 7.374998e-01 -3.000000e+00 0.000000e+00
0.000000e+00 0.000000e+00 4.750000e-01 7.624998e-01 -3.000000e+00 0.000000e+00
0.000000e+00 0.000000e+00 4.750000e-01 7.874998e-01 -3.000000e+00 0.000000e+00
0.000000e+00 0.000000e+00 4.750000e-01 8.124998e-01 -3.000000e+00 0.000000e+00
4.420722e-04 2.552305e-04 4.750000e-01 8.374998e-01 -3.000000e+00 0.000000e+00
0.000000e+00 0.000000e+00 4.750000e-01 8.624998e-01 -3.000000e+00 0.000000e+00
0.000000e+00 0.000000e+00 4.750000e-01 8.874998e-01 -3.000000e+00 0.000000e+00
0.000000e+00 0.000000e+00 4.750000e-01 9.124997e-01 -3.000000e+00 0.000000e+00
4.341869e-04 2.506779e-04 4.750000e-01 9.374997e-01 -3.000000e+00 0.000000e+00
0.000000e+00 0.000000e+00 4.750000e-01 9.624997e-01 -3.000000e+00 0.000000e+00
1.302609e-03 4.342048e-04 4.750000e-01 9.874997e-01 -3.000000e+00 0.000000e+00
1.280385e-03 4.267960e-04 4.750000e-01 1.012500e+00 -3.000000e+00 0.000000e+00
4.240846e-04 2.448454e-04 4.750000e-01 1.037500e+00 -3.000000e+00 0.000000e+00
3.369545e-03 6.878074e-04 4.750000e-01 1.062500e+00 -3.000000e+00 0.000000e+00
4.193338e-04 2.421025e-04 4.750000e-01 1.087500e+00 -3.000000e+00 0.000000e+00
2.483383e-03 5.853401e-04 4.750000e-01 1.112500e+00 -3.000000e+00 0.000000e+00
4.076199e-04 2.353394e-04 4.750000e-01 1.137500e+00 -3.000000e+00 0.000000e+00
0.000000e+00 0.000000e+00 4.750000e-01 1.162500e+00 -3.000000e+00 0.000000e+00
0.000000e+00 0.000000e+00 4.750000e-01 1.187500e+00 -3.000000e+00 0.000000e+00
0.000000e+00 0.000000e+00 4.750000e-01 1.212500e+00 -3.000000e+00 0.000000e+00
1.194904e-03 3.983013e-04 4.750000e-01 1.237500e+00 -3.000000e+00 0.000000e+00
1.580387e-03 4.562199e-04 4.750000e-01 1.262500e+00 -3.000000e+00 0.000000e+00
2.743644e-03 5.987139e-04 4.750000e-01 1.287500e+00 -3.000000e+00 0.000000e+00
1.175479e-03 3.918271e-04 4.750000e-01 1.312500e+00 -3.000000e+00 0.000000e+00
1.528301e-03 4.411836e-04 4.750000e-01 1.337500e+00 -3.000000e+00 0.000000e+00
1.143307e-03 3.811028e-04 4.750000e-01 1.362500e+00 -3.000000e+00 0.000000e+00
1.138827e-03 3.796096e-04 4.750000e-01 1.387500e+00 -3.000000e+00 0.000000e+00
3.702798e-04 2.137811e-04 4.750000e-01 1.412500e+00 -3.000000e+00 0.000000e+00
7.424488e-04 3.031036e-04 4.750000e-01 1.437500e+00 -3.000000e+00 0.000000e+00
3.678638e-04 2.123863e-04 4.750000e-01 1.462500e+00 -3.000000e+00 0.000000e+00
1.443682e-03 4.167578e-04 4.750000e-01 1.487500e+00 -3.000000e+00 0.000000e+00
1.088132e-03 3.627117e-04 4.750000e-01 1.512500e+00 -3.000000e+00 0.000000e+00
0.000000e+00 0.000000e+00 4.750000e-01 1.537500e+00 -3.000000e+00 0.000000e+00
7.010909e-04 2.862193e-04 4.750000e-01 1.562500e+00 -3.000000e+00 0.000000e+00
3.478282e-04 2.008187e-04 4.750000e-01 1.587500e+00 -3.000000e+00 0.000000e+00
1.045801e-03 3.486032e-04 4.750000e-01 1.612499e+00 -3.000000e+00 0.000000e+00
0.000000e+00 0.000000e+00 4.750000e-01 1.637499e+00 -3.000000e+00 0.000000e+00
0.000000e+00 0.000000e+00 4.750000e-01 1.662499e+00 -3.000000e+00 0.000000e+00
3.446620e-04 1.989907e-04 4.750000e-01 1.687499e+00 -3.000000e+00 0.000000e+00
3.391518e-04 1.958094e-04 4.750000e-01 1.712499e+00 -3.000000e+00 0.000000e+00
3.435901e-04 1.983718e-04 4.750000e-01 1.737499e+00 -3.000000e+00 0.000000e+00
0.000000e+00 0.000000e+00 4.750000e-01 1.762499e+00 -3.000000e+00 0.000000e+00
6.830924e-04 2.788719e-04 4.750000e-01 1.787499e+00 -3.000000e+00 0.000000e+00
6.842710e-04 2.793561e-04 4.750000e-01 1.812499e+00 -3.000000e+00 0.000000e+00
0.000000e+00 0.000000e+00 4.750000e-01 1.837499e+00 -3.000000e+00 0.000000e+00
0.000000e+00 0.000000e+00 4.750000e-01 1.862499e+00 -3.000000e+00 0.000000e+00
0.000000e+00 0.000000e+00 4.750000e-01 1.887499e+00 -3.000000e+00 0.000000e+00
0.000000e+00 0.000000e+00 4.750000e-01 1.912499e+00 -3.000000e+00 0.000000e+00
0.000000e+00 0.000000e+00 4.750000e-01 1.937499e+00 -3.000000e+00 0.000000e+00
3.750188e-04 2.165172e-04 4.750000e-01 1.962499e+00 -3.000000e+00 0.000000e+00
7.044302e-04 4.067030e-04 4.750000e-01 1.987499e+00 -3.000000e+00 0.000000e+00
0.000000e+00 0.000000e+00 4.850000e-01 2.125000e-01 -3.000000e+00 0.000000e+00
0.000000e+00 0.000000e+00 4.850000e-01 2.375000e-01 -3.000000e+00 0.000000e+00
0.000000e+00 0.000000e+00 4.850000e-01 2.625000e-01 -3.000000e+00 0.000000e+00
0.000000e+00 0.000000e+00 4.850000e-01 2.875000e-01 -3.000000e+00 0.000000e+00
0.000000e+00 0.000000e+00 4.850000e-01 3.125000e-01 -3.000000e+00 0.000000e+00
0.000000e+00 0.000000e+00 4.850000e-01 3.375000e-01 -3.000000e+00 0.000000e+00
0.000000e+00 0.000000e+00 4.850000e-01 3.624999e-01 -3.000000e+00 0.000000e+00
0.000000e+00 0.000000e+00 4.850000e-01 3.874999e-01 -3.000000e+00 0.000000e+00
4.916148e-04 2.838340e-04 4.850000e-01 4.124999e-01 -3.000000e+00 0.000000e+00
0.000000e+00 0.000000e+00 4.850000e-01 4.374999e-01 -3.000000e+00 0.000000e+00
0.000000e+00 0.000000e+00 4.850000e-01 4.624999e-01 -3.000000e+00 0.000000e+00
0.000000e+00 0.000000e+00 4.850000e-01 4.874999e-01 -3.000000e+00 0.000000e+00
4.823829e-04 2.785039e-04 4.850000e-01 5.124999e-01 -3.000000e+00 0.000000e+00
0.000000e+00 0.000000e+00 4.850000e-01 5.374999e-01 -3.000000e+00 0.000000e+00
0.000000e+00 0.000000e+00 4.850000e-01 5.624999e-01 -3.000000e+00 0.000000e+00
0.000000e+00 0.000000e+00 4.850000e-01 5.874999e-01 -3.000000e+00 0.000000e+00
0.000000e+00 0.000000e+00 4.850000e-01 6.124999e-01 -3.000000e+00 0.000000e+00
0.000000e+00 0.000000e+00 4.850000e-01 6.374998e-01 -3.000000e+00 0.000000e+00
0.000000e+00 0.000000e+00 4.850000e-01 6.624998e-01 -3.000000e+00 0.000000e+00
0.000000e+00 0.000000e+00 4.850000e-01 6.874998e-01 -3.000000e+00 0.000000e+00
0.000000e+00 0.000000e+00 4.850000e-01 7.124998e-01 -3.000000e+00 0.000000e+00
0.000000e+00 0.000000e+00 4.850000e-01 7.374998e-01 -3.000000e+00 0.000000e+00
4.605523e-04 2.659000e-04 4.850000e-01 7.624998e-01 -3.000000e+00 0.000000e+00
0.000000e+00 0.000000e+00 4.850000e-01 7.874998e-01 -3.000000e+00 0.000000e+00
0.000000e+00 0.000000e+00 4.850000e-01 8.124998e-01 -3.000000e+00 0.000000e+00
0.000000e+00 0.000000e+00 4.850000e-01 8.374998e-01 -3.000000e+00 0.000000e+00
4.470935e-04 2.581295e-04 4.850000e-01 8.624998e-01 -3.000000e+00 0.000000e+00
0.000000e+00 0.000000e+00 4.850000e-01 8.874998e-01 -3.000000e+00 0.000000e+00
0.000000e+00 0.000000e+00 4.850000e-01 9.124997e-01 -3.000000e+00 0.000000e+00
0.000000e+00 0.000000e+00 4.850000e-01 9.374997e-01 -3.000000e+00 0.000000e+00
0.000000e+00 0.000000e+00 4.850000e-01 9.624997e-01 -3.000000e+00 0.000000e+00
4.314006e-04 2.490692e-04 4.850000e-01 9.874997e-01 -3.000000e+00 0.000000e+00
1.282489e-03 4.274977e-04 4.850000e-01 1.012500e+00 -3.000000e+00 0.000000e+00
8.531245e-04 3.482866e-04 4.850000e-01 1.037500e+00 -3.000000e+00 0.000000e+00
0.000000e+00 0.000000e+00 4.850000e-01 1.062500e+00 -3.000000e+00 0.000000e+00
4.179882e-04 2.413256e-04 4.850000e-01 1.087500e+00 -3.000000e+00 0.000000e+00
4.097901e-04 2.365925e-04 4.850000e-01 1.112500e+00 -3.000000e+00 0.000000e+00
4.123769e-04 2.380859e-04 4.850000e-01 1.137500e+00 -3.000000e+00 0.000000e+00
0.000000e+00 0.000000e+00 4.850000e-01 1.162500e+00 -3.000000e+00 0.000000e+00
8.100859e-04 3.307164e-04 4.850000e-01 1.187500e+00 -3.000000e+00 0.000000e+00
0.000000e+00 0.000000e+00 4.850000e-01 1.212500e+00 -3.000000e+00 0.000000e+00
4.019527e-04 2.320675e-04 4.850000e-01 1.237500e+00 -3.000000e+00 0.000000e+00
7.884381e-04 3.218810e-04 4.850000e-01 1.262500e+00 -3.000000e+00 0.000000e+00
3.133336e-03 6.395914e-04 4.850000e-01 1.287500e+00 -3.000000e+00 0.000000e+00
0.000000e+00 0.000000e+00 4.850000e-01 1.312500e+00 -3.000000e+00 0.000000e+00
1.525210e-03 4.402902e-04 4.850000e-01 1.337500e+00 -3.000000e+00 0.000000e+00
1.143182e-03 3.810620e-04 4.850000e-01 1.362500e+00 -3.000000e+00 0.000000e+00
1.519007e-03 4.384999e-04 4.850000e-01 1.387500e+00 -3.000000e+00 0.000000e+00
2.620995e-03 5.719504e-04 4.850000e-01 1.412500e+00 -3.000000e+00 0.000000e+00
0.000000e+00 0.000000e+00 4.850000e-01 1.437500e+00 -3.000000e+00 0.000000e+00
2.196895e-03 5.178162e-04 4.850000e-01 1.462500e+00 -3.000000e+00 0.000000e+00
3.264118e-03 6.281818e-04 4.850000e-01 1.487500e+00 -3.000000e+00 0.000000e+00
7.220884e-04 2.947914e-04 4.850000e-01 1.512500e+00 -3.000000e+00 0.000000e+00
3.532327e-04 2.039390e-04 4.850000e-01 1.537500e+00 -3.000000e+00 0.000000e+00
1.401937e-03 4.047047e-04 4.850000e-01 1.562500e+00 -3.000000e+00 0.000000e+00
1.400797e-03 4.043765e-04 4.850000e-01 1.587500e+00 -3.000000e+00 0.000000e+00
6.863347e-04 2.801952e-04 4.850000e-01 1.612499e+00 -3.000000e+00 0.000000e+00
6.934021e-04 2.830824e-04 4.850000e-01 1.637499e+00 -3.000000e+00 0.000000e+00
3.440155e-04 1.986174e-04 4.850000e-01 1.662499e+00 -3.000000e+00 0.000000e+00
0.000000e+00 0.000000e+00 4.850000e-01 1.687499e+00 -3.000000e+00 0.000000e+00
3.418041e-04 1.973407e-04 4.850000e-01 1.712499e+00 -3.000000e+00 0.000000e+00
3.422477e-04 1.975968e-04 4.850000e-01 1.737499e+00 -3.000000e+00 0.000000e+00
0.000000e+00 0.000000e+00 4.850000e-01 1.762499e+00 -3.000000e+00 0.000000e+00
0.000000e+00 0.000000e+00 4.850000e-01 1.787499e+00 -3.000000e+00 0.000000e+00
3.398858e-04 1.962331e-04 4.850000e-01 1.812499e+00 -3.000000e+00 0.000000e+00
0.000000e+00 0.000000e+00 4.850000e-01 1.837499e+00 -3.000000e+00 0.000000e+00
0.000000e+00 0.000000e+00 4.850000e-01 1.862499e+00 -3.000000e+00 0.000000e+00
0.000000e+00 0.000000e+00 4.850000e-01 1.887499e+00 -3.000000e+00 0.000000e+00
4.432376e-04 2.559034e-04 4.850000e-01 1.912499e+00 -3.000000e+00 0.000000e+00
0.000000e+00 0.000000e+00 4.850000e-01 1.937499e+00 -3.000000e+00 0.000000e+00
0.000000e+00 0.000000e+00 4.850000e-01 1.962499e+00 -3.000000e+00 0.000000e+00
nan nan 4.850000e-01 1.987499e+00 -3.000000e+00 0.000000e+00
0.000000e+00 0.000000e+00 4.950000e-01 2.125000e-01 -3.000000e+00 0.000000e+00
0.000000e+00 0.000000e+00 4.950000e-01 2.375000e-01 -3.000000e+00 0.000000e+00
0.000000e+00 0.000000e+00 4.950000e-01 2.625000e-01 -3.000000e+00 0.000000e+00
0.000000e+00 0.000000e+00 4.950000e-01 2.875000e-01 -3.000000e+00 0.000000e+00
0.000000e+00 0.000000e+00 4.950000e-01 3.125000e-01 -3.000000e+00 0.000000e+00
0.000000e+00 0.000000e+00 4.950000e-01 3.375000e-01 -3.000000e+00 0.000000e+00
0.000000e+00 0.000000e+00 4.950000e-01 3.624999e-01 -3.000000e+00 0.000000e+00
4.950646e-04 2.858257e-04 4.950000e-01 3.874999e-01 -3.000000e+00 0.000000e+00
0.000000e+00 0.000000e+00 4.950000e-01 4.124999e-01 -3.000000e+00 0.000000e+00
0.000000e+00 0.000000e+00 4.950000e-01 4.374999e-01 -3.000000e+00 0.000000e+00
9.889176e-04 4.037240e-04 4.950000e-01 4.624999e-01 -3.000000e+00 0.000000e+00
0.000000e+00 0.000000e+00 4.950000e-01 4.874999e-01 -3.000000e+00 0.000000e+00
0.000000e+00 0.000000e+00 4.950000e-01 5.124999e-01 -3.000000e+00 0.000000e+00
0.000000e+00 0.000000e+00 4.950000e-01 5.374999e-01 -3.000000e+00 0.000000e+00
0.000000e+00 0.000000e+00 4.950000e-01 5.624999e-01 -3.000000e+00 0.000000e+00
0.000000e+00 0.000000e+00 4.950000e-01 5.874999e-01 -3.000000e+00 0.000000e+00
4.751590e-04 2.743332e-04 4.950000e-01 6.124999e-01 -3.000000e+00 0.000000e+00
0.000000e+00 0.000000e+00 4.950000e-01 6.374998e-01 -3.000000e+00 0.000000e+00
0.000000e+00 0.000000e+00 4.950000e-01 6.624998e-01 -3.000000e+00 0.000000e+00
0.000000e+00 0.000000e+00 4.950000e-01 6.874998e-01 -3.000000e+00 0.000000e+00
0.000000e+00 0.000000e+00 4.950000e-01 7.124998e-01 -3.000000e+00 0.000000e+00
0.000000e+00 0.000000e+00 4.950000e-01 7.374998e-01 -3.000000e+00 0.000000e+00
0.000000e+00 0.000000e+00 4.950000e-01 7.624998e-01 -3.000000e+00 0.000000e+00
0.000000e+00 0.000000e+00 4.950000e-01 7.874998e-01 -3.000000e+00 0.000000e+00
0.000000e+00 0.000000e+00 4.950000e-01 8.124998e-01 -3.000000e+00 0.000000e+00
0.000000e+00 0.000000e+00 4.950000e-01 8.374998e-01 -3.000000e+00 0.000000e+00
0.000000e+00 0.000000e+00 4.950000e-01 8.624998e-01 -3.000000e+00 0.000000e+00
4.418456e-04 2.550997e-04 4.950000e-01 8.874998e-01 -3.000000e+00 0.000000e+00
0.000000e+00 0.000000e+00 4.950000e-01 9.124997e-01 -3.000000e+00 0.000000e+00
0.000000e+00 0.000000e+00 4.950000e-01 9.374997e-01 -3.000000e+00 0.000000e+00
0.000000e+00 0.000000e+00 4.950000e-01 9.624997e-01 -3.000000e+00 0.000000e+00
0.000000e+00 0.000000e+00 4.950000e-01 9.874997e-01 -3.000000e+00 0.000000e+00
4.239187e-04 2.447496e-04 4.950000e-01 1.012500e+00 -3.000000e+00 0.000000e+00
1.708432e-03 4.931835e-04 4.950000e-01 1.037500e+00 -3.000000e+00 0.000000e+00
1.265962e-03 4.219883e-04 4.950000e-01 1.062500e+00 -3.000000e+00 0.000000e+00
4.159396e-04 2.401428e-04 4.950000e-01 1.087500e+00 -3.000000e+00 0.000000e+00
8.363016e-04 3.414189e-04 4.950000e-01 1.112500e+00 -3.000000e+00 0.000000e+00
0.000000e+00 0.000000e+00 4.950000e-01 1.137500e+00 -3.000000e+00 0.000000e+00
0.000000e+00 0.000000e+00 4.950000e-01 1.162500e+00 -3.000000e+00 0.000000e+00
0.000000e+00 0.000000e+00 4.950000e-01 1.187500e+00 -3.000000e+00 0.000000e+00
8.069520e-04 3.294368e-04 4.950000e-01 1.212500e+00 -3.000000e+00 0.000000e+00
2.007500e-03 5.183349e-04 4.950000e-01 1.237500e+00 -3.000000e+00 0.000000e+00
7.936225e-04 3.239951e-04 4.950000e-01 1.262500e+00 -3.000000e+00 0.000000e+00
1.569762e-03 4.531524e-04 4.950000e-01 1.287500e+00 -3.000000e+00 0.000000e+00
1.165911e-03 3.886380e-04 4.950000e-01 1.312500e+00 -3.000000e+00 0.000000e+00
2.696928e-03 5.885209e-04 4.950000e-01 1.337500e+00 -3.000000e+00 0.000000e+00
7.668414e-04 3.130617e-04 4.950000e-01 1.362500e+00 -3.000000e+00 0.000000e+00
1.513767e-03 4.369889e-04 4.950000e-01 1.387500e+00 -3.000000e+00 0.000000e+00
7.542453e-04 3.079193e-04 4.950000e-01 1.412500e+00 -3.000000e+00 0.000000e+00
2.218026e-03 5.227962e-04 4.950000e-01 1.437500e+00 -3.000000e+00 0.000000e+00
7.339828e-04 2.996472e-04 4.950000e-01 1.462500e+00 -3.000000e+00 0.000000e+00
1.093959e-03 3.646558e-04 4.950000e-01 1.487500e+00 -3.000000e+00 0.000000e+00
2.148534e-03 5.064152e-04 4.950000e-01 1.512500e+00 -3.000000e+00 0.000000e+00
1.067518e-03 3.558415e-04 4.950000e-01 1.537500e+00 -3.000000e+00 0.000000e+00
1.410917e-03 4.072981e-04 4.950000e-01 1.562500e+00 -3.000000e+00 0.000000e+00
3.447269e-04 1.990281e-04 4.950000e-01 1.587500e+00 -3.000000e+00 0.000000e+00
7.011372e-04 2.862415e-04 4.950000e-01 1.612499e+00 -3.000000e+00 0.000000e+00
6.843141e-04 2.793704e-04 4.950000e-01 1.637499e+00 -3.000000e+00 0.000000e+00
3.393829e-04 1.959428e-04 4.950000e-01 1.662499e+00 -3.000000e+00 0.000000e+00
0.000000e+00 0.000000e+00 4.950000e-01 1.687499e+00 -3.000000e+00 0.000000e+00
0.000000e+00 0.000000e+00 4.950000e-01 1.712499e+00 -3.000000e+00 0.000000e+00
0.000000e+00 0.000000e+00 4.950000e-01 1.737499e+00 -3.000000e+00 0.000000e+00
3.398227e-04 1.961967e-04 4.950000e-01 1.762499e+00 -3.000000e+00 0.000000e+00
0.000000e+00 0.000000e+00 4.950000e-01 1.787499e+00 -3.000000e+00 0.000000e+00
3.523251e-04 2.034150e-04 4.950000e-01 1.812499e+00 -3.000000e+00 0.000000e+00
0.000000e+00 0.000000e+00 4.950000e-01 1.837499e+00 -3.000000e+00 0.000000e+00
0.000000e+00 0.000000e+00 4.950000e-01 1.862499e+00 -3.000000e+00 0.000000e+00
0.000000e+00 0.000000e+00 4.950000e-01 1.887499e+00 -3.000000e+00 0.000000e+00
0.000000e+00 0.000000e+00 4.950000e-01 1.912499e+00 -3.000000e+00 0.000000e+00
nan nan 4.950000e-01 1.937499e+00 -3.000000e+00 0.000000e+00
nan nan 4.950000e-01 1.962499e+00 -3.000000e+00 0.000000e+00
nan nan 4.950000e-01 1.987499e+00 -3.000000e+00 0.000000e+00
5.129217e-04 2.961355e-04 5.050000e-01 2.125000e-01 -3.000000e+00 0.000000e+00
0.000000e+00 0.000000e+00 5.050000e-01 2.375000e-01 -3.000000e+00 0.000000e+00
0.000000e+00 0.000000e+00 5.050000e-01 2.625000e-01 -3.000000e+00 0.000000e+00
0.000000e+00 0.000000e+00 5.050000e-01 2.875000e-01 -3.000000e+00 0.000000e+00
0.000000e+00 0.000000e+00 5.050000e-01 3.125000e-01 -3.000000e+00 0.000000e+00
5.128231e-04 2.960785e-04 5.050000e-01 3.375000e-01 -3.000000e+00 0.000000e+00
0.000000e+00 0.000000e+00 5.050000e-01 3.624999e-01 -3.000000e+00 0.000000e+00
0.000000e+00 0.000000e+00 5.050000e-01 3.874999e-01 -3.000000e+00 0.000000e+00
0.000000e+00 0.000000e+00 5.050000e-01 4.124999e-01 -3.000000e+00 0.000000e+00
0.000000e+00 0.000000e+00 5.050000e-01 4.374999e-01 -3.000000e+00 0.000000e+00
0.000000e+00 0.000000e+00 5.050000e-01 4.624999e-01 -3.000000e+00 0.000000e+00
0.000000e+00 0.000000e+00 5.050000e-01 4.874999e-01 -3.000000e+00 0.000000e+00
0.000000e+00 0.000000e+00 5.050000e-01 5.124999e-01 -3.000000e+00 0.000000e+00
0.000000e+00 0.000000e+00 5.050000e-01 5.374999e-01 -3.000000e+00 0.000000e+00
0.000000e+00 0.000000e+00 5.050000e-01 5.624999e-01 -3.000000e+00 0.000000e+00
0.000000e+00 0.000000e+00 5.050000e-01 5.874999e-01 -3.000000e+00 0.000000e+00
0.000000e+00 0.000000e+00 5.050000e-01 6.124999e-01 -3.000000e+00 0.000000e+00
0.000000e+00 0.000000e+00 5.050000e-01 6.374998e-01 -3.000000e+00 0.000000e+00
0.000000e+00 0.000000e+00 5.050000e-01 6.624998e-01 -3.000000e+00 0.000000e+00
0.000000e+00 0.000000e+00 5.050000e-01 6.874998e-01 -3.000000e+00 0.000000e+00
0.000000e+00 0.000000e+00 5.050000e-01 7.124998e-01 -3.000000e+00 0.000000e+00
0.000000e+00 0.000000e+00 5.050000e-01 7.374998e-01 -3.000000e+00 0.000000e+00
4.571260e-04 2.639218e-04 5.050000e-01 7.624998e-01 -3.000000e+00 0.000000e+00
0.000000e+00 0.000000e+00 5.050000e-01 7.874998e-01 -3.000000e+00 0.000000e+00
0.000000e+00 0.000000e+00 5.050000e-01 8.124998e-01 -3.000000e+00 0.000000e+00
0.000000e+00 0.000000e+00 5.050000e-01 8.374998e-01 -3.000000e+00 0.000000e+00
0.000000e+00 0.000000e+00 5.050000e-01 8.624998e-01 -3.000000e+00 0.000000e+00
0.000000e+00 0.000000e+00 5.050000e-01 8.874998e-01 -3.000000e+00 0.000000e+00
4.402037e-04 2.541517e-04 5.050000e-01 9.124997e-01 -3.000000e+00 0.000000e+00
4.359335e-04 2.516863e-04 5.050000e-01 9.374997e-01 -3.000000e+00 0.000000e+00
0.000000e+00 0.000000e+00 5.050000e-01 9.624997e-01 -3.000000e+00 0.000000e+00
4.289564e-04 2.476581e-04 5.050000e-01 9.874997e-01 -3.000000e+00 0.000000e+00
1.280222e-03 4.267416e-04 5.050000e-01 1.012500e+00 -3.000000e+00 0.000000e+00
1.287700e-03 4.292346e-04 5.050000e-01 1.037500e+00 -3.000000e+00 0.000000e+00
4.224378e-04 2.438946e-04 5.050000e-01 1.062500e+00 -3.000000e+00 0.000000e+00
1.251842e-03 4.172810e-04 5.050000e-01 1.087500e+00 -3.000000e+00 0.000000e+00
4.168040e-04 2.406419e-04 5.050000e-01 1.112500e+00 -3.000000e+00 0.000000e+00
0.000000e+00 0.000000e+00 5.050000e-01 1.137500e+00 -3.000000e+00 0.000000e+00
8.197554e-04 3.346649e-04 5.050000e-01 1.162500e+00 -3.000000e+00 0.000000e+00
0.000000e+00 0.000000e+00 5.050000e-01 1.187500e+00 -3.000000e+00 0.000000e+00
4.028206e-04 2.325686e-04 5.050000e-01 1.212500e+00 -3.000000e+00 0.000000e+00
1.997298e-03 5.157019e-04 5.050000e-01 1.237500e+00 -3.000000e+00 0.000000e+00
1.582996e-03 4.569727e-04 5.050000e-01 1.262500e+00 -3.000000e+00 0.000000e+00
3.156061e-03 6.442305e-04 5.050000e-01 1.287500e+00 -3.000000e+00 0.000000e+00
1.170233e-03 3.900787e-04 5.050000e-01 1.312500e+00 -3.000000e+00 0.000000e+00
1.163795e-03 3.879329e-04 5.050000e-01 1.337500e+00 -3.000000e+00 0.000000e+00
1.141642e-03 3.805485e-04 5.050000e-01 1.362500e+00 -3.000000e+00 0.000000e+00
7.593282e-04 3.099944e-04 5.050000e-01 1.387500e+00 -3.000000e+00 0.000000e+00
1.879862e-03 4.853791e-04 5.050000e-01 1.412500e+00 -3.000000e+00 0.000000e+00
7.361788e-04 3.005440e-04 5.050000e-01 1.437500e+00 -3.000000e+00 0.000000e+00
7.381406e-04 3.013449e-04 5.050000e-01 1.462500e+00 -3.000000e+00 0.000000e+00
1.080899e-03 3.603013e-04 5.050000e-01 1.487500e+00 -3.000000e+00 0.000000e+00
1.079100e-03 3.597002e-04 5.050000e-01 1.512500e+00 -3.000000e+00 0.000000e+00
7.169986e-04 2.927156e-04 5.050000e-01 1.537500e+00 -3.000000e+00 0.000000e+00
6.928584e-04 2.828594e-04 5.050000e-01 1.562500e+00 -3.000000e+00 0.000000e+00
7.002625e-04 2.858812e-04 5.050000e-01 1.587500e+00 -3.000000e+00 0.000000e+00
6.818340e-04 2.783580e-04 5.050000e-01 1.612499e+00 -3.000000e+00 0.000000e+00
0.000000e+00 0.000000e+00 5.050000e-01 1.637499e+00 -3.000000e+00 0.000000e+00
0.000000e+00 0.000000e+00 5.050000e-01 1.662499e+00 -3.000000e+00 0.000000e+00
0.000000e+00 0.000000e+00 5.050000e-01 1.687499e+00 -3.000000e+00 0.000000e+00
3.452104e-04 1.993073e-04 5.050000e-01 1.712499e+00 -3.000000e+00 0.000000e+00
0.000000e+00 0.000000e+00 5.050000e-01 1.737499e+00 -3.000000e+00 0.000000e+00
0.000000e+00 0.000000e+00 5.050000e-01 1.762499e+00 -3.000000e+00 0.000000e+00
0.000000e+00 0.000000e+00 5.050000e-01 1.787499e+00 -3.000000e+00 0.000000e+00
0.000000e+00 0.000000e+00 5.050000e-01 1.812499e+00 -3.000000e+00 0.000000e+00
0.000000e+00 0.000000e+00 5.050000e-01 1.837499e+00 -3.000000e+00 0.000000e+00
0.000000e+00 0.000000e+00 5.050000e-01 1.862499e+00 -3.000000e+00 0.000000e+00
nan nan 5.050000e-01 1.887499e+00 -3.000000e+00 0.000000e+00
nan nan 5.050000e-01 1.912499e+00 -3.000000e+00 0.000000e+00
nan nan 5.050000e-01 1.937499e+00 -3.000000e+00 0.000000e+00
nan nan 5.050000e-01 1.962499e+00 -3.000000e+00 0.000000e+00
nan nan 5.050000e-01 1.987499e+00 -3.000000e+00 0.000000e+00
0.000000e+00 0.000000e+00 5.150000e-01 2.125000e-01 -3.000000e+00 0.000000e+00
0.000000e+00 0.000000e+00 5.150000e-01 2.375000e-01 -3.000000e+00 0.000000e+00
0.000000e+00 0.000000e+00 5.150000e-01 2.625000e-01 -3.000000e+00 0.000000e+00
0.000000e+00 0.000000e+00 5.150000e-01 2.875000e-01 -3.000000e+00 0.000000e+00
0.000000e+00 0.000000e+00 5.150000e-01 3.125000e-01 -3.000000e+00 0.000000e+00
0.000000e+00 0.000000e+00 5.150000e-01 3.375000e-01 -3.000000e+00 0.000000e+00
0.000000e+00 0.000000e+00 5.150000e-01 3.624999e-01 -3.000000e+00 0.000000e+00
0.000000e+00 0.000000e+00 5.150000e-01 3.874999e-01 -3.000000e+00 0.000000e+00
0.000000e+00 0.000000e+00 5.150000e-01 4.124999e-01 -3.000000e+00 0.000000e+00
0.000000e+00 0.000000e+00 5.150000e-01 4.374999e-01 -3.000000e+00 0.000000e+00
4.937483e-04 2.850657e-04 5.150000e-01 4.624999e-01 -3.000000e+00 0.000000e+00
0.000000e+00 0.000000e+00 5.150000e-01 4.874999e-01 -3.000000e+00 0.000000e+00
0.000000e+00 0.000000e+00 5.150000e-01 5.124999e-01 -3.000000e+00 0.000000e+00
4.873570e-04 2.813757e-04 5.150000e-01 5.374999e-01 -3.000000e+00 0.000000e+00
0.000000e+00 0.000000e+00 5.150000e-01 5.624999e-01 -3.000000e+00 0.000000e+00
0.000000e+00 0.000000e+00 5.150000e-01 5.874999e-01 -3.000000e+00 0.000000e+00
0.000000e+00 0.000000e+00 5.150000e-01 6.124999e-01 -3.000000e+00 0.000000e+00
0.000000e+00 0.000000e+00 5.150000e-01 6.374998e-01 -3.000000e+00 0.000000e+00
0.000000e+00 0.000000e+00 5.150000e-01 6.624998e-01 -3.000000e+00 0.000000e+00
4.690925e-04 2.708307e-04 5.150000e-01 6.874998e-01 -3.000000e+00 0.000000e+00
0.000000e+00 0.000000e+00 5.150000e-01 7.124998e-01 -3.000000e+00 0.000000e+00
4.619047e-04 2.666808e-04 5.150000e-01 7.374998e-01 -3.000000e+00 0.000000e+00
0.000000e+00 0.000000e+00 5.150000e-01 7.624998e-01 -3.000000e+00 0.000000e+00
0.000000e+00 0.000000e+00 5.150000e-01 7.874998e-01 -3.000000e+00 0.000000e+00
0.000000e+00 0.000000e+00 5.150000e-01 8.124998e-01 -3.000000e+00 0.000000e+00
0.000000e+00 0.000000e+00 5.150000e-01 8.374998e-01 -3.000000e+00 0.000000e+00
0.000000e+00 0.000000e+00 5.150000e-01 8.624998e-01 -3.000000e+00 0.000000e+00
0.000000e+00 0.000000e+00 5.150000e-01 8.874998e-01 -3.000000e+00 0.000000e+00
0.000000e+00 0.000000e+00 5.150000e-01 9.124997e-01 -3.000000e+00 0.000000e+00
4.446420e-04 2.567142e-04 5.150000e-01 9.374997e-01 -3.000000e+00 0.000000e+00
0.000000e+00 0.000000e+00 5.150000e-01 9.624997e-01 -3.000000e+00 0.000000e+00
4.374316e-04 2.525513e-04 5.150000e-01 9.874997e-01 -3.000000e+00 0.000000e+00
4.302659e-04 2.484141e-04 5.150000e-01 1.012500e+00 -3.000000e+00 0.000000e+00
1.279137e-03 4.263797e-04 5.150000e-01 1.037500e+00 -3.000000e+00 0.000000e+00
2.104318e-03 5.433336e-04 5.150000e-01 1.062500e+00 -3.000000e+00 0.000000e+00
8.442212e-04 3.446522e-04 5.150000e-01 1.087500e+00 -3.000000e+00 0.000000e+00
0.000000e+00 0.000000e+00 5.150000e-01 1.112500e+00 -3.000000e+00 0.000000e+00
4.125443e-04 2.381825e-04 5.150000e-01 1.137500e+00 -3.000000e+00 0.000000e+00
4.093791e-04 2.363552e-04 5.150000e-01 1.162500e+00 -3.000000e+00 0.000000e+00
4.109903e-04 2.372854e-04 5.150000e-01 1.187500e+00 -3.000000e+00 0.000000e+00
0.000000e+00 0.000000e+00 5.150000e-01 1.212500e+00 -3.000000e+00 0.000000e+00
7.938695e-04 3.240973e-04 5.150000e-01 1.237500e+00 -3.000000e+00 0.000000e+00
1.597344e-03 4.611140e-04 5.150000e-01 1.262500e+00 -3.000000e+00 0.000000e+00
7.904563e-04 3.227030e-04 5.150000e-01 1.287500e+00 -3.000000e+00 0.000000e+00
1.545009e-03 4.460071e-04 5.150000e-01 1.312500e+00 -3.000000e+00 0.000000e+00
1.540216e-03 4.446236e-04 5.150000e-01 1.337500e+00 -3.000000e+00 0.000000e+00
1.145345e-03 3.817826e-04 5.150000e-01 1.362500e+00 -3.000000e+00 0.000000e+00
1.894442e-03 4.891449e-04 5.150000e-01 1.387500e+00 -3.000000e+00 0.000000e+00
3.730668e-04 2.153902e-04 5.150000e-01 1.412500e+00 -3.000000e+00 0.000000e+00
0.000000e+00 0.000000e+00 5.150000e-01 1.437500e+00 -3.000000e+00 0.000000e+00
0.000000e+00 0.000000e+00 5.150000e-01 1.462500e+00 -3.000000e+00 0.000000e+00
1.081312e-03 3.604377e-04 5.150000e-01 1.487500e+00 -3.000000e+00 0.000000e+00
7.244062e-04 2.957384e-04 5.150000e-01 1.512500e+00 -3.000000e+00 0.000000e+00
1.043419e-03 3.478088e-04 5.150000e-01 1.537500e+00 -3.000000e+00 0.000000e+00
7.132016e-04 2.911635e-04 5.150000e-01 1.562500e+00 -3.000000e+00 0.000000e+00
3.390268e-04 1.957372e-04 5.150000e-01 1.587500e+00 -3.000000e+00 0.000000e+00
7.003627e-04 2.859241e-04 5.150000e-01 1.612499e+00 -3.000000e+00 0.000000e+00
0.000000e+00 0.000000e+00 5.150000e-01 1.637499e+00 -3.000000e+00 0.000000e+00
0.000000e+00 0.000000e+00 5.150000e-01 1.662499e+00 -3.000000e+00 0.000000e+00
0.000000e+00 0.000000e+00 5.150000e-01 1.687499e+00 -3.000000e+00 0.000000e+00
0.000000e+00 0.000000e+00 5.150000e-01 1.712499e+00 -3.000000e+00 0.000000e+00
0.000000e+00 0.000000e+00 5.150000e-01 1.737499e+00 -3.000000e+00 0.000000e+00
0.000000e+00 0.000000e+00 5.150000e-01 1.762499e+00 -3.000000e+00 0.000000e+00
0.000000e+00 0.000000e+00 5.150000e-01 1.787499e+00 -3.000000e+00 0.000000e+00
nan nan 5.150000e-01 1.812499e+00 -3.000000e+00 0.000000e+00
nan nan 5.150000e-01 1.837499e+00 -3.000000e+00 0.000000e+00
nan nan 5.150000e-01 1.862499e+00 -3.000000e+00 0.000000e+00
nan nan 5.150000e-01 1.887499e+00 -3.000000e+00 0.000000e+00
nan nan 5.150000e-01 1.912499e+00 -3.000000e+00 0.000000e+00
nan nan 5.150000e-01 1.937499e+00 -3.000000e+00 0.000000e+00
nan nan 5.150000e-01 1.962499e+00 -3.000000e+00 0.000000e+00
nan nan 5.150000e-01 1.987499e+00 -3.000000e+00 0.000000e+00
0.000000e+00 0.000000e+00 5.250000e-01 2.125000e-01 -3.000000e+00 0.000000e+00
0.000000e+00 0.000000e+00 5.250000e-01 2.375000e-01 -3.000000e+00 0.000000e+00
0.000000e+00 0.000000e+00 5.250000e-01 2.625000e-01 -3.000000e+00 0.000000e+00
0.000000e+00 0.000000e+00 5.250000e-01 2.875000e-01 -3.000000e+00 0.000000e+00
0.000000e+00 0.000000e+00 5.250000e-01 3.125000e-01 -3.000000e+00 0.000000e+00
0.000000e+00 0.000000e+00 5.250000e-01 3.375000e-01 -3.000000e+00 0.000000e+00
0.000000e+00 0.000000e+00 5.250000e-01 3.624999e-01 -3.000000e+00 0.000000e+00
0.000000e+00 0.000000e+00 5.250000e-01 3.874999e-01 -3.000000e+00 0.000000e+00
0.000000e+00 0.000000e+00 5.250000e-01 4.124999e-01 -3.000000e+00 0.000000e+00
0.000000e+00 0.000000e+00 5.250000e-01 4.374999e-01 -3.000000e+00 0.000000e+00
0.000000e+00 0.000000e+00 5.250000e-01 4.624999e-01 -3.000000e+00 0.000000e+00
0.000000e+00 0.000000e+00 5.250000e-01 4.874999e-01 -3.000000e+00 0.000000e+00
0.000000e+00 0.000000e+00 5.250000e-01 5.124999e-01 -3.000000e+00 0.000000e+00
0.000000e+00 0.000000e+00 5.250000e-01 5.374999e-01 -3.000000e+00 0.000000e+00
0.000000e+00 0.000000e+00 5.250000e-01 5.624999e-01 -3.000000e+00 0.000000e+00
0.000000e+00 0.000000e+00 5.250000e-01 5.874999e-01 -3.000000e+00 0.000000e+00
0.000000e+00 0.000000e+00 5.250000e-01 6.124999e-01 -3.000000e+00 0.000000e+00
0.000000e+00 0.000000e+00 5.250000e-01 6.374998e-01 -3.000000e+00 0.000000e+00
0.000000e+00 0.000000e+00 5.250000e-01 6.624998e-01 -3.000000e+00 0.000000e+00
0.000000e+00 0.000000e+00 5.250000e-01 6.874998e-01 -3.000000e+00 0.000000e+00
0.000000e+00 0.000000e+00 5.250000e-01 7.124998e-01 -3.000000e+00 0.000000e+00
0.000000e+00 0.000000e+00 5.250000e-01 7.374998e-01 -3.000000e+00 0.000000e+00
0.000000e+00 0.000000e+00 5.250000e-01 7.624998e-01 -3.000000e+00 0.000000e+00
0.000000e+00 0.000000e+00 5.250000e-01 7.874998e-01 -3.000000e+00 0.000000e+00
0.000000e+00 0.000000e+00 5.250000e-01 8.124998e-01 -3.000000e+00 0.000000e+00
0.000000e+00 0.000000e+00 5.250000e-01 8.374998e-01 -3.000000e+00 0.000000e+00
0.000000e+00 0.000000e+00 5.250000e-01 8.624998e-01 -3.000000e+00 0.000000e+00
0.000000e+00 0.000000e+00 5.250000e-01 8.874998e-01 -3.000000e+00 0.000000e+00
0.000000e+00 0.000000e+00 5.250000e-01 9.124997e-01 -3.000000e+00 0.000000e+00
0.000000e+00 0.000000e+00 5.250000e-01 9.374997e-01 -3.000000e+00 0.000000e+00
0.000000e+00 0.000000e+00 5.250000e-01 9.624997e-01 -3.000000e+00 0.000000e+00
0.000000e+00 0.000000e+00 5.250000e-01 9.874997e-01 -3.000000e+00 0.000000e+00
4.353661e-04 2.513587e-04 5.250000e-01 1.012500e+00 -3.000000e+00 0.000000e+00
1.265876e-03 4.219591e-04 5.250000e-01 1.037500e+00 -3.000000e+00 0.000000e+00
1.690196e-03 4.879182e-04 5.250000e-01 1.062500e+00 -3.000000e+00 0.000000e+00
4.215781e-04 2.433982e-04 5.250000e-01 1.087500e+00 -3.000000e+00 0.000000e+00
2.108659e-03 5.444543e-04 5.250000e-01 1.112500e+00 -3.000000e+00 0.000000e+00
0.000000e+00 0.000000e+00 5.250000e-01 1.137500e+00 -3.000000e+00 0.000000e+00
0.000000e+00 0.000000e+00 5.250000e-01 1.162500e+00 -3.000000e+00 0.000000e+00
4.068051e-04 2.348690e-04 5.250000e-01 1.187500e+00 -3.000000e+00 0.000000e+00
8.078452e-04 3.298017e-04 5.250000e-01 1.212500e+00 -3.000000e+00 0.000000e+00
4.001706e-04 2.310386e-04 5.250000e-01 1.237500e+00 -3.000000e+00 0.000000e+00
1.586329e-03 4.579342e-04 5.250000e-01 1.262500e+00 -3.000000e+00 0.000000e+00
3.144057e-03 6.417811e-04 5.250000e-01 1.287500e+00 -3.000000e+00 0.000000e+00
2.340509e-03 5.516641e-04 5.250000e-01 1.312500e+00 -3.000000e+00 0.000000e+00
1.156254e-03 3.854188e-04 5.250000e-01 1.337500e+00 -3.000000e+00 0.000000e+00
0.000000e+00 0.000000e+00 5.250000e-01 1.362500e+00 -3.000000e+00 0.000000e+00
0.000000e+00 0.000000e+00 5.250000e-01 1.387500e+00 -3.000000e+00 0.000000e+00
0.000000e+00 0.000000e+00 5.250000e-01 1.412500e+00 -3.000000e+00 0.000000e+00
1.107668e-03 3.692227e-04 5.250000e-01 1.437500e+00 -3.000000e+00 0.000000e+00
1.810870e-03 4.675662e-04 5.250000e-01 1.462500e+00 -3.000000e+00 0.000000e+00
3.630239e-04 2.095919e-04 5.250000e-01 1.487500e+00 -3.000000e+00 0.000000e+00
1.046155e-03 3.487185e-04 5.250000e-01 1.512500e+00 -3.000000e+00 0.000000e+00
3.612763e-04 2.085830e-04 5.250000e-01 1.537500e+00 -3.000000e+00 0.000000e+00
3.436118e-04 1.983844e-04 5.250000e-01 1.562500e+00 -3.000000e+00 0.000000e+00
3.935333e-04 2.272066e-04 5.250000e-01 1.587500e+00 -3.000000e+00 0.000000e+00
9.229283e-04 3.767840e-04 5.250000e-01 1.612499e+00 -3.000000e+00 0.000000e+00
0.000000e+00 0.000000e+00 5.250000e-01 1.637499e+00 -3.000000e+00 0.000000e+00
0.000000e+00 0.000000e+00 5.250000e-01 1.662499e+00 -3.000000e+00 0.000000e+00
0.000000e+00 0.000000e+00 5.250000e-01 1.687499e+00 -3.000000e+00 0.000000e+00
0.000000e+00 0.000000e+00 5.250000e-01 1.712499e+00 -3.000000e+00 0.000000e+00
nan nan 5.250000e-01 1.737499e+00 -3.000000e+00 0.000000e+00
nan nan 5.250000e-01 1.762499e+00 -3.000000e+00 0.000000e+00
nan nan 5.250000e-01 1.787499e+00 -3.000000e+00 0.000000e+00
nan nan 5.250000e-01 1.812499e+00 -3.000000e+00 0.000000e+00
nan nan 5.250000e-01 1.837499e+00 -3.000000e+00 0.000000e+00
nan nan 5.250000e-01 1.862499e+00 -3.000000e+00 0.000000e+00
nan nan 5.250000e-01 1.887499e+00 -3.000000e+00 0.000000e+00
nan nan 5.250000e-01 1.912499e+00 -3.000000e+00 0.000000e+00
nan nan 5.250000e-01 1.937499e+00 -3.000000e+00 0.000000e+00
nan nan 5.250000e-01 1.962499e+00 -3.000000e+00 0.000000e+00
nan nan 5.250000e-01 1.987499e+00 -3.000000e+00 0.000000e+00
1.037310e-03 4.234812e-04 5.350000e-01 2.125000e-01 -3.000000e+00 0.000000e+00
0.000000e+00 0.000000e+00 5.350000e-01 2.375000e-01 -3.000000e+00 0.000000e+00
0.000000e+00 0.000000e+00 5.350000e-01 2.625000e-01 -3.000000e+00 0.000000e+00
0.000000e+00 0.000000e+00 5.350000e-01 2.875000e-01 -3.000000e+00 0.000000e+00
0.000000e+00 0.000000e+00 5.350000e-01 3.125000e-01 -3.000000e+00 0.000000e+00
0.000000e+00 0.000000e+00 5.350000e-01 3.375000e-01 -3.000000e+00 0.000000e+00
0.000000e+00 0.000000e+00 5.350000e-01 3.624999e-01 -3.000000e+00 0.000000e+00
5.071193e-04 2.927854e-04 5.350000e-01 3.874999e-01 -3.000000e+00 0.000000e+00
0.000000e+00 0.000000e+00 5.350000e-01 4.124999e-01 -3.000000e+00 0.000000e+00
0.000000e+00 0.000000e+00 5.350000e-01 4.374999e-01 -3.000000e+00 0.000000e+00
4.923140e-04 2.842376e-04 5.350000e-01 4.624999e-01 -3.000000e+00 0.000000e+00
0.000000e+00 0.000000e+00 5.350000e-01 4.874999e-01 -3.000000e+00 0.000000e+00
0.000000e+00 0.000000e+00 5.350000e-01 5.124999e-01 -3.000000e+00 0.000000e+00
0.000000e+00 0.000000e+00 5.350000e-01 5.374999e-01 -3.000000e+00 0.000000e+00
0.000000e+00 0.000000e+00 5.350000e-01 5.624999e-01 -3.000000e+00 0.000000e+00
0.000000e+00 0.000000e+00 5.350000e-01 5.874999e-01 -3.000000e+00 0.000000e+00
0.000000e+00 0.000000e+00 5.350000e-01 6.124999e-01 -3.000000e+00 0.000000e+00
0.000000e+00 0.000000e+00 5.350000e-01 6.374998e-01 -3.000000e+00 0.000000e+00
4.697206e-04 2.711933e-04 5.350000e-01 6.624998e-01 -3.000000e+00 0.000000e+00
0.000000e+00 0.000000e+00 5.350000e-01 6.874998e-01 -3.000000e+00 0.000000e+00
0.000000e+00 0.000000e+00 5.350000e-01 7.124998e-01 -3.000000e+00 0.000000e+00
0.000000e+00 0.000000e+00 5.350000e-01 7.374998e-01 -3.000000e+00 0.000000e+00
0.000000e+00 0.000000e+00 5.350000e-01 7.624998e-01 -3.000000e+00 0.000000e+00
0.000000e+00 0.000000e+00 5.350000e-01 7.874998e-01 -3.000000e+00 0.000000e+00
9.068792e-04 3.702319e-04 5.350000e-01 8.124998e-01 -3.000000e+00 0.000000e+00
4.545299e-04 2.624229e-04 5.350000e-01 8.374998e-01 -3.000000e+00 0.000000e+00
0.000000e+00 0.000000e+00 5.350000e-01 8.624998e-01 -3.000000e+00 0.000000e+00
0.000000e+00 0.000000e+00 5.350000e-01 8.874998e-01 -3.000000e+00 0.000000e+00
0.000000e+00 0.000000e+00 5.350000e-01 9.124997e-01 -3.000000e+00 0.000000e+00
0.000000e+00 0.000000e+00 5.350000e-01 9.374997e-01 -3.000000e+00 0.000000e+00
0.000000e+00 0.000000e+00 5.350000e-01 9.624997e-01 -3.000000e+00 0.000000e+00
8.710154e-04 3.555907e-04 5.350000e-01 9.874997e-01 -3.000000e+00 0.000000e+00
8.761110e-04 3.576708e-04 5.350000e-01 1.012500e+00 -3.000000e+00 0.000000e+00
8.458996e-04 3.453385e-04 5.350000e-01 1.037500e+00 -3.000000e+00 0.000000e+00
8.477858e-04 3.461071e-04 5.350000e-01 1.062500e+00 -3.000000e+00 0.000000e+00
4.210910e-04 2.431170e-04 5.350000e-01 1.087500e+00 -3.000000e+00 0.000000e+00
4.198407e-04 2.423952e-04 5.350000e-01 1.112500e+00 -3.000000e+00 0.000000e+00
4.094186e-04 2.363779e-04 5.350000e-01 1.137500e+00 -3.000000e+00 0.000000e+00
0.000000e+00 0.000000e+00 5.350000e-01 1.162500e+00 -3.000000e+00 0.000000e+00
4.099570e-04 2.366888e-04 5.350000e-01 1.187500e+00 -3.000000e+00 0.000000e+00
4.068569e-04 2.348989e-04 5.350000e-01 1.212500e+00 -3.000000e+00 0.000000e+00
7.977759e-04 3.256907e-04 5.350000e-01 1.237500e+00 -3.000000e+00 0.000000e+00
1.194589e-03 3.981985e-04 5.350000e-01 1.262500e+00 -3.000000e+00 0.000000e+00
7.881053e-04 3.217426e-04 5.350000e-01 1.287500e+00 -3.000000e+00 0.000000e+00
3.090165e-03 6.307788e-04 5.350000e-01 1.312500e+00 -3.000000e+00 0.000000e+00
1.537201e-03 4.437520e-04 5.350000e-01 1.337500e+00 -3.000000e+00 0.000000e+00
1.524194e-03 4.399973e-04 5.350000e-01 1.362500e+00 -3.000000e+00 0.000000e+00
3.739597e-04 2.159057e-04 5.350000e-01 1.387500e+00 -3.000000e+00 0.000000e+00
3.752373e-04 2.166434e-04 5.350000e-01 1.412500e+00 -3.000000e+00 0.000000e+00
7.302006e-04 2.981039e-04 5.350000e-01 1.437500e+00 -3.000000e+00 0.000000e+00
1.468728e-03 4.239861e-04 5.350000e-01 1.462500e+00 -3.000000e+00 0.000000e+00
3.677750e-04 2.123350e-04 5.350000e-01 1.487500e+00 -3.000000e+00 0.000000e+00
8.482216e-04 3.462868e-04 5.350000e-01 1.512500e+00 -3.000000e+00 0.000000e+00
1.075092e-03 4.389047e-04 5.350000e-01 1.537500e+00 -3.000000e+00 0.000000e+00
9.022063e-04 5.208890e-04 5.350000e-01 1.562500e+00 -3.000000e+00 0.000000e+00
0.000000e+00 0.000000e+00 5.350000e-01 1.587500e+00 -3.000000e+00 0.000000e+00
0.000000e+00 0.000000e+00 5.350000e-01 1.612499e+00 -3.000000e+00 0.000000e+00
0.000000e+00 0.000000e+00 5.350000e-01 1.637499e+00 -3.000000e+00 0.000000e+00
nan nan 5.350000e-01 1.662499e+00 -3.000000e+00 0.000000e+00
nan nan 5.350000e-01 1.687499e+00 -3.000000e+00 0.000000e+00
nan nan 5.350000e-01 1.712499e+00 -3.000000e+00 0.000000e+00
nan nan 5.350000e-01 1.737499e+00 -3.000000e+00 0.000000e+00
nan nan 5.350000e-01 1.762499e+00 -3.000000e+00 0.000000e+00
nan nan 5.350000e-01 1.787499e+00 -3.000000e+00 0.000000e+00
nan nan 5.350000e-01 1.812499e+00 -3.000000e+00 0.000000e+00
nan nan 5.350000e-01 1.837499e+00 -3.000000e+00 0.000000e+00
nan nan 5.350000e-01 1.862499e+00 -3.000000e+00 0.000000e+00
nan nan 5.350000e-01 1.887499e+00 -3.000000e+00 0.000000e+00
nan nan 5.350000e-01 1.912499e+00 -3.000000e+00 0.000000e+00
nan nan 5.350000e-01 1.937499e+00 -3.000000e+00 0.000000e+00
nan nan 5.350000e-01 1.962499e+00 -3.000000e+00 0.000000e+00
nan nan 5.350000e-01 1.987499e+00 -3.000000e+00 0.000000e+00
0.000000e+00 0.000000e+00 5.450000e-01 2.125000e-01 -3.000000e+00 0.000000e+00
5.222201e-04 3.015039e-04 5.450000e-01 2.375000e-01 -3.000000e+00 0.000000e+00
0.000000e+00 0.000000e+00 5.450000e-01 2.625000e-01 -3.000000e+00 0.000000e+00
0.000000e+00 0.000000e+00 5.450000e-01 2.875000e-01 -3.000000e+00 0.000000e+00
0.000000e+00 0.000000e+00 5.450000e-01 3.125000e-01 -3.000000e+00 0.000000e+00
0.000000e+00 0.000000e+00 5.450000e-01 3.375000e-01 -3.000000e+00 0.000000e+00
0.000000e+00 0.000000e+00 5.450000e-01 3.624999e-01 -3.000000e+00 0.000000e+00
0.000000e+00 0.000000e+00 5.450000e-01 3.874999e-01 -3.000000e+00 0.000000e+00
0.000000e+00 0.000000e+00 5.450000e-01 4.124999e-01 -3.000000e+00 0.000000e+00
0.000000e+00 0.000000e+00 5.450000e-01 4.374999e-01 -3.000000e+00 0.000000e+00
0.000000e+00 0.000000e+00 5.450000e-01 4.624999e-01 -3.000000e+00 0.000000e+00
0.000000e+00 0.000000e+00 5.450000e-01 4.874999e-01 -3.000000e+00 0.000000e+00
0.000000e+00 0.000000e+00 5.450000e-01 5.124999e-01 -3.000000e+00 0.000000e+00
0.000000e+00 0.000000e+00 5.450000e-01 5.374999e-01 -3.000000e+00 0.000000e+00
4.799798e-04 2.771164e-04 5.450000e-01 5.624999e-01 -3.000000e+00 0.000000e+00
4.842694e-04 2.795931e-04 5.450000e-01 5.874999e-01 -3.000000e+00 0.000000e+00
0.000000e+00 0.000000e+00 5.450000e-01 6.124999e-01 -3.000000e+00 0.000000e+00
0.000000e+00 0.000000e+00 5.450000e-01 6.374998e-01 -3.000000e+00 0.000000e+00
0.000000e+00 0.000000e+00 5.450000e-01 6.624998e-01 -3.000000e+00 0.000000e+00
0.000000e+00 0.000000e+00 5.450000e-01 6.874998e-01 -3.000000e+00 0.000000e+00
0.000000e+00 0.000000e+00 5.450000e-01 7.124998e-01 -3.000000e+00 0.000000e+00
0.000000e+00 0.000000e+00 5.450000e-01 7.374998e-01 -3.000000e+00 0.000000e+00
0.000000e+00 0.000000e+00 5.450000e-01 7.624998e-01 -3.000000e+00 0.000000e+00
0.000000e+00 0.000000e+00 5.450000e-01 7.874998e-01 -3.000000e+00 0.000000e+00
0.000000e+00 0.000000e+00 5.450000e-01 8.124998e-01 -3.000000e+00 0.000000e+00
0.000000e+00 0.000000e+00 5.450000e-01 8.374998e-01 -3.000000e+00 0.000000e+00
0.000000e+00 0.000000e+00 5.450000e-01 8.624998e-01 -3.000000e+00 0.000000e+00
0.000000e+00 0.000000e+00 5.450000e-01 8.874998e-01 -3.000000e+00 0.000000e+00
4.464048e-04 2.577319e-04 5.450000e-01 9.124997e-01 -3.000000e+00 0.000000e+00
0.000000e+00 0.000000e+00 5.450000e-01 9.374997e-01 -3.000000e+00 0.000000e+00
4.358044e-04 2.516118e-04 5.450000e-01 9.624997e-01 -3.000000e+00 0.000000e+00
8.679622e-04 3.543441e-04 5.450000e-01 9.874997e-01 -3.000000e+00 0.000000e+00
4.353657e-04 2.513585e-04 5.450000e-01 1.012500e+00 -3.000000e+00 0.000000e+00
1.703120e-03 4.916494e-04 5.450000e-01 1.037500e+00 -3.000000e+00 0.000000e+00
0.000000e+00 0.000000e+00 5.450000e-01 1.062500e+00 -3.000000e+00 0.000000e+00
0.000000e+00 0.000000e+00 5.450000e-01 1.087500e+00 -3.000000e+00 0.000000e+00
0.000000e+00 0.000000e+00 5.450000e-01 1.112500e+00 -3.000000e+00 0.000000e+00
0.000000e+00 0.000000e+00 5.450000e-01 1.137500e+00 -3.000000e+00 0.000000e+00
4.105938e-04 2.370564e-04 5.450000e-01 1.162500e+00 -3.000000e+00 0.000000e+00
1.218823e-03 4.062753e-04 5.450000e-01 1.187500e+00 -3.000000e+00 0.000000e+00
4.046478e-04 2.336235e-04 5.450000e-01 1.212500e+00 -3.000000e+00 0.000000e+00
2.757663e-03 6.017718e-04 5.450000e-01 1.237500e+00 -3.000000e+00 0.000000e+00
2.382784e-03 5.616286e-04 5.450000e-01 1.262500e+00 -3.000000e+00 0.000000e+00
3.134182e-03 6.397651e-04 5.450000e-01 1.287500e+00 -3.000000e+00 0.000000e+00
1.531478e-03 4.421001e-04 5.450000e-01 1.312500e+00 -3.000000e+00 0.000000e+00
1.149207e-03 3.830697e-04 5.450000e-01 1.337500e+00 -3.000000e+00 0.000000e+00
1.516427e-03 4.377555e-04 5.450000e-01 1.362500e+00 -3.000000e+00 0.000000e+00
7.559300e-04 3.086078e-04 5.450000e-01 1.387500e+00 -3.000000e+00 0.000000e+00
0.000000e+00 0.000000e+00 5.450000e-01 1.412500e+00 -3.000000e+00 0.000000e+00
1.906316e-03 5.503071e-04 5.450000e-01 1.437500e+00 -3.000000e+00 0.000000e+00
2.634772e-03 7.605945e-04 5.450000e-01 1.462500e+00 -3.000000e+00 0.000000e+00
1.201028e-03 6.934140e-04 5.450000e-01 1.487500e+00 -3.000000e+00 0.000000e+00
0.000000e+00 0.000000e+00 5.450000e-01 1.512500e+00 -3.000000e+00 0.000000e+00
0.000000e+00 0.000000e+00 5.450000e-01 1.537500e+00 -3.000000e+00 0.000000e+00
nan nan 5.450000e-01 1.562500e+00 -3.000000e+00 0.000000e+00
nan nan 5.450000e-01 1.587500e+00 -3.000000e+00 0.000000e+00
nan nan 5.450000e-01 1.612499e+00 -3.000000e+00 0.000000e+00
nan nan 5.450000e-01 1.637499e+00 -3.000000e+00 0.000000e+00
nan nan 5.450000e-01 1.662499e+00 -3.000000e+00 0.000000e+00
nan nan 5.450000e-01 1.687499e+00 -3.000000e+00 0.000000e+00
nan nan 5.450000e-01 1.712499e+00 -3.000000e+00 0.000000e+00
nan nan 5.450000e-01 1.737499e+00 -3.000000e+00 0.000000e+00
nan nan 5.450000e-01 1.762499e+00 -3.000000e+00 0.000000e+00
nan nan 5.450000e-01 1.787499e+00 -3.000000e+00 0.000000e+00
nan nan 5.450000e-01 1.812499e+00 -3.000000e+00 0.000000e+00
nan nan 5.450000e-01 1.837499e+00 -3.000000e+00 0.000000e+00
nan nan 5.450000e-01 1.862499e+00 -3.000000e+00 0.000000e+00
nan nan 5.450000e-01 1.887499e+00 -3.000000e+00 0.000000e+00
nan nan 5.450000e-01 1.912499e+00 -3.000000e+00 0.000000e+00
nan nan 5.450000e-01 1.937499e+00 -3.000000e+00 0.000000e+00
nan nan 5.450000e-01 1.962499e+00 -3.000000e+00 0.000000e+00
nan nan 5.450000e-01 1.987499e+00 -3.000000e+00 0.000000e+00
0.000000e+00 0.000000e+00 5.550000e-01 2.125000e-01 -3.000000e+00 0.000000e+00
0.000000e+00 0.000000e+00 5.550000e-01 2.375000e-01 -3.000000e+00 0.000000e+00
0.000000e+00 0.000000e+00 5.550000e-01 2.625000e-01 -3.000000e+00 0.000000e+00
5.134730e-04 2.964538e-04 5.550000e-01 2.875000e-01 -3.000000e+00 0.000000e+00
0.000000e+00 0.000000e+00 5.550000e-01 3.125000e-01 -3.000000e+00 0.000000e+00
0.000000e+00 0.000000e+00 5.550000e-01 3.375000e-01 -3.000000e+00 0.000000e+00
0.000000e+00 0.000000e+00 5.550000e-01 3.624999e-01 -3.000000e+00 0.000000e+00
4.969845e-04 2.869341e-04 5.550000e-01 3.874999e-01 -3.000000e+00 0.000000e+00
0.000000e+00 0.000000e+00 5.550000e-01 4.124999e-01 -3.000000e+00 0.000000e+00
0.000000e+00 0.000000e+00 5.550000e-01 4.374999e-01 -3.000000e+00 0.000000e+00
4.982491e-04 2.876643e-04 5.550000e-01 4.624999e-01 -3.000000e+00 0.000000e+00
0.000000e+00 0.000000e+00 5.550000e-01 4.874999e-01 -3.000000e+00 0.000000e+00
4.917249e-04 2.838975e-04 5.550000e-01 5.124999e-01 -3.000000e+00 0.000000e+00
0.000000e+00 0.000000e+00 5.550000e-01 5.374999e-01 -3.000000e+00 0.000000e+00
4.814142e-04 2.779446e-04 5.550000e-01 5.624999e-01 -3.000000e+00 0.000000e+00
0.000000e+00 0.000000e+00 5.550000e-01 5.874999e-01 -3.000000e+00 0.000000e+00
0.000000e+00 0.000000e+00 5.550000e-01 6.124999e-01 -3.000000e+00 0.000000e+00
0.000000e+00 0.000000e+00 5.550000e-01 6.374998e-01 -3.000000e+00 0.000000e+00
0.000000e+00 0.000000e+00 5.550000e-01 6.624998e-01 -3.000000e+00 0.000000e+00
0.000000e+00 0.000000e+00 5.550000e-01 6.874998e-01 -3.000000e+00 0.000000e+00
9.233062e-04 3.769383e-04 5.550000e-01 7.124998e-01 -3.000000e+00 0.000000e+00
0.000000e+00 0.000000e+00 5.550000e-01 7.374998e-01 -3.000000e+00 0.000000e+00
0.000000e+00 0.000000e+00 5.550000e-01 7.624998e-01 -3.000000e+00 0.000000e+00
0.000000e+00 0.000000e+00 5.550000e-01 7.874998e-01 -3.000000e+00 0.000000e+00
4.529485e-04 2.615100e-04 5.550000e-01 8.124998e-01 -3.000000e+00 0.000000e+00
0.000000e+00 0.000000e+00 5.550000e-01 8.374998e-01 -3.000000e+00 0.000000e+00
4.527722e-04 2.614081e-04 5.550000e-01 8.624998e-01 -3.000000e+00 0.000000e+00
0.000000e+00 0.000000e+00 5.550000e-01 8.874998e-01 -3.000000e+00 0.000000e+00
0.000000e+00 0.000000e+00 5.550000e-01 9.124997e-01 -3.000000e+00 0.000000e+00
0.000000e+00 0.000000e+00 5.550000e-01 9.374997e-01 -3.000000e+00 0.000000e+00
8.708365e-04 3.555179e-04 5.550000e-01 9.624997e-01 -3.000000e+00 0.000000e+00
4.362093e-04 2.518456e-04 5.550000e-01 9.874997e-01 -3.000000e+00 0.000000e+00
1.739570e-03 5.021708e-04 5.550000e-01 1.012500e+00 -3.000000e+00 0.000000e+00
0.000000e+00 0.000000e+00 5.550000e-01 1.037500e+00 -3.000000e+00 0.000000e+00
0.000000e+00 0.000000e+00 5.550000e-01 1.062500e+00 -3.000000e+00 0.000000e+00
4.223191e-04 2.438261e-04 5.550000e-01 1.087500e+00 -3.000000e+00 0.000000e+00
0.000000e+00 0.000000e+00 5.550000e-01 1.112500e+00 -3.000000e+00 0.000000e+00
0.000000e+00 0.000000e+00 5.550000e-01 1.137500e+00 -3.000000e+00 0.000000e+00
4.077356e-04 2.354062e-04 5.550000e-01 1.162500e+00 -3.000000e+00 0.000000e+00
0.000000e+00 0.000000e+00 5.550000e-01 1.187500e+00 -3.000000e+00 0.000000e+00
1.597664e-03 4.612067e-04 5.550000e-01 1.212500e+00 -3.000000e+00 0.000000e+00
1.182167e-03 3.940564e-04 5.550000e-01 1.237500e+00 -3.000000e+00 0.000000e+00
1.179513e-03 3.931720e-04 5.550000e-01 1.262500e+00 -3.000000e+00 0.000000e+00
2.347905e-03 5.534066e-04 5.550000e-01 1.287500e+00 -3.000000e+00 0.000000e+00
1.181785e-03 3.939290e-04 5.550000e-01 1.312500e+00 -3.000000e+00 0.000000e+00
8.811049e-04 3.597107e-04 5.550000e-01 1.337500e+00 -3.000000e+00 0.000000e+00
5.707135e-04 3.295016e-04 5.550000e-01 1.362500e+00 -3.000000e+00 0.000000e+00
0.000000e+00 0.000000e+00 5.550000e-01 1.387500e+00 -3.000000e+00 0.000000e+00
1.817794e-03 1.049504e-03 5.550000e-01 1.412500e+00 -3.000000e+00 0.000000e+00
0.000000e+00 0.000000e+00 5.550000e-01 1.437500e+00 -3.000000e+00 0.000000e+00
0.000000e+00 0.000000e+00 5.550000e-01 1.462500e+00 -3.000000e+00 0.000000e+00
nan nan 5.550000e-01 1.487500e+00 -3.000000e+00 0.000000e+00
nan nan 5.550000e-01 1.512500e+00 -3.000000e+00 0.000000e+00
nan nan 5.550000e-01 1.537500e+00 -3.000000e+00 0.000000e+00
nan nan 5.550000e-01 1.562500e+00 -3.000000e+00 0.000000e+00
nan nan 5.550000e-01 1.587500e+00 -3.000000e+00 0.000000e+00
nan nan 5.550000e-01 1.612499e+00 -3.000000e+00 0.000000e+00
nan nan 5.550000e-01 1.637499e+00 -3.000000e+00 0.000000e+00
nan nan 5.550000e-01 1.662499e+00 -3.000000e+00 0.000000e+00
nan nan 5.550000e-01 1.687499e+00 -3.000000e+00 0.000000e+00
nan nan 5.550000e-01 1.712499e+00 -3.000000e+00 0.000000e+00
nan nan 5.550000e-01 1.737499e+00 -3.000000e+00 0.000000e+00
nan nan 5.550000e-01 1.762499e+00 -3.000000e+00 0.000000e+00
nan nan 5.550000e-01 1.787499e+00 -3.000000e+00 0.000000e+00
nan nan 5.550000e-01 1.812499e+00 -3.000000e+00 0.000000e+00
nan nan 5.550000e-01 1.837499e+00 -3.000000e+00 0.000000e+00
nan nan 5.550000e-01 1.862499e+00 -3.000000e+00 0.000000e+00
nan nan 5.550000e-01 1.887499e+00 -3.000000e+00 0.000000e+00
nan nan 5.550000e-01 1.912499e+00 -3.000000e+00 0.000000e+00
nan nan 5.550000e-01 1.937499e+00 -3.000000e+00 0.000000e+00
nan nan 5.550000e-01 1.962499e+00 -3.000000e+00 0.000000e+00
nan nan 5.550000e-01 1.987499e+00 -3.000000e+00 0.000000e+00
0.000000e+00 0.000000e+00 5.650000e-01 2.125000e-01 -3.000000e+00 0.000000e+00
5.145004e-04 2.970469e-04 5.650000e-01 2.375000e-01 -3.000000e+00 0.000000e+00
0.000000e+00 0.000000e+00 5.650000e-01 2.625000e-01 -3.000000e+00 0.000000e+00
5.178369e-04 2.989733e-04 5.650000e-01 2.875000e-01 -3.000000e+00 0.000000e+00
0.000000e+00 0.000000e+00 5.650000e-01 3.125000e-01 -3.000000e+00 0.000000e+00
0.000000e+00 0.000000e+00 5.650000e-01 3.375000e-01 -3.000000e+00 0.000000e+00
0.000000e+00 0.000000e+00 5.650000e-01 3.624999e-01 -3.000000e+00 0.000000e+00
0.000000e+00 0.000000e+00 5.650000e-01 3.874999e-01 -3.000000e+00 0.000000e+00
0.000000e+00 0.000000e+00 5.650000e-01 4.124999e-01 -3.000000e+00 0.000000e+00
0.000000e+00 0.000000e+00 5.650000e-01 4.374999e-01 -3.000000e+00 0.000000e+00
0.000000e+00 0.000000e+00 5.650000e-01 4.624999e-01 -3.000000e+00 0.000000e+00
4.977957e-04 2.874025e-04 5.650000e-01 4.874999e-01 -3.000000e+00 0.000000e+00
0.000000e+00 0.000000e+00 5.650000e-01 5.124999e-01 -3.000000e+00 0.000000e+00
0.000000e+00 0.000000e+00 5.650000e-01 5.374999e-01 -3.000000e+00 0.000000e+00
0.000000e+00 0.000000e+00 5.650000e-01 5.624999e-01 -3.000000e+00 0.000000e+00
9.724710e-04 3.970096e-04 5.650000e-01 5.874999e-01 -3.000000e+00 0.000000e+00
0.000000e+00 0.000000e+00 5.650000e-01 6.124999e-01 -3.000000e+00 0.000000e+00
0.000000e+00 0.000000e+00 5.650000e-01 6.374998e-01 -3.000000e+00 0.000000e+00
0.000000e+00 0.000000e+00 5.650000e-01 6.624998e-01 -3.000000e+00 0.000000e+00
0.000000e+00 0.000000e+00 5.650000e-01 6.874998e-01 -3.000000e+00 0.000000e+00
0.000000e+00 0.000000e+00 5.650000e-01 7.124998e-01 -3.000000e+00 0.000000e+00
0.000000e+00 0.000000e+00 5.650000e-01 7.374998e-01 -3.000000e+00 0.000000e+00
0.000000e+00 0.000000e+00 5.650000e-01 7.624998e-01 -3.000000e+00 0.000000e+00
4.599086e-04 2.655284e-04 5.650000e-01 7.874998e-01 -3.000000e+00 0.000000e+00
0.000000e+00 0.000000e+00 5.650000e-01 8.124998e-01 -3.000000e+00 0.000000e+00
4.495178e-04 2.595292e-04 5.650000e-01 8.374998e-01 -3.000000e+00 0.000000e+00
0.000000e+00 0.000000e+00 5.650000e-01 8.624998e-01 -3.000000e+00 0.000000e+00
0.000000e+00 0.000000e+00 5.650000e-01 8.874998e-01 -3.000000e+00 0.000000e+00
0.000000e+00 0.000000e+00 5.650000e-01 9.124997e-01 -3.000000e+00 0.000000e+00
8.690372e-04 3.547838e-04 5.650000e-01 9.374997e-01 -3.000000e+00 0.000000e+00
4.370269e-04 2.523176e-04 5.650000e-01 9.624997e-01 -3.000000e+00 0.000000e+00
4.342641e-04 2.507225e-04 5.650000e-01 9.874997e-01 -3.000000e+00 0.000000e+00
4.318783e-04 2.493451e-04 5.650000e-01 1.012500e+00 -3.000000e+00 0.000000e+00
1.700408e-03 4.908654e-04 5.650000e-01 1.037500e+00 -3.000000e+00 0.000000e+00
4.201812e-04 2.425917e-04 5.650000e-01 1.062500e+00 -3.000000e+00 0.000000e+00
1.270194e-03 4.233996e-04 5.650000e-01 1.087500e+00 -3.000000e+00 0.000000e+00
0.000000e+00 0.000000e+00 5.650000e-01 1.112500e+00 -3.000000e+00 0.000000e+00
0.000000e+00 0.000000e+00 5.650000e-01 1.137500e+00 -3.000000e+00 0.000000e+00
3.996829e-04 2.307570e-04 5.650000e-01 1.162500e+00 -3.000000e+00 0.000000e+00
1.640058e-03 4.734454e-04 5.650000e-01 1.187500e+00 -3.000000e+00 0.000000e+00
2.801398e-03 6.113169e-04 5.650000e-01 1.212500e+00 -3.000000e+00 0.000000e+00
4.761396e-03 8.288554e-04 5.650000e-01 1.237500e+00 -3.000000e+00 0.000000e+00
3.616903e-03 7.892746e-04 5.650000e-01 1.262500e+00 -3.000000e+00 0.000000e+00
2.246489e-03 7.488301e-04 5.650000e-01 1.287500e+00 -3.000000e+00 0.000000e+00
2.574375e-03 1.050985e-03 5.650000e-01 1.312500e+00 -3.000000e+00 0.000000e+00
0.000000e+00 0.000000e+00 5.650000e-01 1.337500e+00 -3.000000e+00 0.000000e+00
0.000000e+00 0.000000e+00 5.650000e-01 1.362500e+00 -3.000000e+00 0.000000e+00
0.000000e+00 0.000000e+00 5.650000e-01 1.387500e+00 -3.000000e+00 0.000000e+00
nan nan 5.650000e-01 1.412500e+00 -3.000000e+00 0.000000e+00
nan nan 5.650000e-01 1.437500e+00 -3.000000e+00 0.000000e+00
nan nan 5.650000e-01 1.462500e+00 -3.000000e+00 0.000000e+00
nan nan 5.650000e-01 1.487500e+00 -3.000000e+00 0.000000e+00
nan nan 5.650000e-01 1.512500e+00 -3.000000e+00 0.000000e+00
nan nan 5.650000e-01 1.537500e+00 -3.000000e+00 0.000000e+00
nan nan 5.650000e-01 1.562500e+00 -3.000000e+00 0.000000e+00
nan nan 5.650000e-01 1.587500e+00 -3.000000e+00 0.000000e+00
nan nan 5.650000e-01 1.612499e+00 -3.000000e+00 0.000000e+00
nan nan 5.650000e-01 1.637499e+00 -3.000000e+00 0.000000e+00
nan nan 5.650000e-01 1.662499e+00 -3.000000e+00 0.000000e+00
nan nan 5.650000e-01 1.687499e+00 -3.000000e+00 0.000000e+00
nan nan 5.650000e-01 1.712499e+00 -3.000000e+00 0.000000e+00
nan nan 5.650000e-01 1.737499e+00 -3.000000e+00 0.000000e+00
nan nan 5.650000e-01 1.762499e+00 -3.000000e+00 0.000000e+00
nan nan 5.650000e-01 1.787499e+00 -3.000000e+00 0.000000e+00
nan nan 5.650000e-01 1.812499e+00 -3.000000e+00 0.000000e+00
nan nan 5.650000e-01 1.837499e+00 -3.000000e+00 0.000000e+00
nan nan 5.650000e-01 1.862499e+00 -3.000000e+00 0.000000e+00
nan nan 5.650000e-01 1.887499e+00 -3.000000e+00 0.000000e+00
nan nan 5.650000e-01 1.912499e+00 -3.000000e+00 0.000000e+00
nan nan 5.650000e-01 1.937499e+00 -3.000000e+00 0.000000e+00
nan nan 5.650000e-01 1.962499e+00 -3.000000e+00 0.000000e+00
nan nan 5.650000e-01 1.987499e+00 -3.000000e+00 0.000000e+00
0.000000e+00 0.000000e+00 5.750000e-01 2.125000e-01 -3.000000e+00 0.000000e+00
0.000000e+00 0.000000e+00 5.750000e-01 2.375000e-01 -3.000000e+00 0.000000e+00
0.000000e+00 0.000000e+00 5.750000e-01 2.625000e-01 -3.000000e+00 0.000000e+00
0.000000e+00 0.000000e+00 5.750000e-01 2.875000e-01 -3.000000e+00 0.000000e+00
0.000000e+00 0.000000e+00 5.750000e-01 3.125000e-01 -3.000000e+00 0.000000e+00
0.000000e+00 0.000000e+00 5.750000e-01 3.375000e-01 -3.000000e+00 0.000000e+00
0.000000e+00 0.000000e+00 5.750000e-01 3.624999e-01 -3.000000e+00 0.000000e+00
0.000000e+00 0.000000e+00 5.750000e-01 3.874999e-01 -3.000000e+00 0.000000e+00
0.000000e+00 0.000000e+00 5.750000e-01 4.124999e-01 -3.000000e+00 0.000000e+00
0.000000e+00 0.000000e+00 5.750000e-01 4.374999e-01 -3.000000e+00 0.000000e+00
0.000000e+00 0.000000e+00 5.750000e-01 4.624999e-01 -3.000000e+00 0.000000e+00
0.000000e+00 0.000000e+00 5.750000e-01 4.874999e-01 -3.000000e+00 0.000000e+00
4.886711e-04 2.821344e-04 5.750000e-01 5.124999e-01 -3.000000e+00 0.000000e+00
0.000000e+00 0.000000e+00 5.750000e-01 5.374999e-01 -3.000000e+00 0.000000e+00
4.867605e-04 2.810313e-04 5.750000e-01 5.624999e-01 -3.000000e+00 0.000000e+00
0.000000e+00 0.000000e+00 5.750000e-01 5.874999e-01 -3.000000e+00 0.000000e+00
0.000000e+00 0.000000e+00 5.750000e-01 6.124999e-01 -3.000000e+00 0.000000e+00
4.753589e-04 2.744486e-04 5.750000e-01 6.374998e-01 -3.000000e+00 0.000000e+00
4.726159e-04 2.728649e-04 5.750000e-01 6.624998e-01 -3.000000e+00 0.000000e+00
4.696054e-04 2.711268e-04 5.750000e-01 6.874998e-01 -3.000000e+00 0.000000e+00
0.000000e+00 0.000000e+00 5.750000e-01 7.124998e-01 -3.000000e+00 0.000000e+00
0.000000e+00 0.000000e+00 5.750000e-01 7.374998e-01 -3.000000e+00 0.000000e+00
0.000000e+00 0.000000e+00 5.750000e-01 7.624998e-01 -3.000000e+00 0.000000e+00
0.000000e+00 0.000000e+00 5.750000e-01 7.874998e-01 -3.000000e+00 0.000000e+00
4.555200e-04 2.629946e-04 5.750000e-01 8.124998e-01 -3.000000e+00 0.000000e+00
4.510561e-04 2.604174e-04 5.750000e-01 8.374998e-01 -3.000000e+00 0.000000e+00
4.520973e-04 2.610185e-04 5.750000e-01 8.624998e-01 -3.000000e+00 0.000000e+00
4.481046e-04 2.587133e-04 5.750000e-01 8.874998e-01 -3.000000e+00 0.000000e+00
4.471433e-04 2.581583e-04 5.750000e-01 9.124997e-01 -3.000000e+00 0.000000e+00
0.000000e+00 0.000000e+00 5.750000e-01 9.374997e-01 -3.000000e+00 0.000000e+00
1.292193e-03 4.307313e-04 5.750000e-01 9.624997e-01 -3.000000e+00 0.000000e+00
4.367265e-04 2.521442e-04 5.750000e-01 9.874997e-01 -3.000000e+00 0.000000e+00
8.514922e-04 3.476213e-04 5.750000e-01 1.012500e+00 -3.000000e+00 0.000000e+00
1.694132e-03 4.890546e-04 5.750000e-01 1.037500e+00 -3.000000e+00 0.000000e+00
4.153521e-04 2.398037e-04 5.750000e-01 1.062500e+00 -3.000000e+00 0.000000e+00
4.204557e-04 2.427502e-04 5.750000e-01 1.087500e+00 -3.000000e+00 0.000000e+00
8.323616e-04 3.398115e-04 5.750000e-01 1.112500e+00 -3.000000e+00 0.000000e+00
4.300051e-04 2.482636e-04 5.750000e-01 1.137500e+00 -3.000000e+00 0.000000e+00
4.979671e-04 2.875014e-04 5.750000e-01 1.162500e+00 -3.000000e+00 0.000000e+00
1.316343e-03 5.373947e-04 5.750000e-01 1.187500e+00 -3.000000e+00 0.000000e+00
2.208567e-03 9.016437e-04 5.750000e-01 1.212500e+00 -3.000000e+00 0.000000e+00
2.239396e-03 1.292916e-03 5.750000e-01 1.237500e+00 -3.000000e+00 0.000000e+00
0.000000e+00 0.000000e+00 5.750000e-01 1.262500e+00 -3.000000e+00 0.000000e+00
0.000000e+00 0.000000e+00 5.750000e-01 1.287500e+00 -3.000000e+00 0.000000e+00
nan nan 5.750000e-01 1.312500e+00 -3.000000e+00 0.000000e+00
nan nan 5.750000e-01 1.337500e+00 -3.000000e+00 0.000000e+00
nan nan 5.750000e-01 1.362500e+00 -3.000000e+00 0.000000e+00
nan nan 5.750000e-01 1.387500e+00 -3.000000e+00 0.000000e+00
nan nan 5.750000e-01 1.412500e+00 -3.000000e+00 0.000000e+00
nan nan 5.750000e-01 1.437500e+00 -3.000000e+00 0.000000e+00
nan nan 5.750000e-01 1.462500e+00 -3.000000e+00 0.000000e+00
nan nan 5.750000e-01 1.487500e+00 -3.000000e+00 0.000000e+00
nan nan 5.750000e-01 1.512500e+00 -3.000000e+00 0.000000e+00
nan nan 5.750000e-01 1.537500e+00 -3.000000e+00 0.000000e+00
nan nan 5.750000e-01 1.562500e+00 -3.000000e+00 0.000000e+00
nan nan 5.750000e-01 1.587500e+00 -3.000000e+00 0.000000e+00
nan nan 5.750000e-01 1.612499e+00 -3.000000e+00 0.000000e+00
nan nan 5.750000e-01 1.637499e+00 -3.000000e+00 0.000000e+00
nan nan 5.750000e-01 1.662499e+00 -3.000000e+00 0.000000e+00
nan nan 5.750000e-01 1.687499e+00 -3.000000e+00 0.000000e+00
nan nan 5.750000e-01 1.712499e+00 -3.000000e+00 0.000000e+00
nan nan 5.750000e-01 1.737499e+00 -3.000000e+00 0.000000e+00
nan nan 5.750000e-01 1.762499e+00 -3.000000e+00 0.000000e+00
nan nan 5.750000e-01 1.787499e+00 -3.000000e+00 0.000000e+00
nan nan 5.750000e-01 1.812499e+00 -3.000000e+00 0.000000e+00
nan nan 5.750000e-01 1.837499e+00 -3.000000e+00 0.000000e+00
nan nan 5.750000e-01 1.862499e+00 -3.000000e+00 0.000000e+00
nan nan 5.750000e-01 1.887499e+00 -3.000000e+00 0.000000e+00
nan nan 5.750000e-01 1.912499e+00 -3.000000e+00 0.000000e+00
nan nan 5.750000e-01 1.937499e+00 -3.000000e+00 0.000000e+00
nan nan 5.750000e-01 1.962499e+00 -3.000000e+00 0.000000e+00
nan nan 5.750000e-01 1.987499e+00 -3.000000e+00 0.000000e+00
0.000000e+00 0.000000e+00 5.850000e-01 2.125000e-01 -3.000000e+00 0.000000e+00
0.000000e+00 0.000000e+00 5.850000e-01 2.375000e-01 -3.000000e+00 0.000000e+00
0.000000e+00 0.000000e+00 5.850000e-01 2.625000e-01 -3.000000e+00 0.000000e+00
1.556232e-03 5.187441e-04 5.850000e-01 2.875000e-01 -3.000000e+00 0.000000e+00
0.000000e+00 0.000000e+00 5.850000e-01 3.125000e-01 -3.000000e+00 0.000000e+00
0.000000e+00 0.000000e+00 5.850000e-01 3.375000e-01 -3.000000e+00 0.000000e+00
0.000000e+00 0.000000e+00 5.850000e-01 3.624999e-01 -3.000000e+00 0.000000e+00
5.078880e-04 2.932293e-04 5.850000e-01 3.874999e-01 -3.000000e+00 0.000000e+00
5.042264e-04 2.911152e-04 5.850000e-01 4.124999e-01 -3.000000e+00 0.000000e+00
0.000000e+00 0.000000e+00 5.850000e-01 4.374999e-01 -3.000000e+00 0.000000e+00
0.000000e+00 0.000000e+00 5.850000e-01 4.624999e-01 -3.000000e+00 0.000000e+00
4.916469e-04 2.838525e-04 5.850000e-01 4.874999e-01 -3.000000e+00 0.000000e+00
0.000000e+00 0.000000e+00 5.850000e-01 5.124999e-01 -3.000000e+00 0.000000e+00
4.896544e-04 2.827021e-04 5.850000e-01 5.374999e-01 -3.000000e+00 0.000000e+00
0.000000e+00 0.000000e+00 5.850000e-01 5.624999e-01 -3.000000e+00 0.000000e+00
0.000000e+00 0.000000e+00 5.850000e-01 5.874999e-01 -3.000000e+00 0.000000e+00
0.000000e+00 0.000000e+00 5.850000e-01 6.124999e-01 -3.000000e+00 0.000000e+00
0.000000e+00 0.000000e+00 5.850000e-01 6.374998e-01 -3.000000e+00 0.000000e+00
0.000000e+00 0.000000e+00 5.850000e-01 6.624998e-01 -3.000000e+00 0.000000e+00
0.000000e+00 0.000000e+00 5.850000e-01 6.874998e-01 -3.000000e+00 0.000000e+00
0.000000e+00 0.000000e+00 5.850000e-01 7.124998e-01 -3.000000e+00 0.000000e+00
0.000000e+00 0.000000e+00 5.850000e-01 7.374998e-01 -3.000000e+00 0.000000e+00
0.000000e+00 0.000000e+00 5.850000e-01 7.624998e-01 -3.000000e+00 0.000000e+00
0.000000e+00 0.000000e+00 5.850000e-01 7.874998e-01 -3.000000e+00 0.000000e+00
0.000000e+00 0.000000e+00 5.850000e-01 8.124998e-01 -3.000000e+00 0.000000e+00
0.000000e+00 0.000000e+00 5.850000e-01 8.374998e-01 -3.000000e+00 0.000000e+00
4.447512e-04 2.567772e-04 5.850000e-01 8.624998e-01 -3.000000e+00 0.000000e+00
9.049563e-04 3.694470e-04 5.850000e-01 8.874998e-01 -3.000000e+00 0.000000e+00
0.000000e+00 0.000000e+00 5.850000e-01 9.124997e-01 -3.000000e+00 0.000000e+00
4.340161e-04 2.505793e-04 5.850000e-01 9.374997e-01 -3.000000e+00 0.000000e+00
1.723474e-03 4.975250e-04 5.850000e-01 9.624997e-01 -3.000000e+00 0.000000e+00
8.591727e-04 3.507558e-04 5.850000e-01 9.874997e-01 -3.000000e+00 0.000000e+00
4.307202e-04 2.486764e-04 5.850000e-01 1.012500e+00 -3.000000e+00 0.000000e+00
8.664593e-04 3.537318e-04 5.850000e-01 1.037500e+00 -3.000000e+00 0.000000e+00
0.000000e+00 0.000000e+00 5.850000e-01 1.062500e+00 -3.000000e+00 0.000000e+00
1.229380e-03 5.018930e-04 5.850000e-01 1.087500e+00 -3.000000e+00 0.000000e+00
9.855847e-04 5.690276e-04 5.850000e-01 1.112500e+00 -3.000000e+00 0.000000e+00
0.000000e+00 0.000000e+00 5.850000e-01 1.137500e+00 -3.000000e+00 0.000000e+00
0.000000e+00 0.000000e+00 5.850000e-01 1.162500e+00 -3.000000e+00 0.000000e+00
0.000000e+00 0.000000e+00 5.850000e-01 1.187500e+00 -3.000000e+00 0.000000e+00
nan nan 5.850000e-01 1.212500e+00 -3.000000e+00 0.000000e+00
nan nan 5.850000e-01 1.237500e+00 -3.000000e+00 0.000000e+00
nan nan 5.850000e-01 1.262500e+00 -3.000000e+00 0.000000e+00
nan nan 5.850000e-01 1.287500e+00 -3.000000e+00 0.000000e+00
nan nan 5.850000e-01 1.312500e+00 -3.000000e+00 0.000000e+00
nan nan 5.850000e-01 1.337500e+00 -3.000000e+00 0.000000e+00
nan nan 5.850000e-01 1.362500e+00 -3.000000e+00 0.000000e+00
nan nan 5.850000e-01 1.387500e+00 -3.000000e+00 0.000000e+00
nan nan 5.850000e-01 1.412500e+00 -3.000000e+00 0.000000e+00
nan nan 5.850000e-01 1.437500e+00 -3.000000e+00 0.000000e+00
nan nan 5.850000e-01 1.462500e+00 -3.000000e+00 0.000000e+00
nan nan 5.850000e-01 1.487500e+00 -3.000000e+00 0.000000e+00
nan nan 5.850000e-01 1.512500e+00 -3.000000e+00 0.000000e+00
nan nan 5.850000e-01 1.537500e+00 -3.000000e+00 0.000000e+00
nan nan 5.850000e-01 1.562500e+00 -3.000000e+00 0.000000e+00
nan nan 5.850000e-01 1.587500e+00 -3.000000e+00 0.000000e+00
nan nan 5.850000e-01 1.612499e+00 -3.000000e+00 0.000000e+00
nan nan 5.850000e-01 1.637499e+00 -3.000000e+00 0.000000e+00
nan nan 5.850000e-01 1.662499e+00 -3.000000e+00 0.000000e+00
nan nan 5.850000e-01 1.687499e+00 -3.000000e+00 0.000000e+00
nan nan 5.850000e-01 1.712499e+00 -3.000000e+00 0.000000e+00
nan nan 5.850000e-01 1.737499e+00 -3.000000e+00 0.000000e+00
nan nan 5.850000e-01 1.762499e+00 -3.000000e+00 0.000000e+00
nan nan 5.850000e-01 1.787499e+00 -3.000000e+00 0.000000e+00
nan nan 5.850000e-01 1.812499e+00 -3.000000e+00 0.000000e+00
nan nan 5.850000e-01 1.837499e+00 -3.000000e+00 0.000000e+00
nan nan 5.850000e-01 1.862499e+00 -3.000000e+00 0.000000e+00
nan nan 5.850000e-01 1.887499e+00 -3.000000e+00 0.000000e+00
nan nan 5.850000e-01 1.912499e+00 -3.000000e+00 0.000000e+00
nan nan 5.850000e-01 1.937499e+00 -3.000000e+00 0.000000e+00
nan nan 5.850000e-01 1.962499e+00 -3.000000e+00 0.000000e+00
nan nan 5.850000e-01 1.987499e+00 -3.000000e+00 0.000000e+00
5.397451e-04 3.116220e-04 5.950000e-01 2.125000e-01 -3.000000e+00 0.000000e+00
0.000000e+00 0.000000e+00 5.950000e-01 2.375000e-01 -3.000000e+00 0.000000e+00
0.000000e+00 0.000000e+00 5.950000e-01 2.625000e-01 -3.000000e+00 0.000000e+00
0.000000e+00 0.000000e+00 5.950000e-01 2.875000e-01 -3.000000e+00 0.000000e+00
0.000000e+00 0.000000e+00 5.950000e-01 3.125000e-01 -3.000000e+00 0.000000e+00
0.000000e+00 0.000000e+00 5.950000e-01 3.375000e-01 -3.000000e+00 0.000000e+00
0.000000e+00 0.000000e+00 5.950000e-01 3.624999e-01 -3.000000e+00 0.000000e+00
0.000000e+00 0.000000e+00 5.950000e-01 3.874999e-01 -3.000000e+00 0.000000e+00
0.000000e+00 0.000000e+00 5.950000e-01 4.124999e-01 -3.000000e+00 0.000000e+00
0.000000e+00 0.000000e+00 5.950000e-01 4.374999e-01 -3.000000e+00 0.000000e+00
0.000000e+00 0.000000e+00 5.950000e-01 4.624999e-01 -3.000000e+00 0.000000e+00
0.000000e+00 0.000000e+00 5.950000e-01 4.874999e-01 -3.000000e+00 0.000000e+00
4.882127e-04 2.818697e-04 5.950000e-01 5.124999e-01 -3.000000e+00 0.000000e+00
0.000000e+00 0.000000e+00 5.950000e-01 5.374999e-01 -3.000000e+00 0.000000e+00
0.000000e+00 0.000000e+00 5.950000e-01 5.624999e-01 -3.000000e+00 0.000000e+00
4.813748e-04 2.779219e-04 5.950000e-01 5.874999e-01 -3.000000e+00 0.000000e+00
4.802111e-04 2.772500e-04 5.950000e-01 6.124999e-01 -3.000000e+00 0.000000e+00
0.000000e+00 0.000000e+00 5.950000e-01 6.374998e-01 -3.000000e+00 0.000000e+00
0.000000e+00 0.000000e+00 5.950000e-01 6.624998e-01 -3.000000e+00 0.000000e+00
4.723740e-04 2.727253e-04 5.950000e-01 6.874998e-01 -3.000000e+00 0.000000e+00
0.000000e+00 0.000000e+00 5.950000e-01 7.124998e-01 -3.000000e+00 0.000000e+00
0.000000e+00 0.000000e+00 5.950000e-01 7.374998e-01 -3.000000e+00 0.000000e+00
0.000000e+00 0.000000e+00 5.950000e-01 7.624998e-01 -3.000000e+00 0.000000e+00
0.000000e+00 0.000000e+00 5.950000e-01 7.874998e-01 -3.000000e+00 0.000000e+00
4.502965e-04 2.599788e-04 5.950000e-01 8.124998e-01 -3.000000e+00 0.000000e+00
4.503389e-04 2.600033e-04 5.950000e-01 8.374998e-01 -3.000000e+00 0.000000e+00
0.000000e+00 0.000000e+00 5.950000e-01 8.624998e-01 -3.000000e+00 0.000000e+00
0.000000e+00 0.000000e+00 5.950000e-01 8.874998e-01 -3.000000e+00 0.000000e+00
4.400720e-04 2.540757e-04 5.950000e-01 9.124997e-01 -3.000000e+00 0.000000e+00
2.672184e-03 6.298409e-04 5.950000e-01 9.374997e-01 -3.000000e+00 0.000000e+00
1.505845e-03 5.019484e-04 5.950000e-01 9.624997e-01 -3.000000e+00 0.000000e+00
0.000000e+00 0.000000e+00 5.950000e-01 9.874997e-01 -3.000000e+00 0.000000e+00
1.838910e-03 7.507319e-04 5.950000e-01 1.012500e+00 -3.000000e+00 0.000000e+00
0.000000e+00 0.000000e+00 5.950000e-01 1.037500e+00 -3.000000e+00 0.000000e+00
0.000000e+00 0.000000e+00 5.950000e-01 1.062500e+00 -3.000000e+00 0.000000e+00
0.000000e+00 0.000000e+00 5.950000e-01 1.087500e+00 -3.000000e+00 0.000000e+00
nan nan 5.950000e-01 1.112500e+00 -3.000000e+00 0.000000e+00
nan nan 5.950000e-01 1.137500e+00 -3.000000e+00 0.000000e+00
nan nan 5.950000e-01 1.162500e+00 -3.000000e+00 0.000000e+00
nan nan 5.950000e-01 1.187500e+00 -3.000000e+00 0.000000e+00
nan nan 5.950000e-01 1.212500e+00 -3.000000e+00 0.000000e+00
nan nan 5.950000e-01 1.237500e+00 -3.000000e+00 0.000000e+00
nan nan 5.950000e-01 1.262500e+00 -3.000000e+00 0.000000e+00
nan nan 5.950000e-01 1.287500e+00 -3.000000e+00 0.000000e+00
nan nan 5.950000e-01 1.312500e+00 -3.000000e+00 0.000000e+00
nan nan 5.950000e-01 1.337500e+00 -3.000000e+00 0.000000e+00
nan nan 5.950000e-01 1.362500e+00 -3.000000e+00 0.000000e+00
nan nan 5.950000e-01 1.387500e+00 -3.000000e+00 0.000000e+00
nan nan 5.950000e-01 1.412500e+00 -3.000000e+00 0.000000e+00
nan nan 5.950000e-01 1.437500e+00 -3.000000e+00 0.000000e+00
nan nan 5.950000e-01 1.462500e+00 -3.000000e+00 0.000000e+00
nan nan 5.950000e-01 1.487500e+00 -3.000000e+00 0.000000e+00
nan nan 5.950000e-01 1.512500e+00 -3.000000e+00 0.000000e+00
nan nan 5.950000e-01 1.537500e+00 -3.000000e+00 0.000000e+00
nan nan 5.950000e-01 1.562500e+00 -3.000000e+00 0.000000e+00
nan nan 5.950000e-01 1.587500e+00 -3.000000e+00 0.000000e+00
nan nan 5.950000e-01 1.612499e+00 -3.000000e+00 0.000000e+00
nan nan 5.950000e-01 1.637499e+00 -3.000000e+00 0.000000e+00
nan nan 5.950000e-01 1.662499e+00 -3.000000e+00 0.000000e+00
nan nan 5.950000e-01 1.687499e+00 -3.000000e+00 0.000000e+00
nan nan 5.950000e-01 1.712499e+00 -3.000000e+00 0.000000e+00
nan nan 5.950000e-01 1.737499e+00 -3.000000e+00 0.000000e+00
nan nan 5.950000e-01 1.762499e+00 -3.000000e+00 0.000000e+00
nan nan 5.950000e-01 1.787499e+00 -3.000000e+00 0.000000e+00
nan nan 5.950000e-01 1.812499e+00 -3.000000e+00 0.000000e+00
nan nan 5.950000e-01 1.837499e+00 -3.000000e+00 0.000000e+00
nan nan 5.950000e-01 1.862499e+00 -3.000000e+00 0.000000e+00
nan nan 5.950000e-01 1.887499e+00 -3.000000e+00 0.000000e+00
nan nan 5.950000e-01 1.912499e+00 -3.000000e+00 0.000000e+00
nan nan 5.950000e-01 1.937499e+00 -3.000000e+00 0.000000e+00
nan nan 5.950000e-01 1.962499e+00 -3.000000e+00 0.000000e+00
nan nan 5.950000e-01 1.987499e+00 -3.000000e+00 0.000000e+00
0.000000e+00 0.000000e+00 6.050000e-01 2.125000e-01 -3.000000e+00 0.000000e+00
0.000000e+00 0.000000e+00 6.050000e-01 2.375000e-01 -3.000000e+00 0.000000e+00
0.000000e+00 0.000000e+00 6.050000e-01 2.625000e-01 -3.000000e+00 0.000000e+00
0.000000e+00 0.000000e+00 6.050000e-01 2.875000e-01 -3.000000e+00 0.000000e+00
0.000000e+00 0.000000e+00 6.050000e-01 3.125000e-01 -3.000000e+00 0.000000e+00
0.000000e+00 0.000000e+00 6.050000e-01 3.375000e-01 -3.000000e+00 0.000000e+00
0.000000e+00 0.000000e+00 6.050000e-01 3.624999e-01 -3.000000e+00 0.000000e+00
0.000000e+00 0.000000e+00 6.050000e-01 3.874999e-01 -3.000000e+00 0.000000e+00
0.000000e+00 0.000000e+00 6.050000e-01 4.124999e-01 -3.000000e+00 0.000000e+00
0.000000e+00 0.000000e+00 6.050000e-01 4.374999e-01 -3.000000e+00 0.000000e+00
0.000000e+00 0.000000e+00 6.050000e-01 4.624999e-01 -3.000000e+00 0.000000e+00
4.970099e-04 2.869488e-04 6.050000e-01 4.874999e-01 -3.000000e+00 0.000000e+00
0.000000e+00 0.000000e+00 6.050000e-01 5.124999e-01 -3.000000e+00 0.000000e+00
0.000000e+00 0.000000e+00 6.050000e-01 5.374999e-01 -3.000000e+00 0.000000e+00
4.875627e-04 2.814944e-04 6.050000e-01 5.624999e-01 -3.000000e+00 0.000000e+00
0.000000e+00 0.000000e+00 6.050000e-01 5.874999e-01 -3.000000e+00 0.000000e+00
4.783103e-04 2.761526e-04 6.050000e-01 6.124999e-01 -3.000000e+00 0.000000e+00
0.000000e+00 0.000000e+00 6.050000e-01 6.374998e-01 -3.000000e+00 0.000000e+00
0.000000e+00 0.000000e+00 6.050000e-01 6.624998e-01 -3.000000e+00 0.000000e+00
4.735675e-04 2.734143e-04 6.050000e-01 6.874998e-01 -3.000000e+00 0.000000e+00
0.000000e+00 0.000000e+00 6.050000e-01 7.124998e-01 -3.000000e+00 0.000000e+00
0.000000e+00 0.000000e+00 6.050000e-01 7.374998e-01 -3.000000e+00 0.000000e+00
0.000000e+00 0.000000e+00 6.050000e-01 7.624998e-01 -3.000000e+00 0.000000e+00
9.089118e-04 3.710618e-04 6.050000e-01 7.874998e-01 -3.000000e+00 0.000000e+00
4.535936e-04 2.618824e-04 6.050000e-01 8.124998e-01 -3.000000e+00 0.000000e+00
0.000000e+00 0.000000e+00 6.050000e-01 8.374998e-01 -3.000000e+00 0.000000e+00
0.000000e+00 0.000000e+00 6.050000e-01 8.624998e-01 -3.000000e+00 0.000000e+00
0.000000e+00 0.000000e+00 6.050000e-01 8.874998e-01 -3.000000e+00 0.000000e+00
0.000000e+00 0.000000e+00 6.050000e-01 9.124997e-01 -3.000000e+00 0.000000e+00
0.000000e+00 0.000000e+00 6.050000e-01 9.374997e-01 -3.000000e+00 0.000000e+00
0.000000e+00 0.000000e+00 6.050000e-01 9.624997e-01 -3.000000e+00 0.000000e+00
0.000000e+00 0.000000e+00 6.050000e-01 9.874997e-01 -3.000000e+00 0.000000e+00
nan nan 6.050000e-01 1.012500e+00 -3.000000e+00 0.000000e+00
nan nan 6.050000e-01 1.037500e+00 -3.000000e+00 0.000000e+00
nan nan 6.050000e-01 1.062500e+00 -3.000000e+00 0.000000e+00
nan nan 6.050000e-01 1.087500e+00 -3.000000e+00 0.000000e+00
nan nan 6.050000e-01 1.112500e+00 -3.000000e+00 0.000000e+00
nan nan 6.050000e-01 1.137500e+00 -3.000000e+00 0.000000e+00
nan nan 6.050000e-01 1.162500e+00 -3.000000e+00 0.000000e+00
nan nan 6.050000e-01 1.187500e+00 -3.000000e+00 0.000000e+00
nan nan 6.050000e-01 1.212500e+00 -3.000000e+00 0.000000e+00
nan nan 6.050000e-01 1.237500e+00 -3.000000e+00 0.000000e+00
nan nan 6.050000e-01 1.262500e+00 -3.000000e+00 0.000000e+00
nan nan 6.050000e-01 1.287500e+00 -3.000000e+00 0.000000e+00
nan nan 6.050000e-01 1.312500e+00 -3.000000e+00 0.000000e+00
nan nan 6.050000e-01 1.337500e+00 -3.000000e+00 0.000000e+00
nan nan 6.050000e-01 1.362500e+00 -3.000000e+00 0.000000e+00
nan nan 6.050000e-01 1.387500e+00 -3.000000e+00 0.000000e+00
nan nan 6.050000e-01 1.412500e+00 -3.000000e+00 0.000000e+00
nan nan 6.050000e-01 1.437500e+00 -3.000000e+00 0.000000e+00
nan nan 6.050000e-01 1.462500e+00 -3.000000e+00 0.000000e+00
nan nan 6.050000e-01 1.487500e+00 -3.000000e+00 0.000000e+00
nan nan 6.050000e-01 1.512500e+00 -3.000000e+00 0.000000e+00
nan nan 6.050000e-01 1.537500e+00 -3.000000e+00 0.000000e+00
nan nan 6.050000e-01 1.562500e+00 -3.000000e+00 0.000000e+00
nan nan 6.050000e-01 1.587500e+00 -3.000000e+00 0.000000e+00
nan nan 6.050000e-01 1.612499e+00 -3.000000e+00 0.000000e+00
nan nan 6.050000e-01 1.637499e+00 -3.000000e+00 0.000000e+00
nan nan 6.050000e-01 1.662499e+00 -3.000000e+00 0.000000e+00
nan nan 6.050000e-01 1.687499e+00 -3.000000e+00 0.000000e+00
nan nan 6.050000e-01 1.712499e+00 -3.000000e+00 0.000000e+00
nan nan 6.050000e-01 1.737499e+00 -3.000000e+00 0.000000e+00
nan nan 6.050000e-01 1.762499e+00 -3.000000e+00 0.000000e+00
nan nan 6.050000e-01 1.787499e+00 -3.000000e+00 0.000000e+00
nan nan 6.050000e-01 1.812499e+00 -3.000000e+00 0.000000e+00
nan nan 6.050000e-01 1.837499e+00 -3.000000e+00 0.000000e+00
nan nan 6.050000e-01 1.862499e+00 -3.000000e+00 0.000000e+00
nan nan 6.050000e-01 1.887499e+00 -3.000000e+00 0.000000e+00
nan nan 6.050000e-01 1.912499e+00 -3.000000e+00 0.000000e+00
nan nan 6.050000e-01 1.937499e+00 -3.000000e+00 0.000000e+00
nan nan 6.050000e-01 1.962499e+00 -3.000000e+00 0.000000e+00
nan nan 6.050000e-01 1.987499e+00 -3.000000e+00 0.000000e+00
0.000000e+00 0.000000e+00 6.150000e-01 2.125000e-01 -3.000000e+00 0.000000e+00
0.000000e+00 0.000000e+00 6.150000e-01 2.375000e-01 -3.000000e+00 0.000000e+00
0.000000e+00 0.000000e+00 6.150000e-01 2.625000e-01 -3.000000e+00 0.000000e+00
0.000000e+00 0.000000e+00 6.150000e-01 2.875000e-01 -3.000000e+00 0.000000e+00
0.000000e+00 0.000000e+00 6.150000e-01 3.125000e-01 -3.000000e+00 0.000000e+00
0.000000e+00 0.000000e+00 6.150000e-01 3.375000e-01 -3.000000e+00 0.000000e+00
0.000000e+00 0.000000e+00 6.150000e-01 3.624999e-01 -3.000000e+00 0.000000e+00
0.000000e+00 0.000000e+00 6.150000e-01 3.874999e-01 -3.000000e+00 0.000000e+00
0.000000e+00 0.000000e+00 6.150000e-01 4.124999e-01 -3.000000e+00 0.000000e+00
0.000000e+00 0.000000e+00 6.150000e-01 4.374999e-01 -3.000000e+00 0.000000e+00
0.000000e+00 0.000000e+00 6.150000e-01 4.624999e-01 -3.000000e+00 0.000000e+00
0.000000e+00 0.000000e+00 6.150000e-01 4.874999e-01 -3.000000e+00 0.000000e+00
4.883563e-04 2.819526e-04 6.150000e-01 5.124999e-01 -3.000000e+00 0.000000e+00
0.000000e+00 0.000000e+00 6.150000e-01 5.374999e-01 -3.000000e+00 0.000000e+00
0.000000e+00 0.000000e+00 6.150000e-01 5.624999e-01 -3.000000e+00 0.000000e+00
0.000000e+00 0.000000e+00 6.150000e-01 5.874999e-01 -3.000000e+00 0.000000e+00
0.000000e+00 0.000000e+00 6.150000e-01 6.124999e-01 -3.000000e+00 0.000000e+00
0.000000e+00 0.000000e+00 6.150000e-01 6.374998e-01 -3.000000e+00 0.000000e+00
0.000000e+00 0.000000e+00 6.150000e-01 6.624998e-01 -3.000000e+00 0.000000e+00
0.000000e+00 0.000000e+00 6.150000e-01 6.874998e-01 -3.000000e+00 0.000000e+00
0.000000e+00 0.000000e+00 6.150000e-01 7.124998e-01 -3.000000e+00 0.000000e+00
4.759148e-04 2.747695e-04 6.150000e-01 7.374998e-01 -3.000000e+00 0.000000e+00
0.000000e+00 0.000000e+00 6.150000e-01 7.624998e-01 -3.000000e+00 0.000000e+00
6.323437e-04 3.650838e-04 6.150000e-01 7.874998e-01 -3.000000e+00 0.000000e+00
0.000000e+00 0.000000e+00 6.150000e-01 8.124998e-01 -3.000000e+00 0.000000e+00
0.000000e+00 0.000000e+00 6.150000e-01 8.374998e-01 -3.000000e+00 0.000000e+00
0.000000e+00 0.000000e+00 6.150000e-01 8.624998e-01 -3.000000e+00 0.000000e+00
0.000000e+00 0.000000e+00 6.150000e-01 8.874998e-01 -3.000000e+00 0.000000e+00
0.000000e+00 0.000000e+00 6.150000e-01 9.124997e-01 -3.000000e+00 0.000000e+00
nan nan 6.150000e-01 9.374997e-01 -3.000000e+00 0.000000e+00
nan nan 6.150000e-01 9.624997e-01 -3.000000e+00 0.000000e+00
nan nan 6.150000e-01 9.874997e-01 -3.000000e+00 0.000000e+00
nan nan 6.150000e-01 1.012500e+00 -3.000000e+00 0.000000e+00
nan nan 6.150000e-01 1.037500e+00 -3.000000e+00 0.000000e+00
nan nan 6.150000e-01 1.062500e+00 -3.000000e+00 0.000000e+00
nan nan 6.150000e-01 1.087500e+00 -3.000000e+00 0.000000e+00
nan nan 6.150000e-01 1.112500e+00 -3.000000e+00 0.000000e+00
nan nan 6.150000e-01 1.137500e+00 -3.000000e+00 0.000000e+00
nan nan 6.150000e-01 1.162500e+00 -3.000000e+00 0.000000e+00
nan nan 6.150000e-01 1.187500e+00 -3.000000e+00 0.000000e+00
nan nan 6.150000e-01 1.212500e+00 -3.000000e+00 0.000000e+00
nan nan 6.150000e-01 1.237500e+00 -3.000000e+00 0.000000e+00
nan nan 6.150000e-01 1.262500e+00 -3.000000e+00 0.000000e+00
nan nan 6.150000e-01 1.287500e+00 -3.000000e+00 0.000000e+00
nan nan 6.150000e-01 1.312500e+00 -3.000000e+00 0.000000e+00
nan nan 6.150000e-01 1.337500e+00 -3.000000e+00 0.000000e+00
nan nan 6.150000e-01 1.362500e+00 -3.000000e+00 0.000000e+00
nan nan 6.150000e-01 1.387500e+00 -3.000000e+00 0.000000e+00
nan nan 6.150000e-01 1.412500e+00 -3.000000e+00 0.000000e+00
nan nan 6.150000e-01 1.437500e+00 -3.000000e+00 0.000000e+00
nan nan 6.150000e-01 1.462500e+00 -3.000000e+00 0.000000e+00
nan nan 6.150000e-01 1.487500e+00 -3.000000e+00 0.000000e+00
nan nan 6.150000e-01 1.512500e+00 -3.000000e+00 0.000000e+00
nan nan 6.150000e-01 1.537500e+00 -3.000000e+00 0.000000e+00
nan nan 6.150000e-01 1.562500e+00 -3.000000e+00 0.000000e+00
nan nan 6.150000e-01 1.587500e+00 -3.000000e+00 0.000000e+00
nan nan 6.150000e-01 1.612499e+00 -3.000000e+00 0.000000e+00
nan nan 6.150000e-01 1.637499e+00 -3.000000e+00 0.000000e+00
nan nan 6.150000e-01 1.662499e+00 -3.000000e+00 0.000000e+00
nan nan 6.150000e-01 1.687499e+00 -3.000000e+00 0.000000e+00
nan nan 6.150000e-01 1.712499e+00 -3.000000e+00 0.000000e+00
nan nan 6.150000e-01 1.737499e+00 -3.000000e+00 0.000000e+00
nan nan 6.150000e-01 1.762499e+00 -3.000000e+00 0.000000e+00
nan nan 6.150000e-01 1.787499e+00 -3.000000e+00 0.000000e+00
nan nan 6.150000e-01 1.812499e+00 -3.000000e+00 0.000000e+00
nan nan 6.150000e-01 1.837499e+00 -3.000000e+00 0.000000e+00
nan nan 6.150000e-01 1.862499e+00 -3.000000e+00 0.000000e+00
nan nan 6.150000e-01 1.887499e+00 -3.000000e+00 0.000000e+00
nan nan 6.150000e-01 1.912499e+00 -3.000000e+00 0.000000e+00
nan nan 6.150000e-01 1.937499e+00 -3.000000e+00 0.000000e+00
nan nan 6.150000e-01 1.962499e+00 -3.000000e+00 0.000000e+00
nan nan 6.150000e-01 1.987499e+00 -3.000000e+00 0.000000e+00
0.000000e+00 0.000000e+00 6.250000e-01 2.125000e-01 -3.000000e+00 0.000000e+00
0.000000e+00 0.000000e+00 6.250000e-01 2.375000e-01 -3.000000e+00 0.000000e+00
0.000000e+00 0.000000e+00 6.250000e-01 2.625000e-01 -3.000000e+00 0.000000e+00
0.000000e+00 0.000000e+00 6.250000e-01 2.875000e-01 -3.000000e+00 0.000000e+00
5.081644e-04 2.933888e-04 6.250000e-01 3.125000e-01 -3.000000e+00 0.000000e+00
1.022868e-03 4.175849e-04 6.250000e-01 3.375000e-01 -3.000000e+00 0.000000e+00
0.000000e+00 0.000000e+00 6.250000e-01 3.624999e-01 -3.000000e+00 0.000000e+00
0.000000e+00 0.000000e+00 6.250000e-01 3.874999e-01 -3.000000e+00 0.000000e+00
0.000000e+00 0.000000e+00 6.250000e-01 4.124999e-01 -3.000000e+00 0.000000e+00
0.000000e+00 0.000000e+00 6.250000e-01 4.374999e-01 -3.000000e+00 0.000000e+00
0.000000e+00 0.000000e+00 6.250000e-01 4.624999e-01 -3.000000e+00 0.000000e+00
0.000000e+00 0.000000e+00 6.250000e-01 4.874999e-01 -3.000000e+00 0.000000e+00
0.000000e+00 0.000000e+00 6.250000e-01 5.124999e-01 -3.000000e+00 0.000000e+00
0.000000e+00 0.000000e+00 6.250000e-01 5.374999e-01 -3.000000e+00 0.000000e+00
0.000000e+00 0.000000e+00 6.250000e-01 5.624999e-01 -3.000000e+00 0.000000e+00
9.576281e-04 3.909502e-04 6.250000e-01 5.874999e-01 -3.000000e+00 0.000000e+00
0.000000e+00 0.000000e+00 6.250000e-01 6.124999e-01 -3.000000e+00 0.000000e+00
0.000000e+00 0.000000e+00 6.250000e-01 6.374998e-01 -3.000000e+00 0.000000e+00
0.000000e+00 0.000000e+00 6.250000e-01 6.624998e-01 -3.000000e+00 0.000000e+00
0.000000e+00 0.000000e+00 6.250000e-01 6.874998e-01 -3.000000e+00 0.000000e+00
0.000000e+00 0.000000e+00 6.250000e-01 7.124998e-01 -3.000000e+00 0.000000e+00
0.000000e+00 0.000000e+00 6.250000e-01 7.374998e-01 -3.000000e+00 0.000000e+00
0.000000e+00 0.000000e+00 6.250000e-01 7.624998e-01 -3.000000e+00 0.000000e+00
0.000000e+00 0.000000e+00 6.250000e-01 7.874998e-01 -3.000000e+00 0.000000e+00
0.000000e+00 0.000000e+00 6.250000e-01 8.124998e-01 -3.000000e+00 0.000000e+00
nan nan 6.250000e-01 8.374998e-01 -3.000000e+00 0.000000e+00
nan nan 6.250000e-01 8.624998e-01 -3.000000e+00 0.000000e+00
nan nan 6.250000e-01 8.874998e-01 -3.000000e+00 0.000000e+00
nan nan 6.250000e-01 9.124997e-01 -3.000000e+00 0.000000e+00
nan nan 6.250000e-01 9.374997e-01 -3.000000e+00 0.000000e+00
nan nan 6.250000e-01 9.624997e-01 -3.000000e+00 0.000000e+00
nan nan 6.250000e-01 9.874997e-01 -3.000000e+00 0.000000e+00
nan nan 6.250000e-01 1.012500e+00 -3.000000e+00 0.000000e+00
nan nan 6.250000e-01 1.037500e+00 -3.000000e+00 0.000000e+00
nan nan 6.250000e-01 1.062500e+00 -3.000000e+00 0.000000e+00
nan nan 6.250000e-01 1.087500e+00 -3.000000e+00 0.000000e+00
nan nan 6.250000e-01 1.112500e+00 -3.000000e+00 0.000000e+00
nan nan 6.250000e-01 1.137500e+00 -3.000000e+00 0.000000e+00
nan nan 6.250000e-01 1.162500e+00 -3.000000e+00 0.000000e+00
nan nan 6.250000e-01 1.187500e+00 -3.000000e+00 0.000000e+00
nan nan 6.250000e-01 1.212500e+00 -3.000000e+00 0.000000e+00
nan nan 6.250000e-01 1.237500e+00 -3.000000e+00 0.000000e+00
nan nan 6.250000e-01 1.262500e+00 -3.000000e+00 0.000000e+00
nan nan 6.250000e-01 1.287500e+00 -3.000000e+00 0.000000e+00
nan nan 6.250000e-01 1.312500e+00 -3.000000e+00 0.000000e+00
nan nan 6.250000e-01 1.337500e+00 -3.000000e+00 0.000000e+00
nan nan 6.250000e-01 1.362500e+00 -3.000000e+00 0.000000e+00
nan nan 6.250000e-01 1.387500e+00 -3.000000e+00 0.000000e+00
nan nan 6.250000e-01 1.412500e+00 -3.000000e+00 0.000000e+00
nan nan 6.250000e-01 1.437500e+00 -3.000000e+00 0.000000e+00
nan nan 6.250000e-01 1.462500e+00 -3.000000e+00 0.000000e+00
nan nan 6.250000e-01 1.487500e+00 -3.000000e+00 0.000000e+00
nan nan 6.250000e-01 1.512500e+00 -3.000000e+00 0.000000e+00
nan nan 6.250000e-01 1.537500e+00 -3.000000e+00 0.000000e+00
nan nan 6.250000e-01 1.562500e+00 -3.000000e+00 0.000000e+00
nan nan 6.250000e-01 1.587500e+00 -3.000000e+00 0.000000e+00
nan nan 6.250000e-01 1.612499e+00 -3.000000e+00 0.000000e+00
nan nan 6.250000e-01 1.637499e+00 -3.000000e+00 0.000000e+00
nan nan 6.250000e-01 1.662499e+00 -3.000000e+00 0.000000e+00
nan nan 6.250000e-01 1.687499e+00 -3.000000e+00 0.000000e+00
nan nan 6.250000e-01 1.712499e+00 -3.000000e+00 0.000000e+00
nan nan 6.250000e-01 1.737499e+00 -3.000000e+00 0.000000e+00
nan nan 6.250000e-01 1.762499e+00 -3.000000e+00 0.000000e+00
nan nan 6.250000e-01 1.787499e+00 -3.000000e+00 0.000000e+00
nan nan 6.250000e-01 1.812499e+00 -3.000000e+00 0.000000e+00
nan nan 6.250000e-01 1.837499e+00 -3.000000e+00 0.000000e+00
nan nan 6.250000e-01 1.862499e+00 -3.000000e+00 0.000000e+00
nan nan 6.250000e-01 1.887499e+00 -3.000000e+00 0.000000e+00
nan nan 6.250000e-01 1.912499e+00 -3.000000e+00 0.000000e+00
nan nan 6.250000e-01 1.937499e+00 -3.000000e+00 0.000000e+00
nan nan 6.250000e-01 1.962499e+00 -3.000000e+00 0.000000e+00
nan nan 6.250000e-01 1.987499e+00 -3.000000e+00 0.000000e+00
5.319567e-04 3.071253e-04 6.350000e-01 2.125000e-01 -3.000000e+00 0.000000e+00
5.276335e-04 3.046294e-04 6.350000e-01 2.375000e-01 -3.000000e+00 0.000000e+00
0.000000e+00 0.000000e+00 6.350000e-01 2.625000e-01 -3.000000e+00 0.000000e+00
0.000000e+00 0.000000e+00 6.350000e-01 2.875000e-01 -3.000000e+00 0.000000e+00
0.000000e+00 0.000000e+00 6.350000e-01 3.125000e-01 -3.000000e+00 0.000000e+00
0.000000e+00 0.000000e+00 6.350000e-01 3.375000e-01 -3.000000e+00 0.000000e+00
0.000000e+00 0.000000e+00 6.350000e-01 3.624999e-01 -3.000000e+00 0.000000e+00
5.021783e-04 2.899327e-04 6.350000e-01 3.874999e-01 -3.000000e+00 0.000000e+00
0.000000e+00 0.000000e+00 6.350000e-01 4.124999e-01 -3.000000e+00 0.000000e+00
0.000000e+00 0.000000e+00 6.350000e-01 4.374999e-01 -3.000000e+00 0.000000e+00
4.958581e-04 2.862838e-04 6.350000e-01 4.624999e-01 -3.000000e+00 0.000000e+00
0.000000e+00 0.000000e+00 6.350000e-01 4.874999e-01 -3.000000e+00 0.000000e+00
0.000000e+00 0.000000e+00 6.350000e-01 5.124999e-01 -3.000000e+00 0.000000e+00
1.023992e-03 4.180432e-04 6.350000e-01 5.374999e-01 -3.000000e+00 0.000000e+00
5.867256e-04 3.387462e-04 6.350000e-01 5.624999e-01 -3.000000e+00 0.000000e+00
7.313014e-04 4.222170e-04 6.350000e-01 5.874999e-01 -3.000000e+00 0.000000e+00
0.000000e+00 0.000000e+00 6.350000e-01 6.124999e-01 -3.000000e+00 0.000000e+00
0.000000e+00 0.000000e+00 6.350000e-01 6.374998e-01 -3.000000e+00 0.000000e+00
0.000000e+00 0.000000e+00 6.350000e-01 6.624998e-01 -3.000000e+00 0.000000e+00
0.000000e+00 0.000000e+00 6.350000e-01 6.874998e-01 -3.000000e+00 0.000000e+00
nan nan 6.350000e-01 7.124998e-01 -3.000000e+00 0.000000e+00
nan nan 6.350000e-01 7.374998e-01 -3.000000e+00 0.000000e+00
nan nan 6.350000e-01 7.624998e-01 -3.000000e+00 0.000000e+00
nan nan 6.350000e-01 7.874998e-01 -3.000000e+00 0.000000e+00
nan nan 6.350000e-01 8.124998e-01 -3.000000e+00 0.000000e+00
nan nan 6.350000e-01 8.374998e-01 -3.000000e+00 0.000000e+00
nan nan 6.350000e-01 8.624998e-01 -3.000000e+00 0.000000e+00
nan nan 6.350000e-01 8.874998e-01 -3.000000e+00 0.000000e+00
nan nan 6.350000e-01 9.124997e-01 -3.000000e+00 0.000000e+00
nan nan 6.350000e-01 9.374997e-01 -3.000000e+00 0.000000e+00
nan nan 6.350000e-01 9.624997e-01 -3.000000e+00 0.000000e+00
nan nan 6.350000e-01 9.874997e-01 -3.000000e+00 0.000000e+00
nan nan 6.350000e-01 1.012500e+00 -3.000000e+00 0.000000e+00
nan nan 6.350000e-01 1.037500e+00 -3.000000e+00 0.000000e+00
nan nan 6.350000e-01 1.062500e+00 -3.000000e+00 0.000000e+00
nan nan 6.350000e-01 1.087500e+00 -3.000000e+00 0.000000e+00
nan nan 6.350000e-01 1.112500e+00 -3.000000e+00 0.000000e+00
nan nan 6.350000e-01 1.137500e+00 -3.000000e+00 0.000000e+00
nan nan 6.350000e-01 1.162500e+00 -3.000000e+00 0.000000e+00
nan nan 6.350000e-01 1.187500e+00 -3.000000e+00 0.000000e+00
nan nan 6.350000e-01 1.212500e+00 -3.000000e+00 0.000000e+00
nan nan 6.350000e-01 1.237500e+00 -3.000000e+00 0.000000e+00
nan nan 6.350000e-01 1.262500e+00 -3.000000e+00 0.000000e+00
nan nan 6.350000e-01 1.287500e+00 -3.000000e+00 0.000000e+00
nan nan 6.350000e-01 1.312500e+00 -3.000000e+00 0.000000e+00
nan nan 6.350000e-01 1.337500e+00 -3.000000e+00 0.000000e+00
nan nan 6.350000e-01 1.362500e+00 -3.000000e+00 0.000000e+00
nan nan 6.350000e-01 1.387500e+00 -3.000000e+00 0.000000e+00
nan nan 6.350000e-01 1.412500e+00 -3.000000e+00 0.000000e+00
nan nan 6.350000e-01 1.437500e+00 -3.000000e+00 0.000000e+00
nan nan 6.350000e-01 1.462500e+00 -3.000000e+00 0.000000e+00
nan nan 6.350000e-01 1.487500e+00 -3.000000e+00 0.000000e+00
nan nan 6.350000e-01 1.512500e+00 -3.000000e+00 0.000000e+00
nan nan 6.350000e-01 1.537500e+00 -3.000000e+00 0.000000e+00
nan nan 6.350000e-01 1.562500e+00 -3.000000e+00 0.000000e+00
nan nan 6.350000e-01 1.587500e+00 -3.000000e+00 0.000000e+00
nan nan 6.350000e-01 1.612499e+00 -3.000000e+00 0.000000e+00
nan nan 6.350000e-01 1.637499e+00 -3.000000e+00 0.000000e+00
nan nan 6.350000e-01 1.662499e+00 -3.000000e+00 0.000000e+00
nan nan 6.350000e-01 1.687499e+00 -3.000000e+00 0.000000e+00
nan nan 6.350000e-01 1.712499e+00 -3.000000e+00 0.000000e+00
nan nan 6.350000e-01 1.737499e+00 -3.000000e+00 0.000000e+00
nan nan 6.350000e-01 1.762499e+00 -3.000000e+00 0.000000e+00
nan nan 6.350000e-01 1.787499e+00 -3.000000e+00 0.000000e+00
nan nan 6.350000e-01 1.812499e+00 -3.000000e+00 0.000000e+00
nan nan 6.350000e-01 1.837499e+00 -3.000000e+00 0.000000e+00
nan nan 6.350000e-01 1.862499e+00 -3.000000e+00 0.000000e+00
nan nan 6.350000e-01 1.887499e+00 -3.000000e+00 0.000000e+00
nan nan 6.350000e-01 1.912499e+00 -3.000000e+00 0.000000e+00
nan nan 6.350000e-01 1.937499e+00 -3.000000e+00 0.000000e+00
nan nan 6.350000e-01 1.962499e+00 -3.000000e+00 0.000000e+00
nan nan 6.350000e-01 1.987499e+00 -3.000000e+00 0.000000e+00
0.000000e+00 0.000000e+00 6.450000e-01 2.125000e-01 -3.000000e+00 0.000000e+00
0.000000e+00 0.000000e+00 6.450000e-01 2.375000e-01 -3.000000e+00 0.000000e+00
0.000000e+00 0.000000e+00 6.450000e-01 2.625000e-01 -3.000000e+00 0.000000e+00
5.090758e-04 2.939150e-04 6.450000e-01 2.875000e-01 -3.000000e+00 0.000000e+00
0.000000e+00 0.000000e+00 6.450000e-01 3.125000e-01 -3.000000e+00 0.000000e+00
0.000000e+00 0.000000e+00 6.450000e-01 3.375000e-01 -3.000000e+00 0.000000e+00
0.000000e+00 0.000000e+00 6.450000e-01 3.624999e-01 -3.000000e+00 0.000000e+00
0.000000e+00 0.000000e+00 6.450000e-01 3.874999e-01 -3.000000e+00 0.000000e+00
5.108960e-04 2.949659e-04 6.450000e-01 4.124999e-01 -3.000000e+00 0.000000e+00
5.414580e-04 3.126109e-04 6.450000e-01 4.374999e-01 -3.000000e+00 0.000000e+00
0.000000e+00 0.000000e+00 6.450000e-01 4.624999e-01 -3.000000e+00 0.000000e+00
0.000000e+00 0.000000e+00 6.450000e-01 4.874999e-01 -3.000000e+00 0.000000e+00
0.000000e+00 0.000000e+00 6.450000e-01 5.124999e-01 -3.000000e+00 0.000000e+00
0.000000e+00 0.000000e+00 6.450000e-01 5.374999e-01 -3.000000e+00 0.000000e+00
0.000000e+00 0.000000e+00 6.450000e-01 5.624999e-01 -3.000000e+00 0.000000e+00
0.000000e+00 0.000000e+00 6.450000e-01 5.874999e-01 -3.000000e+00 0.000000e+00
nan nan 6.450000e-01 6.124999e-01 -3.000000e+00 0.000000e+00
nan nan 6.450000e-01 6.374998e-01 -3.000000e+00 0.000000e+00
nan nan 6.450000e-01 6.624998e-01 -3.000000e+00 0.000000e+00
nan nan 6.450000e-01 6.874998e-01 -3.000000e+00 0.000000e+00
nan nan 6.450000e-01 7.124998e-01 -3.000000e+00 0.000000e+00
nan nan 6.450000e-01 7.374998e-01 -3.000000e+00 0.000000e+00
nan nan 6.450000e-01 7.624998e-01 -3.000000e+00 0.000000e+00
nan nan 6.450000e-01 7.874998e-01 -3.000000e+00 0.000000e+00
nan nan 6.450000e-01 8.124998e-01 -3.000000e+00 0.000000e+00
nan nan 6.450000e-01 8.374998e-01 -3.000000e+00 0.000000e+00
nan nan 6.450000e-01 8.624998e-01 -3.000000e+00 0.000000e+00
nan nan 6.450000e-01 8.874998e-01 -3.000000e+00 0.000000e+00
nan nan 6.450000e-01 9.124997e-01 -3.000000e+00 0.000000e+00
nan nan 6.450000e-01 9.374997e-01 -3.000000e+00 0.000000e+00
nan nan 6.450000e-01 9.624997e-01 -3.000000e+00 0.000000e+00
nan nan 6.450000e-01 9.874997e-01 -3.000000e+00 0.000000e+00
nan nan 6.450000e-01 1.012500e+00 -3.000000e+00 0.000000e+00
nan nan 6.450000e-01 1.037500e+00 -3.000000e+00 0.000000e+00
nan nan 6.450000e-01 1.062500e+00 -3.000000e+00 0.000000e+00
nan nan 6.450000e-01 1.087500e+00 -3.000000e+00 0.000000e+00
nan nan 6.450000e-01 1.112500e+00 -3.000000e+00 0.000000e+00
nan nan 6.450000e-01 1.137500e+00 -3.000000e+00 0.000000e+00
nan nan 6.450000e-01 1.162500e+00 -3.000000e+00 0.000000e+00
nan nan 6.450000e-01 1.187500e+00 -3.000000e+00 0.000000e+00
nan nan 6.450000e-01 1.212500e+00 -3.000000e+00 0.000000e+00
nan nan 6.450000e-01 1.237500e+00 -3.000000e+00 0.000000e+00
nan nan 6.450000e-01 1.262500e+00 -3.000000e+00 0.000000e+00
nan nan 6.450000e-01 1.287500e+00 -3.000000e+00 0.000000e+00
nan nan 6.450000e-01 1.312500e+00 -3.000000e+00 0.000000e+00
nan nan 6.450000e-01 1.337500e+00 -3.000000e+00 0.000000e+00
nan nan 6.450000e-01 1.362500e+00 -3.000000e+00 0.000000e+00
nan nan 6.450000e-01 1.387500e+00 -3.000000e+00 0.000000e+00
nan nan 6.450000e-01 1.412500e+00 -3.000000e+00 0.000000e+00
nan nan 6.450000e-01 1.437500e+00 -3.000000e+00 0.000000e+00
nan nan 6.450000e-01 1.462500e+00 -3.000000e+00 0.000000e+00
nan nan 6.450000e-01 1.487500e+00 -3.000000e+00 0.000000e+00
nan nan 6.450000e-01 1.512500e+00 -3.000000e+00 0.000000e+00
nan nan 6.450000e-01 1.537500e+00 -3.000000e+00 0.000000e+00
nan nan 6.450000e-01 1.562500e+00 -3.000000e+00 0.000000e+00
nan nan 6.450000e-01 1.587500e+00 -3.000000e+00 0.000000e+00
nan nan 6.450000e-01 1.612499e+00 -3.000000e+00 0.000000e+00
nan nan 6.450000e-01 1.637499e+00 -3.000000e+00 0.000000e+00
nan nan 6.450000e-01 1.662499e+00 -3.000000e+00 0.000000e+00
nan nan 6.450000e-01 1.687499e+00 -3.000000e+00 0.000000e+00
nan nan 6.450000e-01 1.712499e+00 -3.000000e+00 0.000000e+00
nan nan 6.450000e-01 1.737499e+00 -3.000000e+00 0.000000e+00
nan nan 6.450000e-01 1.762499e+00 -3.000000e+00 0.000000e+00
nan nan 6.450000e-01 1.787499e+00 -3.000000e+00 0.000000e+00
nan nan 6.450000e-01 1.812499e+00 -3.000000e+00 0.000000e+00
nan nan 6.450000e-01 1.837499e+00 -3.000000e+00 0.000000e+00
nan nan 6.450000e-01 1.862499e+00 -3.000000e+00 0.000000e+00
nan nan 6.450000e-01 1.887499e+00 -3.000000e+00 0.000000e+00
nan nan 6.450000e-01 1.912499e+00 -3.000000e+00 0.000000e+00
nan nan 6.450000e-01 1.937499e+00 -3.000000e+00 0.000000e+00
nan nan 6.450000e-01 1.962499e+00 -3.000000e+00 0.000000e+00
nan nan 6.450000e-01 1.987499e+00 -3.000000e+00 0.000000e+00
0.000000e+00 0.000000e+00 6.550000e-01 2.125000e-01 -3.000000e+00 0.000000e+00
5.252742e-04 3.032672e-04 6.550000e-01 2.375000e-01 -3.000000e+00 0.000000e+00
0.000000e+00 0.000000e+00 6.550000e-01 2.625000e-01 -3.000000e+00 0.000000e+00
0.000000e+00 0.000000e+00 6.550000e-01 2.875000e-01 -3.000000e+00 0.000000e+00
0.000000e+00 0.000000e+00 6.550000e-01 3.125000e-01 -3.000000e+00 0.000000e+00
0.000000e+00 0.000000e+00 6.550000e-01 3.375000e-01 -3.000000e+00 0.000000e+00
0.000000e+00 0.000000e+00 6.550000e-01 3.624999e-01 -3.000000e+00 0.000000e+00
0.000000e+00 0.000000e+00 6.550000e-01 3.874999e-01 -3.000000e+00 0.000000e+00
0.000000e+00 0.000000e+00 6.550000e-01 4.124999e-01 -3.000000e+00 0.000000e+00
0.000000e+00 0.000000e+00 6.550000e-01 4.374999e-01 -3.000000e+00 0.000000e+00
0.000000e+00 0.000000e+00 6.550000e-01 4.624999e-01 -3.000000e+00 0.000000e+00
nan nan 6.550000e-01 4.874999e-01 -3.000000e+00 0.000000e+00
nan nan 6.550000e-01 5.124999e-01 -3.000000e+00 0.000000e+00
nan nan 6.550000e-01 5.374999e-01 -3.000000e+00 0.000000e+00
nan nan 6.550000e-01 5.624999e-01 -3.000000e+00 0.000000e+00
nan nan 6.550000e-01 5.874999e-01 -3.000000e+00 0.000000e+00
nan nan 6.550000e-01 6.124999e-01 -3.000000e+00 0.000000e+00
nan nan 6.550000e-01 6.374998e-01 -3.000000e+00 0.000000e+00
nan nan 6.550000e-01 6.624998e-01 -3.000000e+00 0.000000e+00
nan nan 6.550000e-01 6.874998e-01 -3.000000e+00 0.000000e+00
nan nan 6.550000e-01 7.124998e-01 -3.000000e+00 0.000000e+00
nan nan 6.550000e-01 7.374998e-01 -3.000000e+00 0.000000e+00
nan nan 6.550000e-01 7.624998e-01 -3.000000e+00 0.000000e+00
nan nan 6.550000e-01 7.874998e-01 -3.000000e+00 0.000000e+00
nan nan 6.550000e-01 8.124998e-01 -3.000000e+00 0.000000e+00
nan nan 6.550000e-01 8.374998e-01 -3.000000e+00 0.000000e+00
nan nan 6.550000e-01 8.624998e-01 -3.000000e+00 0.000000e+00
nan nan 6.550000e-01 8.874998e-01 -3.000000e+00 0.000000e+00
nan nan 6.550000e-01 9.124997e-01 -3.000000e+00 0.000000e+00
nan nan 6.550000e-01 9.374997e-01 -3.000000e+00 0.000000e+00
nan nan 6.550000e-01 9.624997e-01 -3.000000e+00 0.000000e+00
nan nan 6.550000e-01 9.874997e-01 -3.000000e+00 0.000000e+00
nan nan 6.550000e-01 1.012500e+00 -3.000000e+00 0.000000e+00
nan nan 6.550000e-01 1.037500e+00 -3.000000e+00 0.000000e+00
nan nan 6.550000e-01 1.062500e+00 -3.000000e+00 0.000000e+00
nan nan 6.550000e-01 1.087500e+00 -3.000000e+00 0.000000e+00
nan nan 6.550000e-01 1.112500e+00 -3.000000e+00 0.000000e+00
nan nan 6.550000e-01 1.137500e+00 -3.000000e+00 0.000000e+00
nan nan 6.550000e-01 1.162500e+00 -3.000000e+00 0.000000e+00
nan nan 6.550000e-01 1.187500e+00 -3.000000e+00 0.000000e+00
nan nan 6.550000e-01 1.212500e+00 -3.000000e+00 0.000000e+00
nan nan 6.550000e-01 1.237500e+00 -3.000000e+00 0.000000e+00
nan nan 6.550000e-01 1.262500e+00 -3.000000e+00 0.000000e+00
nan nan 6.550000e-01 1.287500e+00 -3.000000e+00 0.000000e+00
nan nan 6.550000e-01 1.312500e+00 -3.000000e+00 0.000000e+00
nan nan 6.550000e-01 1.337500e+00 -3.000000e+00 0.000000e+00
nan nan 6.550000e-01 1.362500e+00 -3.000000e+00 0.000000e+00
nan nan 6.550000e-01 1.387500e+00 -3.000000e+00 0.000000e+00
nan nan 6.550000e-01 1.412500e+00 -3.000000e+00 0.000000e+00
nan nan 6.550000e-01 1.437500e+00 -3.000000e+00 0.000000e+00
nan nan 6.550000e-01 1.462500e+00 -3.000000e+00 0.000000e+00
nan nan 6.550000e-01 1.487500e+00 -3.000000e+00 0.000000e+00
nan nan 6.550000e-01 1.512500e+00 -3.000000e+00 0.000000e+00
nan nan 6.550000e-01 1.537500e+00 -3.000000e+00 0.000000e+00
nan nan 6.550000e-01 1.562500e+00 -3.000000e+00 0.000000e+00
nan nan 6.550000e-01 1.587500e+00 -3.000000e+00 0.000000e+00
nan nan 6.550000e-01 1.612499e+00 -3.000000e+00 0.000000e+00
nan nan 6.550000e-01 1.637499e+00 -3.000000e+00 0.000000e+00
nan nan 6.550000e-01 1.662499e+00 -3.000000e+00 0.000000e+00
nan nan 6.550000e-01 1.687499e+00 -3.000000e+00 0.000000e+00
nan nan 6.550000e-01 1.712499e+00 -3.000000e+00 0.000000e+00
nan nan 6.550000e-01 1.737499e+00 -3.000000e+00 0.000000e+00
nan nan 6.550000e-01 1.762499e+00 -3.000000e+00 0.000000e+00
nan nan 6.550000e-01 1.787499e+00 -3.000000e+00 0.000000e+00
nan nan 6.550000e-01 1.812499e+00 -3.000000e+00 0.000000e+00
nan nan 6.550000e-01 1.837499e+00 -3.000000e+00 0.000000e+00
nan nan 6.550000e-01 1.862499e+00 -3.000000e+00 0.000000e+00
nan nan 6.550000e-01 1.887499e+00 -3.000000e+00 0.000000e+00
nan nan 6.550000e-01 1.912499e+00 -3.000000e+00 0.000000e+00
nan nan 6.550000e-01 1.937499e+00 -3.000000e+00 0.000000e+00
nan nan 6.550000e-01 1.962499e+00 -3.000000e+00 0.000000e+00
nan nan 6.550000e-01 1.987499e+00 -3.000000e+00 0.000000e+00
0.000000e+00 0.000000e+00 6.650000e-01 2.125000e-01 -3.000000e+00 0.000000e+00
0.000000e+00 0.000000e+00 6.650000e-01 2.375000e-01 -3.000000e+00 0.000000e+00
0.000000e+00 0.000000e+00 6.650000e-01 2.625000e-01 -3.000000e+00 0.000000e+00
0.000000e+00 0.000000e+00 6.650000e-01 2.875000e-01 -3.000000e+00 0.000000e+00
0.000000e+00 0.000000e+00 6.650000e-01 3.125000e-01 -3.000000e+00 0.000000e+00
0.000000e+00 0.000000e+00 6.650000e-01 3.375000e-01 -3.000000e+00 0.000000e+00
0.000000e+00 0.000000e+00 6.650000e-01 3.624999e-01 -3.000000e+00 0.000000e+00
nan nan 6.650000e-01 3.874999e-01 -3.000000e+00 0.000000e+00
nan nan 6.650000e-01 4.124999e-01 -3.000000e+00 0.000000e+00
nan nan 6.650000e-01 4.374999e-01 -3.000000e+00 0.000000e+00
nan nan 6.650000e-01 4.624999e-01 -3.000000e+00 0.000000e+00
nan nan 6.650000e-01 4.874999e-01 -3.000000e+00 0.000000e+00
nan nan 6.650000e-01 5.124999e-01 -3.000000e+00 0.000000e+00
nan nan 6.650000e-01 5.374999e-01 -3.000000e+00 0.000000e+00
nan nan 6.650000e-01 5.624999e-01 -3.000000e+00 0.000000e+00
nan nan 6.650000e-01 5.874999e-01 -3.000000e+00 0.000000e+00
nan nan 6.650000e-01 6.124999e-01 -3.000000e+00 0.000000e+00
nan nan 6.650000e-01 6.374998e-01 -3.000000e+00 0.000000e+00
nan nan 6.650000e-01 6.624998e-01 -3.000000e+00 0.000000e+00
nan nan 6.650000e-01 6.874998e-01 -3.000000e+00 0.000000e+00
nan nan 6.650000e-01 7.124998e-01 -3.000000e+00 0.000000e+00
nan nan 6.650000e-01 7.374998e-01 -3.000000e+00 0.000000e+00
nan nan 6.650000e-01 7.624998e-01 -3.000000e+00 0.000000e+00
nan nan 6.650000e-01 7.874998e-01 -3.000000e+00 0.000000e+00
nan nan 6.650000e-01 8.124998e-01 -3.000000e+00 0.000000e+00
nan nan 6.650000e-01 8.374998e-01 -3.000000e+00 0.000000e+00
nan nan 6.650000e-01 8.624998e-01 -3.000000e+00 0.000000e+00
nan nan 6.650000e-01 8.874998e-01 -3.000000e+00 0.000000e+00
nan nan 6.650000e-01 9.124997e-01 -3.000000e+00 0.000000e+00
nan nan 6.650000e-01 9.374997e-01 -3.000000e+00 0.000000e+00
nan nan 6.650000e-01 9.624997e-01 -3.000000e+00 0.000000e+00
nan nan 6.650000e-01 9.874997e-01 -3.000000e+00 0.000000e+00
nan nan 6.650000e-01 1.012500e+00 -3.000000e+00 0.000000e+00
nan nan 6.650000e-01 1.037500e+00 -3.000000e+00 0.000000e+00
nan nan 6.650000e-01 1.062500e+00 -3.000000e+00 0.000000e+00
nan nan 6.650000e-01 1.087500e+00 -3.000000e+00 0.000000e+00
nan nan 6.650000e-01 1.112500e+00 -3.000000e+00 0.000000e+00
nan nan 6.650000e-01 1.137500e+00 -3.000000e+00 0.000000e+00
nan nan 6.650000e-01 1.162500e+00 -3.000000e+00 0.000000e+00
nan nan 6.650000e-01 1.187500e+00 -3.000000e+00 0.000000e+00
nan nan 6.650000e-01 1.212500e+00 -3.000000e+00 0.000000e+00
nan nan 6.650000e-01 1.237500e+00 -3.000000e+00 0.000000e+00
nan nan 6.650000e-01 1.262500e+00 -3.000000e+00 0.000000e+00
nan nan 6.650000e-01 1.287500e+00 -3.000000e+00 0.000000e+00
nan nan 6.650000e-01 1.312500e+00 -3.000000e+00 0.000000e+00
nan nan 6.650000e-01 1.337500e+00 -3.000000e+00 0.000000e+00
nan nan 6.650000e-01 1.362500e+00 -3.000000e+00 0.000000e+00
nan nan 6.650000e-01 1.387500e+00 -3.000000e+00 0.000000e+00
nan nan 6.650000e-01 1.412500e+00 -3.000000e+00 0.000000e+00
nan nan 6.650000e-01 1.437500e+00 -3.000000e+00 0.000000e+00
nan nan 6.650000e-01 1.462500e+00 -3.000000e+00 0.000000e+00
nan nan 6.650000e-01 1.487500e+00 -3.000000e+00 0.000000e+00
nan nan 6.650000e-01 1.512500e+00 -3.000000e+00 0.000000e+00
nan nan 6.650000e-01 1.537500e+00 -3.000000e+00 0.000000e+00
nan nan 6.650000e-01 1.562500e+00 -3.000000e+00 0.000000e+00
nan nan 6.650000e-01 1.587500e+00 -3.000000e+00 0.000000e+00
nan nan 6.650000e-01 1.612499e+00 -3.000000e+00 0.000000e+00
nan nan 6.650000e-01 1.637499e+00 -3.000000e+00 0.000000e+00
nan nan 6.650000e-01 1.662499e+00 -3.000000e+00 0.000000e+00
nan nan 6.650000e-01 1.687499e+00 -3.000000e+00 0.000000e+00
nan nan 6.650000e-01 1.712499e+00 -3.000000e+00 0.000000e+00
nan nan 6.650000e-01 1.737499e+00 -3.000000e+00 0.000000e+00
nan nan 6.650000e-01 1.762499e+00 -3.000000e+00 0.000000e+00
nan nan 6.650000e-01 1.787499e+00 -3.000000e+00 0.000000e+00
nan nan 6.650000e-01 1.812499e+00 -3.000000e+00 0.000000e+00
nan nan 6.650000e-01 1.837499e+00 -3.000000e+00 0.000000e+00
nan nan 6.650000e-01 1.862499e+00 -3.000000e+00 0.000000e+00
nan nan 6.650000e-01 1.887499e+00 -3.000000e+00 0.000000e+00
nan nan 6.650000e-01 1.912499e+00 -3.000000e+00 0.000000e+00
nan nan 6.650000e-01 1.937499e+00 -3.000000e+00 0.000000e+00
nan nan 6.650000e-01 1.962499e+00 -3.000000e+00 0.000000e+00
nan nan 6.650000e-01 1.987499e+00 -3.000000e+00 0.000000e+00
0.000000e+00 0.000000e+00 6.750000e-01 2.125000e-01 -3.000000e+00 0.000000e+00
0.000000e+00 0.000000e+00 6.750000e-01 2.375000e-01 -3.000000e+00 0.000000e+00
0.000000e+00 0.000000e+00 6.750000e-01 2.625000e-01 -3.000000e+00 0.000000e+00
nan nan 6.750000e-01 2.875000e-01 -3.000000e+00 0.000000e+00
nan nan 6.750000e-01 3.125000e-01 -3.000000e+00 0.000000e+00
nan nan 6.750000e-01 3.375000e-01 -3.000000e+00 0.000000e+00
nan nan 6.750000e-01 3.624999e-01 -3.000000e+00 0.000000e+00
nan nan 6.750000e-01 3.874999e-01 -3.000000e+00 0.000000e+00
nan nan 6.750000e-01 4.124999e-01 -3.000000e+00 0.000000e+00
nan nan 6.750000e-01 4.374999e-01 -3.000000e+00 0.000000e+00
nan nan 6.750000e-01 4.624999e-01 -3.000000e+00 0.000000e+00
nan nan 6.750000e-01 4.874999e-01 -3.000000e+00 0.000000e+00
nan nan 6.750000e-01 5.124999e-01 -3.000000e+00 0.000000e+00
nan nan 6.750000e-01 5.374999e-01 -3.000000e+00 0.000000e+00
nan nan 6.750000e-01 5.624999e-01 -3.000000e+00 0.000000e+00
nan nan 6.750000e-01 5.874999e-01 -3.000000e+00 0.000000e+00
nan nan 6.750000e-01 6.124999e-01 -3.000000e+00 0.000000e+00
nan nan 6.750000e-01 6.374998e-01 -3.000000e+00 0.000000e+00
nan nan 6.750000e-01 6.624998e-01 -3.000000e+00 0.000000e+00
nan nan 6.750000e-01 6.874998e-01 -3.000000e+00 0.000000e+00
nan nan 6.750000e-01 7.124998e-01 -3.000000e+00 0.000000e+00
nan nan 6.750000e-01 7.374998e-01 -3.000000e+00 0.000000e+00
nan nan 6.750000e-01 7.624998e-01 -3.000000e+00 0.000000e+00
nan nan 6.750000e-01 7.874998e-01 -3.000000e+00 0.000000e+00
nan nan 6.750000e-01 8.124998e-01 -3.000000e+00 0.000000e+00
nan nan 6.750000e-01 8.374998e-01 -3.000000e+00 0.000000e+00
nan nan 6.750000e-01 8.624998e-01 -3.000000e+00 0.000000e+00
nan nan 6.750000e-01 8.874998e-01 -3.000000e+00 0.000000e+00
nan nan 6.750000e-01 9.124997e-01 -3.000000e+00 0.000000e+00
nan nan 6.750000e-01 9.374997e-01 -3.000000e+00 0.000000e+00
nan nan 6.750000e-01 9.624997e-01 -3.000000e+00 0.000000e+00
nan nan 6.750000e-01 9.874997e-01 -3.000000e+00 0.000000e+00
nan nan 6.750000e-01 1.012500e+00 -3.000000e+00 0.000000e+00
nan nan 6.750000e-01 1.037500e+00 -3.000000e+00 0.000000e+00
nan nan 6.750000e-01 1.062500e+00 -3.000000e+00 0.000000e+00
nan nan 6.750000e-01 1.087500e+00 -3.000000e+00 0.000000e+00
nan nan 6.750000e-01 1.112500e+00 -3.000000e+00 0.000000e+00
nan nan 6.750000e-01 1.137500e+00 -3.000000e+00 0.000000e+00
nan nan 6.750000e-01 1.162500e+00 -3.000000e+00 0.000000e+00
nan nan 6.750000e-01 1.187500e+00 -3.000000e+00 0.000000e+00
nan nan 6.750000e-01 1.212500e+00 -3.000000e+00 0.000000e+00
nan nan 6.750000e-01 1.237500e+00 -3.000000e+00 0.000000e+00
nan nan 6.750000e-01 1.262500e+00 -3.000000e+00 0.000000e+00
nan nan 6.750000e-01 1.287500e+00 -3.000000e+00 0.000000e+00
nan nan 6.750000e-01 1.312500e+00 -3.000000e+00 0.000000e+00
nan nan 6.750000e-01 1.337500e+00 -3.000000e+00 0.000000e+00
nan nan 6.750000e-01 1.362500e+00 -3.000000e+00 0.000000e+00
nan nan 6.750000e-01 1.387500e+00 -3.000000e+00 0.000000e+00
nan nan 6.750000e-01 1.412500e+00 -3.000000e+00 0.000000e+00
nan nan 6.750000e-01 1.437500e+00 -3.000000e+00 0.000000e+00
nan nan 6.750000e-01 1.462500e+00 -3.000000e+00 0.000000e+00
nan nan 6.750000e-01 1.487500e+00 -3.000000e+00 0.000000e+00
nan nan 6.750000e-01 1.512500e+00 -3.000000e+00 0.000000e+00
nan nan 6.750000e-01 1.537500e+00 -3.000000e+00 0.000000e+00
nan nan 6.750000e-01 1.562500e+00 -3.000000e+00 0.000000e+00
nan nan 6.750000e-01 1.587500e+00 -3.000000e+00 0.000000e+00
nan nan 6.750000e-01 1.612499e+00 -3.000000e+00 0.000000e+00
nan nan 6.750000e-01 1.637499e+00 -3.000000e+00 0.000000e+00
nan nan 6.750000e-01 1.662499e+00 -3.000000e+00 0.000000e+00
nan nan 6.750000e-01 1.687499e+00 -3.000000e+00 0.000000e+00
nan nan 6.750000e-01 1.712499e+00 -3.000000e+00 0.000000e+00
nan nan 6.750000e-01 1.737499e+00 -3.000000e+00 0.000000e+00
nan nan 6.750000e-01 1.762499e+00 -3.000000e+00 0.000000e+00
nan nan 6.750000e-01 1.787499e+00 -3.000000e+00 0.000000e+00
nan nan 6.750000e-01 1.812499e+00 -3.000000e+00 0.000000e+00
nan nan 6.750000e-01 1.837499e+00 -3.000000e+00 0.000000e+00
nan nan 6.750000e-01 1.862499e+00 -3.000000e+00 0.000000e+00
nan nan 6.750000e-01 1.887499e+00 -3.000000e+00 0.000000e+00
nan nan 6.750000e-01 1.912499e+00 -3.000000e+00 0.000000e+00
nan nan 6.750000e-01 1.937499e+00 -3.000000e+00 0.000000e+00
nan nan 6.750000e-01 1.962499e+00 -3.000000e+00 0.000000e+00
nan nan 6.750000e-01 1.987499e+00 -3.000000e+00 0.000000e+00
nan nan 6.850000e-01 2.125000e-01 -3.000000e+00 0.000000e+00
nan nan 6.850000e-01 2.375000e-01 -3.000000e+00 0.000000e+00
nan nan 6.850000e-01 2.625000e-01 -3.000000e+00 0.000000e+00
nan nan 6.850000e-01 2.875000e-01 -3.000000e+00 0.000000e+00
nan nan 6.850000e-01 3.125000e-01 -3.000000e+00 0.000000e+00
nan nan 6.850000e-01 3.375000e-01 -3.000000e+00 0.000000e+00
nan nan 6.850000e-01 3.624999e-01 -3.000000e+00 0.000000e+00
nan nan 6.850000e-01 3.874999e-01 -3.000000e+00 0.000000e+00
nan nan 6.850000e-01 4.124999e-01 -3.000000e+00 0.000000e+00
nan nan 6.850000e-01 4.374999e-01 -3.000000e+00 0.000000e+00
nan nan 6.850000e-01 4.624999e-01 -3.000000e+00 0.000000e+00
nan nan 6.850000e-01 4.874999e-01 -3.000000e+00 0.000000e+00
nan nan 6.850000e-01 5.124999e-01 -3.000000e+00 0.000000e+00
nan nan 6.850000e-01 5.374999e-01 -3.000000e+00 0.000000e+00
nan nan 6.850000e-01 5.624999e-01 -3.000000e+00 0.000000e+00
nan nan 6.850000e-01 5.874999e-01 -3.000000e+00 0.000000e+00
nan nan 6.850000e-01 6.124999e-01 -3.000000e+00 0.000000e+00
nan nan 6.850000e-01 6.374998e-01 -3.000000e+00 0.000000e+00
nan nan 6.850000e-01 6.624998e-01 -3.000000e+00 0.000000e+00
nan nan 6.850000e-01 6.874998e-01 -3.000000e+00 0.000000e+00
nan nan 6.850000e-01 7.124998e-01 -3.000000e+00 0.000000e+00
nan nan 6.850000e-01 7.374998e-01 -3.000000e+00 0.000000e+00
nan nan 6.850000e-01 7.624998e-01 -3.000000e+00 0.000000e+00
nan nan 6.850000e-01 7.874998e-01 -3.000000e+00 0.000000e+00
nan nan 6.850000e-01 8.124998e-01 -3.000000e+00 0.000000e+00
nan nan 6.850000e-01 8.374998e-01 -3.000000e+00 0.000000e+00
nan nan 6.850000e-01 8.624998e-01 -3.000000e+00 0.000000e+00
nan nan 6.850000e-01 8.874998e-01 -3.000000e+00 0.000000e+00
nan nan 6.850000e-01 9.124997e-01 -3.000000e+00 0.000000e+00
nan nan 6.850000e-01 9.374997e-01 -3.000000e+00 0.000000e+00
nan nan 6.850000e-01 9.624997e-01 -3.000000e+00 0.000000e+00
nan nan 6.850000e-01 9.874997e-01 -3.000000e+00 0.000000e+00
nan nan 6.850000e-01 1.012500e+00 -3.000000e+00 0.000000e+00
nan nan 6.850000e-01 1.037500e+00 -3.000000e+00 0.000000e+00
nan nan 6.850000e-01 1.062500e+00 -3.000000e+00 0.000000e+00
nan nan 6.850000e-01 1.087500e+00 -3.000000e+00 0.000000e+00
nan nan 6.850000e-01 1.112500e+00 -3.000000e+00 0.000000e+00
nan nan 6.850000e-01 1.137500e+00 -3.000000e+00 0.000000e+00
nan nan 6.850000e-01 1.162500e+00 -3.000000e+00 0.000000e+00
nan nan 6.850000e-01 1.187500e+00 -3.000000e+00 0.000000e+00
nan nan 6.850000e-01 1.212500e+00 -3.000000e+00 0.000000e+00
nan nan 6.850000e-01 1.237500e+00 -3.000000e+00 0.000000e+00
nan nan 6.850000e-01 1.262500e+00 -3.000000e+00 0.000000e+00
nan nan 6.850000e-01 1.287500e+00 -3.000000e+00 0.000000e+00
nan nan 6.850000e-01 1.312500e+00 -3.000000e+00 0.000000e+00
nan nan 6.850000e-01 1.337500e+00 -3.000000e+00 0.000000e+00
nan nan 6.850000e-01 1.362500e+00 -3.000000e+00 0.000000e+00
nan nan 6.850000e-01 1.387500e+00 -3.000000e+00 0.000000e+00
nan nan 6.850000e-01 1.412500e+00 -3.000000e+00 0.000000e+00
nan nan 6.850000e-01 1.437500e+00 -3.000000e+00 0.000000e+00
nan nan 6.850000e-01 1.462500e+00 -3.000000e+00 0.000000e+00
nan nan 6.850000e-01 1.487500e+00 -3.000000e+00 0.000000e+00
nan nan 6.850000e-01 1.512500e+00 -3.000000e+00 0.000000e+00
nan nan 6.850000e-01 1.537500e+00 -3.000000e+00 0.000000e+00
nan nan 6.850000e-01 1.562500e+00 -3.000000e+00 0.000000e+00
nan nan 6.850000e-01 1.587500e+00 -3.000000e+00 0.000000e+00
nan nan 6.850000e-01 1.612499e+00 -3.000000e+00 0.000000e+00
nan nan 6.850000e-01 1.637499e+00 -3.000000e+00 0.000000e+00
nan nan 6.850000e-01 1.662499e+00 -3.000000e+00 0.000000e+00
nan nan 6.850000e-01 1.687499e+00 -3.000000e+00 0.000000e+00
nan nan 6.850000e-01 1.712499e+00 -3.000000e+00 0.000000e+00
nan nan 6.850000e-01 1.737499e+00 -3.000000e+00 0.000000e+00
nan nan 6.850000e-01 1.762499e+00 -3.000000e+00 0.000000e+00
nan nan 6.850000e-01 1.787499e+00 -3.000000e+00 0.000000e+00
nan nan 6.850000e-01 1.812499e+00 -3.000000e+00 0.000000e+00
nan nan 6.850000e-01 1.837499e+00 -3.000000e+00 0.000000e+00
nan nan 6.850000e-01 1.862499e+00 -3.000000e+00 0.000000e+00
nan nan 6.850000e-01 1.887499e+00 -3.000000e+00 0.000000e+00
nan nan 6.850000e-01 1.912499e+00 -3.000000e+00 0.000000e+00
nan nan 6.850000e-01 1.937499e+00 -3.000000e+00 0.000000e+00
nan nan 6.850000e-01 1.962499e+00 -3.000000e+00 0.000000e+00
nan nan 6.850000e-01 1.987499e+00 -3.000000e+00 0.000000e+00
nan nan 6.950000e-01 2.125000e-01 -3.000000e+00 0.000000e+00
nan nan 6.950000e-01 2.375000e-01 -3.000000e+00 0.000000e+00
nan nan 6.950000e-01 2.625000e-01 -3.000000e+00 0.000000e+00
nan nan 6.950000e-01 2.875000e-01 -3.000000e+00 0.000000e+00
nan nan 6.950000e-01 3.125000e-01 -3.000000e+00 0.000000e+00
nan nan 6.950000e-01 3.375000e-01 -3.000000e+00 0.000000e+00
nan nan 6.950000e-01 3.624999e-01 -3.000000e+00 0.000000e+00
nan nan 6.950000e-01 3.874999e-01 -3.000000e+00 0.000000e+00
nan nan 6.950000e-01 4.124999e-01 -3.000000e+00 0.000000e+00
nan nan 6.950000e-01 4.374999e-01 -3.000000e+00 0.000000e+00
nan nan 6.950000e-01 4.624999e-01 -3.000000e+00 0.000000e+00
nan nan 6.950000e-01 4.874999e-01 -3.000000e+00 0.000000e+00
nan nan 6.950000e-01 5.124999e-01 -3.000000e+00 0.000000e+00
nan nan 6.950000e-01 5.374999e-01 -3.000000e+00 0.000000e+00
nan nan 6.950000e-01 5.624999e-01 -3.000000e+00 0.000000e+00
nan nan 6.950000e-01 5.874999e-01 -3.000000e+00 0.000000e+00
nan nan 6.950000e-01 6.124999e-01 -3.000000e+00 0.000000e+00
nan nan 6.950000e-01 6.374998e-01 -3.000000e+00 0.000000e+00
nan nan 6.950000e-01 6.624998e-01 -3.000000e+00 0.000000e+00
nan nan 6.950000e-01 6.874998e-01 -3.000000e+00 0.000000e+00
nan nan 6.950000e-01 7.124998e-01 -3.000000e+00 0.000000e+00
nan nan 6.950000e-01 7.374998e-01 -3.000000e+00 0.000000e+00
nan nan 6.950000e-01 7.624998e-01 -3.000000e+00 0.000000e+00
nan nan 6.950000e-01 7.874998e-01 -3.000000e+00 0.000000e+00
nan nan 6.950000e-01 8.124998e-01 -3.000000e+00 0.000000e+00
nan nan 6.950000e-01 8.374998e-01 -3.000000e+00 0.000000e+00
nan nan 6.950000e-01 8.624998e-01 -3.000000e+00 0.000000e+00
nan nan 6.950000e-01 8.874998e-01 -3.000000e+00 0.000000e+00
nan nan 6.950000e-01 9.124997e-01 -3.000000e+00 0.000000e+00
nan nan 6.950000e-01 9.374997e-01 -3.000000e+00 0.000000e+00
nan nan 6.950000e-01 9.624997e-01 -3.000000e+00 0.000000e+00
nan nan 6.950000e-01 9.874997e-01 -3.000000e+00 0.000000e+00
nan nan 6.950000e-01 1.012500e+00 -3.000000e+00 0.000000e+00
nan nan 6.950000e-01 1.037500e+00 -3.000000e+00 0.000000e+00
nan nan 6.950000e-01 1.062500e+00 -3.000000e+00 0.000000e+00
nan nan 6.950000e-01 1.087500e+00 -3.000000e+00 0.000000e+00
nan nan 6.950000e-01 1.112500e+00 -3.000000e+00 0.000000e+00
nan nan 6.950000e-01 1.137500e+00 -3.000000e+00 0.000000e+00
nan nan 6.950000e-01 1.162500e+00 -3.000000e+00 0.000000e+00
nan nan 6.950000e-01 1.187500e+00 -3.000000e+00 0.000000e+00
nan nan 6.950000e-01 1.212500e+00 -3.000000e+00 0.000000e+00
nan nan 6.950000e-01 1.237500e+00 -3.000000e+00 0.000000e+00
nan nan 6.950000e-01 1.262500e+00 -3.000000e+00 0.000000e+00
nan nan 6.950000e-01 1.287500e+00 -3.000000e+00 0.000000e+00
nan nan 6.950000e-01 1.312500e+00 -3.000000e+00 0.000000e+00
nan nan 6.950000e-01 1.337500e+00 -3.000000e+00 0.000000e+00
nan nan 6.950000e-01 1.362500e+00 -3.000000e+00 0.000000e+00
nan nan 6.950000e-01 1.387500e+00 -3.000000e+00 0.000000e+00
nan nan 6.950000e-01 1.412500e+00 -3.000000e+00 0.000000e+00
nan nan 6.950000e-01 1.437500e+00 -3.000000e+00 0.000000e+00
nan nan 6.950000e-01 1.462500e+00 -3.000000e+00 0.000000e+00
nan nan 6.950000e-01 1.487500e+00 -3.000000e+00 0.000000e+00
nan nan 6.950000e-01 1.512500e+00 -3.000000e+00 0.000000e+00
nan nan 6.950000e-01 1.537500e+00 -3.000000e+00 0.000000e+00
nan nan 6.950000e-01 1.562500e+00 -3.000000e+00 0.000000e+00
nan nan 6.950000e-01 1.587500e+00 -3.000000e+00 0.000000e+00
nan nan 6.950000e-01 1.612499e+00 -3.000000e+00 0.000000e+00
nan nan 6.950000e-01 1.637499e+00 -3.000000e+00 0.000000e+00
nan nan 6.950000e-01 1.662499e+00 -3.000000e+00 0.000000e+00
nan nan 6.950000e-01 1.687499e+00 -3.000000e+00 0.000000e+00
nan nan 6.950000e-01 1.712499e+00 -3.000000e+00 0.000000e+00
nan nan 6.950000e-01 1.737499e+00 -3.000000e+00 0.000000e+00
nan nan 6.950000e-01 1.762499e+00 -3.000000e+00 0.000000e+00
nan nan 6.950000e-01 1.787499e+00 -3.000000e+00 0.000000e+00
nan nan 6.950000e-01 1.812499e+00 -3.000000e+00 0.000000e+00
nan nan 6.950000e-01 1.837499e+00 -3.000000e+00 0.000000e+00
nan nan 6.950000e-01 1.862499e+00 -3.000000e+00 0.000000e+00
nan nan 6.950000e-01 1.887499e+00 -3.000000e+00 0.000000e+00
nan nan 6.950000e-01 1.912499e+00 -3.000000e+00 0.000000e+00
nan nan 6.950000e-01 1.937499e+00 -3.000000e+00 0.000000e+00
nan nan 6.950000e-01 1.962499e+00 -3.000000e+00 0.000000e+00
nan nan 6.950000e-01 1.987499e+00 -3.000000e+00 0.000000e+00
nan nan 7.050000e-01 2.125000e-01 -3.000000e+00 0.000000e+00
nan nan 7.050000e-01 2.375000e-01 -3.000000e+00 0.000000e+00
nan nan 7.050000e-01 2.625000e-01 -3.000000e+00 0.000000e+00
nan nan 7.050000e-01 2.875000e-01 -3.000000e+00 0.000000e+00
nan nan 7.050000e-01 3.125000e-01 -3.000000e+00 0.000000e+00
nan nan 7.050000e-01 3.375000e-01 -3.000000e+00 0.000000e+00
nan nan 7.050000e-01 3.624999e-01 -3.000000e+00 0.000000e+00
nan nan 7.050000e-01 3.874999e-01 -3.000000e+00 0.000000e+00
nan nan 7.050000e-01 4.124999e-01 -3.000000e+00 0.000000e+00
nan nan 7.050000e-01 4.374999e-01 -3.000000e+00 0.000000e+00
nan nan 7.050000e-01 4.624999e-01 -3.000000e+00 0.000000e+00
nan nan 7.050000e-01 4.874999e-01 -3.000000e+00 0.000000e+00
nan nan 7.050000e-01 5.124999e-01 -3.000000e+00 0.000000e+00
nan nan 7.050000e-01 5.374999e-01 -3.000000e+00 0.000000e+00
nan nan 7.050000e-01 5.624999e-01 -3.000000e+00 0.000000e+00
nan nan 7.050000e-01 5.874999e-01 -3.000000e+00 0.000000e+00
nan nan 7.050000e-01 6.124999e-01 -3.000000e+00 0.000000e+00
nan nan 7.050000e-01 6.374998e-01 -3.000000e+00 0.000000e+00
nan nan 7.050000e-01 6.624998e-01 -3.000000e+00 0.000000e+00
nan nan 7.050000e-01 6.874998e-01 -3.000000e+00 0.000000e+00
nan nan 7.050000e-01 7.124998e-01 -3.000000e+00 0.000000e+00
nan nan 7.050000e-01 7.374998e-01 -3.000000e+00 0.000000e+00
nan nan 7.050000e-01 7.624998e-01 -3.000000e+00 0.000000e+00
nan nan 7.050000e-01 7.874998e-01 -3.000000e+00 0.000000e+00
nan nan 7.050000e-01 8.124998e-01 -3.000000e+00 0.000000e+00
nan nan 7.050000e-01 8.374998e-01 -3.000000e+00 0.000000e+00
nan nan 7.050000e-01 8.624998e-01 -3.000000e+00 0.000000e+00
nan nan 7.050000e-01 8.874998e-01 -3.000000e+00 0.000000e+00
nan nan 7.050000e-01 9.124997e-01 -3.000000e+00 0.000000e+00
nan nan 7.050000e-01 9.374997e-01 -3.000000e+00 0.000000e+00
nan nan 7.050000e-01 9.624997e-01 -3.000000e+00 0.000000e+00
nan nan 7.050000e-01 9.874997e-01 -3.000000e+00 0.000000e+00
nan nan 7.050000e-01 1.012500e+00 -3.000000e+00 0.000000e+00
nan nan 7.050000e-01 1.037500e+00 -3.000000e+00 0.000000e+00
nan nan 7.050000e-01 1.062500e+00 -3.000000e+00 0.000000e+00
nan nan 7.050000e-01 1.087500e+00 -3.000000e+00 0.000000e+00
nan nan 7.050000e-01 1.112500e+00 -3.000000e+00 0.000000e+00
nan nan 7.050000e-01 1.137500e+00 -3.000000e+00 0.000000e+00
nan nan 7.050000e-01 1.162500e+00 -3.000000e+00 0.000000e+00
nan nan 7.050000e-01 1.187500e+00 -3.000000e+00 0.000000e+00
nan nan 7.050000e-01 1.212500e+00 -3.000000e+00 0.000000e+00
nan nan 7.050000e-01 1.237500e+00 -3.000000e+00 0.000000e+00
nan nan 7.050000e-01 1.262500e+00 -3.000000e+00 0.000000e+00
nan nan 7.050000e-01 1.287500e+00 -3.000000e+00 0.000000e+00
nan nan 7.050000e-01 1.312500e+00 -3.000000e+00 0.000000e+00
nan nan 7.050000e-01 1.337500e+00 -3.000000e+00 0.000000e+00
nan nan 7.050000e-01 1.362500e+00 -3.000000e+00 0.000000e+00
nan nan 7.050000e-01 1.387500e+00 -3.000000e+00 0.000000e+00
nan nan 7.050000e-01 1.412500e+00 -3.000000e+00 0.000000e+00
nan nan 7.050000e-01 1.437500e+00 -3.000000e+00 0.000000e+00
nan nan 7.050000e-01 1.462500e+00 -3.000000e+00 0.000000e+00
nan nan 7.050000e-01 1.487500e+00 -3.000000e+00 0.000000e+00
nan nan 7.050000e-01 1.512500e+00 -3.000000e+00 0.000000e+00
nan nan 7.050000e-01 1.537500e+00 -3.000000e+00 0.000000e+00
nan nan 7.050000e-01 1.562500e+00 -3.000000e+00 0.000000e+00
nan nan 7.050000e-01 1.587500e+00 -3.000000e+00 0.000000e+00
nan nan 7.050000e-01 1.612499e+00 -3.000000e+00 0.000000e+00
nan nan 7.050000e-01 1.637499e+00 -3.000000e+00 0.000000e+00
nan nan 7.050000e-01 1.662499e+00 -3.000000e+00 0.000000e+00
nan nan 7.050000e-01 1.687499e+00 -3.000000e+00 0.000000e+00
nan nan 7.050000e-01 1.712499e+00 -3.000000e+00 0.000000e+00
nan nan 7.050000e-01 1.737499e+00 -3.000000e+00 0.000000e+00
nan nan 7.050000e-01 1.762499e+00 -3.000000e+00 0.000000e+00
nan nan 7.050000e-01 1.787499e+00 -3.000000e+00 0.000000e+00
nan nan 7.050000e-01 1.812499e+00 -3.000000e+00 0.000000e+00
nan nan 7.050000e-01 1.837499e+00 -3.000000e+00 0.000000e+00
nan nan 7.050000e-01 1.862499e+00 -3.000000e+00 0.000000e+00
nan nan 7.050000e-01 1.887499e+00 -3.000000e+00 0.000000e+00
nan nan 7.050000e-01 1.912499e+00 -3.000000e+00 0.000000e+00
nan nan 7.050000e-01 1.937499e+00 -3.000000e+00 0.000000e+00
nan nan 7.050000e-01 1.962499e+00 -3.000000e+00 0.000000e+00
nan nan 7.050000e-01 1.987499e+00 -3.000000e+00 0.000000e+00
nan nan 7.150000e-01 2.125000e-01 -3.000000e+00 0.000000e+00
nan nan 7.150000e-01 2.375000e-01 -3.000000e+00 0.000000e+00
nan nan 7.150000e-01 2.625000e-01 -3.000000e+00 0.000000e+00
nan nan 7.150000e-01 2.875000e-01 -3.000000e+00 0.000000e+00
nan nan 7.150000e-01 3.125000e-01 -3.000000e+00 0.000000e+00
nan nan 7.150000e-01 3.375000e-01 -3.000000e+00 0.000000e+00
nan nan 7.150000e-01 3.624999e-01 -3.000000e+00 0.000000e+00
nan nan 7.150000e-01 3.874999e-01 -3.000000e+00 0.000000e+00
nan nan 7.150000e-01 4.124999e-01 -3.000000e+00 0.000000e+00
nan nan 7.150000e-01 4.374999e-01 -3.000000e+00 0.000000e+00
nan nan 7.150000e-01 4.624999e-01 -3.000000e+00 0.000000e+00
nan nan 7.150000e-01 4.874999e-01 -3.000000e+00 0.000000e+00
nan nan 7.150000e-01 5.124999e-01 -3.000000e+00 0.000000e+00
nan nan 7.150000e-01 5.374999e-01 -3.000000e+00 0.000000e+00
nan nan 7.150000e-01 5.624999e-01 -3.000000e+00 0.000000e+00
nan nan 7.150000e-01 5.874999e-01 -3.000000e+00 0.000000e+00
nan nan 7.150000e-01 6.124999e-01 -3.000000e+00 0.000000e+00
nan nan 7.150000e-01 6.374998e-01 -3.000000e+00 0.000000e+00
nan nan 7.150000e-01 6.624998e-01 -3.000000e+00 0.000000e+00
nan nan 7.150000e-01 6.874998e-01 -3.000000e+00 0.000000e+00
nan nan 7.150000e-01 7.124998e-01 -3.000000e+00 0.000000e+00
nan nan 7.150000e-01 7.374998e-01 -3.000000e+00 0.000000e+00
nan nan 7.150000e-01 7.624998e-01 -3.000000e+00 0.000000e+00
nan nan 7.150000e-01 7.874998e-01 -3.000000e+00 0.000000e+00
nan nan 7.150000e-01 8.124998e-01 -3.000000e+00 0.000000e+00
nan nan 7.150000e-01 8.374998e-01 -3.000000e+00 0.000000e+00
nan nan 7.150000e-01 8.624998e-01 -3.000000e+00 0.000000e+00
nan nan 7.150000e-01 8.874998e-01 -3.000000e+00 0.000000e+00
nan nan 7.150000e-01 9.124997e-01 -3.000000e+00 0.000000e+00
nan nan 7.150000e-01 9.374997e-01 -3.000000e+00 0.000000e+00
nan nan 7.150000e-01 9.624997e-01 -3.000000e+00 0.000000e+00
nan nan 7.150000e-01 9.874997e-01 -3.000000e+00 0.000000e+00
nan nan 7.150000e-01 1.012500e+00 -3.000000e+00 0.000000e+00
nan nan 7.150000e-01 1.037500e+00 -3.000000e+00 0.000000e+00
nan nan 7.150000e-01 1.062500e+00 -3.000000e+00 0.000000e+00
nan nan 7.150000e-01 1.087500e+00 -3.000000e+00 0.000000e+00
nan nan 7.150000e-01 1.112500e+00 -3.000000e+00 0.000000e+00
nan nan 7.150000e-01 1.137500e+00 -3.000000e+00 0.000000e+00
nan nan 7.150000e-01 1.162500e+00 -3.000000e+00 0.000000e+00
nan nan 7.150000e-01 1.187500e+00 -3.000000e+00 0.000000e+00
nan nan 7.150000e-01 1.212500e+00 -3.000000e+00 0.000000e+00
nan nan 7.150000e-01 1.237500e+00 -3.000000e+00 0.000000e+00
nan nan 7.150000e-01 1.262500e+00 -3.000000e+00 0.000000e+00
nan nan 7.150000e-01 1.287500e+00 -3.000000e+00 0.000000e+00
nan nan 7.150000e-01 1.312500e+00 -3.000000e+00 0.000000e+00
nan nan 7.150000e-01 1.337500e+00 -3.000000e+00 0.000000e+00
nan nan 7.150000e-01 1.362500e+00 -3.000000e+00 0.000000e+00
nan nan 7.150000e-01 1.387500e+00 -3.000000e+00 0.000000e+00
nan nan 7.150000e-01 1.412500e+00 -3.000000e+00 0.000000e+00
nan nan 7.150000e-01 1.437500e+00 -3.000000e+00 0.000000e+00
nan nan 7.150000e-01 1.462500e+00 -3.000000e+00 0.000000e+00
nan nan 7.150000e-01 1.487500e+00 -3.000000e+00 0.000000e+00
nan nan 7.150000e-01 1.512500e+00 -3.000000e+00 0.000000e+00
nan nan 7.150000e-01 1.537500e+00 -3.000000e+00 0.000000e+00
nan nan 7.150000e-01 1.562500e+00 -3.000000e+00 0.000000e+00
nan nan 7.150000e-01 1.587500e+00 -3.000000e+00 0.000000e+00
nan nan 7.150000e-01 1.612499e+00 -3.000000e+00 0.000000e+00
nan nan 7.150000e-01 1.637499e+00 -3.000000e+00 0.000000e+00
nan nan 7.150000e-01 1.662499e+00 -3.000000e+00 0.000000e+00
nan nan 7.150000e-01 1.687499e+00 -3.000000e+00 0.000000e+00
nan nan 7.150000e-01 1.712499e+00 -3.000000e+00 0.000000e+00
nan nan 7.150000e-01 1.737499e+00 -3.000000e+00 0.000000e+00
nan nan 7.150000e-01 1.762499e+00 -3.000000e+00 0.000000e+00
nan nan 7.150000e-01 1.787499e+00 -3.000000e+00 0.000000e+00
nan nan 7.150000e-01 1.812499e+00 -3.000000e+00 0.000000e+00
nan nan 7.150000e-01 1.837499e+00 -3.000000e+00 0.000000e+00
nan nan 7.150000e-01 1.862499e+00 -3.000000e+00 0.000000e+00
nan nan 7.150000e-01 1.887499e+00 -3.000000e+00 0.000000e+00
nan nan 7.150000e-01 1.912499e+00 -3.000000e+00 0.000000e+00
nan nan 7.150000e-01 1.937499e+00 -3.000000e+00 0.000000e+00
nan nan 7.150000e-01 1.962499e+00 -3.000000e+00 0.000000e+00
nan nan 7.150000e-01 1.987499e+00 -3.000000e+00 0.000000e+00
nan nan 7.250000e-01 2.125000e-01 -3.000000e+00 0.000000e+00
nan nan 7.250000e-01 2.375000e-01 -3.000000e+00 0.000000e+00
nan nan 7.250000e-01 2.625000e-01 -3.000000e+00 0.000000e+00
nan nan 7.250000e-01 2.875000e-01 -3.000000e+00 0.000000e+00
nan nan 7.250000e-01 3.125000e-01 -3.000000e+00 0.000000e+00
nan nan 7.250000e-01 3.375000e-01 -3.000000e+00 0.000000e+00
nan nan 7.250000e-01 3.624999e-01 -3.000000e+00 0.000000e+00
nan nan 7.250000e-01 3.874999e-01 -3.000000e+00 0.000000e+00
nan nan 7.250000e-01 4.124999e-01 -3.000000e+00 0.000000e+00
nan nan 7.250000e-01 4.374999e-01 -3.000000e+00 0.000000e+00
nan nan 7.250000e-01 4.624999e-01 -3.000000e+00 0.000000e+00
nan nan 7.250000e-01 4.874999e-01 -3.000000e+00 0.000000e+00
nan nan 7.250000e-01 5.124999e-01 -3.000000e+00 0.000000e+00
nan nan 7.250000e-01 5.374999e-01 -3.000000e+00 0.000000e+00
nan nan 7.250000e-01 5.624999e-01 -3.000000e+00 0.000000e+00
nan nan 7.250000e-01 5.874999e-01 -3.000000e+00 0.000000e+00
nan nan 7.250000e-01 6.124999e-01 -3.000000e+00 0.000000e+00
nan nan 7.250000e-01 6.374998e-01 -3.000000e+00 0.000000e+00
nan nan 7.250000e-01 6.624998e-01 -3.000000e+00 0.000000e+00
nan nan 7.250000e-01 6.874998e-01 -3.000000e+00 0.000000e+00
nan nan 7.250000e-01 7.124998e-01 -3.000000e+00 0.000000e+00
nan nan 7.250000e-01 7.374998e-01 -3.000000e+00 0.000000e+00
nan nan 7.250000e-01 7.624998e-01 -3.000000e+00 0.000000e+00
nan nan 7.250000e-01 7.874998e-01 -3.000000e+00 0.000000e+00
nan nan 7.250000e-01 8.124998e-01 -3.000000e+00 0.000000e+00
nan nan 7.250000e-01 8.374998e-01 -3.000000e+00 0.000000e+00
nan nan 7.250000e-01 8.624998e-01 -3.000000e+00 0.000000e+00
nan nan 7.250000e-01 8.874998e-01 -3.000000e+00 0.000000e+00
nan nan 7.250000e-01 9.124997e-01 -3.000000e+00 0.000000e+00
nan nan 7.250000e-01 9.374997e-01 -3.000000e+00 0.000000e+00
nan nan 7.250000e-01 9.624997e-01 -3.000000e+00 0.000000e+00
nan nan 7.250000e-01 9.874997e-01 -3.000000e+00 0.000000e+00
nan nan 7.250000e-01 1.012500e+00 -3.000000e+00 0.000000e+00
nan nan 7.250000e-01 1.037500e+00 -3.000000e+00 0.000000e+00
nan nan 7.250000e-01 1.062500e+00 -3.000000e+00 0.000000e+00
nan nan 7.250000e-01 1.087500e+00 -3.000000e+00 0.000000e+00
nan nan 7.250000e-01 1.112500e+00 -3.000000e+00 0.000000e+00
nan nan 7.250000e-01 1.137500e+00 -3.000000e+00 0.000000e+00
nan nan 7.250000e-01 1.162500e+00 -3.000000e+00 0.000000e+00
nan nan 7.250000e-01 1.187500e+00 -3.000000e+00 0.000000e+00
nan nan 7.250000e-01 1.212500e+00 -3.000000e+00 0.000000e+00
nan nan 7.250000e-01 1.237500e+00 -3.000000e+00 0.000000e+00
nan nan 7.250000e-01 1.262500e+00 -3.000000e+00 0.000000e+00
nan nan 7.250000e-01 1.287500e+00 -3.000000e+00 0.000000e+00
nan nan 7.250000e-01 1.312500e+00 -3.000000e+00 0.000000e+00
nan nan 7.250000e-01 1.337500e+00 -3.000000e+00 0.000000e+00
nan nan 7.250000e-01 1.362500e+00 -3.000000e+00 0.000000e+00
nan nan 7.250000e-01 1.387500e+00 -3.000000e+00 0.000000e+00
nan nan 7.250000e-01 1.412500e+00 -3.000000e+00 0.000000e+00
nan nan 7.250000e-01 1.437500e+00 -3.000000e+00 0.000000e+00
nan nan 7.250000e-01 1.462500e+00 -3.000000e+00 0.000000e+00
nan nan 7.250000e-01 1.487500e+00 -3.000000e+00 0.000000e+00
nan nan 7.250000e-01 1.512500e+00 -3.000000e+00 0.000000e+00
nan nan 7.250000e-01 1.537500e+00 -3.000000e+00 0.000000e+00
nan nan 7.250000e-01 1.562500e+00 -3.000000e+00 0.000000e+00
nan nan 7.250000e-01 1.587500e+00 -3.000000e+00 0.000000e+00
nan nan 7.250000e-01 1.612499e+00 -3.000000e+00 0.000000e+00
nan nan 7.250000e-01 1.637499e+00 -3.000000e+00 0.000000e+00
nan nan 7.250000e-01 1.662499e+00 -3.000000e+00 0.000000e+00
nan nan 7.250000e-01 1.687499e+00 -3.000000e+00 0.000000e+00
nan nan 7.250000e-01 1.712499e+00 -3.000000e+00 0.000000e+00
nan nan 7.250000e-01 1.737499e+00 -3.000000e+00 0.000000e+00
nan nan 7.250000e-01 1.762499e+00 -3.000000e+00 0.000000e+00
nan nan 7.250000e-01 1.787499e+00 -3.000000e+00 0.000000e+00
nan nan 7.250000e-01 1.812499e+00 -3.000000e+00 0.000000e+00
nan nan 7.250000e-01 1.837499e+00 -3.000000e+00 0.000000e+00
nan nan 7.250000e-01 1.862499e+00 -3.000000e+00 0.000000e+00
nan nan 7.250000e-01 1.887499e+00 -3.000000e+00 0.000000e+00
nan nan 7.250000e-01 1.912499e+00 -3.000000e+00 0.000000e+00
nan nan 7.250000e-01 1.937499e+00 -3.000000e+00 0.000000e+00
nan nan 7.250000e-01 1.962499e+00 -3.000000e+00 0.000000e+00
nan nan 7.250000e-01 1.987499e+00 -3.000000e+00 0.000000e+00
nan nan 7.350000e-01 2.125000e-01 -3.000000e+00 0.000000e+00
nan nan 7.350000e-01 2.375000e-01 -3.000000e+00 0.000000e+00
nan nan 7.350000e-01 2.625000e-01 -3.000000e+00 0.000000e+00
nan nan 7.350000e-01 2.875000e-01 -3.000000e+00 0.000000e+00
nan nan 7.350000e-01 3.125000e-01 -3.000000e+00 0.000000e+00
nan nan 7.350000e-01 3.375000e-01 -3.000000e+00 0.000000e+00
nan nan 7.350000e-01 3.624999e-01 -3.000000e+00 0.000000e+00
nan nan 7.350000e-01 3.874999e-01 -3.000000e+00 0.000000e+00
nan nan 7.350000e-01 4.124999e-01 -3.000000e+00 0.000000e+00
nan nan 7.350000e-01 4.374999e-01 -3.000000e+00 0.000000e+00
nan nan 7.350000e-01 4.624999e-01 -3.000000e+00 0.000000e+00
nan nan 7.350000e-01 4.874999e-01 -3.000000e+00 0.000000e+00
nan nan 7.350000e-01 5.124999e-01 -3.000000e+00 0.000000e+00
nan nan 7.350000e-01 5.374999e-01 -3.000000e+00 0.000000e+00
nan nan 7.350000e-01 5.624999e-01 -3.000000e+00 0.000000e+00
nan nan 7.350000e-01 5.874999e-01 -3.000000e+00 0.000000e+00
nan nan 7.350000e-01 6.124999e-01 -3.000000e+00 0.000000e+00
nan nan 7.350000e-01 6.374998e-01 -3.000000e+00 0.000000e+00
nan nan 7.350000e-01 6.624998e-01 -3.000000e+00 0.000000e+00
nan nan 7.350000e-01 6.874998e-01 -3.000000e+00 0.000000e+00
nan nan 7.350000e-01 7.124998e-01 -3.000000e+00 0.000000e+00
nan nan 7.350000e-01 7.374998e-01 -3.000000e+00 0.000000e+00
nan nan 7.350000e-01 7.624998e-01 -3.000000e+00 0.000000e+00
nan nan 7.350000e-01 7.874998e-01 -3.000000e+00 0.000000e+00
nan nan 7.350000e-01 8.124998e-01 -3.000000e+00 0.000000e+00
nan nan 7.350000e-01 8.374998e-01 -3.000000e+00 0.000000e+00
nan nan 7.350000e-01 8.624998e-01 -3.000000e+00 0.000000e+00
nan nan 7.350000e-01 8.874998e-01 -3.000000e+00 0.000000e+00
nan nan 7.350000e-01 9.124997e-01 -3.000000e+00 0.000000e+00
nan nan 7.350000e-01 9.374997e-01 -3.000000e+00 0.000000e+00
nan nan 7.350000e-01 9.624997e-01 -3.000000e+00 0.000000e+00
nan nan 7.350000e-01 9.874997e-01 -3.000000e+00 0.000000e+00
nan nan 7.350000e-01 1.012500e+00 -3.000000e+00 0.000000e+00
nan nan 7.350000e-01 1.037500e+00 -3.000000e+00 0.000000e+00
nan nan 7.350000e-01 1.062500e+00 -3.000000e+00 0.000000e+00
nan nan 7.350000e-01 1.087500e+00 -3.000000e+00 0.000000e+00
nan nan 7.350000e-01 1.112500e+00 -3.000000e+00 0.000000e+00
nan nan 7.350000e-01 1.137500e+00 -3.000000e+00 0.000000e+00
nan nan 7.350000e-01 1.162500e+00 -3.000000e+00 0.000000e+00
nan nan 7.350000e-01 1.187500e+00 -3.000000e+00 0.000000e+00
nan nan 7.350000e-01 1.212500e+00 -3.000000e+00 0.000000e+00
nan nan 7.350000e-01 1.237500e+00 -3.000000e+00 0.000000e+00
nan nan 7.350000e-01 1.262500e+00 -3.000000e+00 0.000000e+00
nan nan 7.350000e-01 1.287500e+00 -3.000000e+00 0.000000e+00
nan nan 7.350000e-01 1.312500e+00 -3.000000e+00 0.000000e+00
nan nan 7.350000e-01 1.337500e+00 -3.000000e+00 0.000000e+00
nan nan 7.350000e-01 1.362500e+00 -3.000000e+00 0.000000e+00
nan nan 7.350000e-01 1.387500e+00 -3.000000e+00 0.000000e+00
nan nan 7.350000e-01 1.412500e+00 -3.000000e+00 0.000000e+00
nan nan 7.350000e-01 1.437500e+00 -3.000000e+00 0.000000e+00
nan nan 7.350000e-01 1.462500e+00 -3.000000e+00 0.000000e+00
nan nan 7.350000e-01 1.487500e+00 -3.000000e+00 0.000000e+00
nan nan 7.350000e-01 1.512500e+00 -3.000000e+00 0.000000e+00
nan nan 7.350000e-01 1.537500e+00 -3.000000e+00 0.000000e+00
nan nan 7.350000e-01 1.562500e+00 -3.000000e+00 0.000000e+00
nan nan 7.350000e-01 1.587500e+00 -3.000000e+00 0.000000e+00
nan nan 7.350000e-01 1.612499e+00 -3.000000e+00 0.000000e+00
nan nan 7.350000e-01 1.637499e+00 -3.000000e+00 0.000000e+00
nan nan 7.350000e-01 1.662499e+00 -3.000000e+00 0.000000e+00
nan nan 7.350000e-01 1.687499e+00 -3.000000e+00 0.000000e+00
nan nan 7.350000e-01 1.712499e+00 -3.000000e+00 0.000000e+00
nan nan 7.350000e-01 1.737499e+00 -3.000000e+00 0.000000e+00
nan nan 7.350000e-01 1.762499e+00 -3.000000e+00 0.000000e+00
nan nan 7.350000e-01 1.787499e+00 -3.000000e+00 0.000000e+00
nan nan 7.350000e-01 1.812499e+00 -3.000000e+00 0.000000e+00
nan nan 7.350000e-01 1.837499e+00 -3.000000e+00 0.000000e+00
nan nan 7.350000e-01 1.862499e+00 -3.000000e+00 0.000000e+00
nan nan 7.350000e-01 1.887499e+00 -3.000000e+00 0.000000e+00
nan nan 7.350000e-01 1.912499e+00 -3.000000e+00 0.000000e+00
nan nan 7.350000e-01 1.937499e+00 -3.000000e+00 0.000000e+00
nan nan 7.350000e-01 1.962499e+00 -3.000000e+00 0.000000e+00
nan nan 7.350000e-01 1.987499e+00 -3.000000e+00 0.000000e+00
nan nan 7.450000e-01 2.125000e-01 -3.000000e+00 0.000000e+00
nan nan 7.450000e-01 2.375000e-01 -3.000000e+00 0.000000e+00
nan nan 7.450000e-01 2.625000e-01 -3.000000e+00 0.000000e+00
nan nan 7.450000e-01 2.875000e-01 -3.000000e+00 0.000000e+00
nan nan 7.450000e-01 3.125000e-01 -3.000000e+00 0.000000e+00
nan nan 7.450000e-01 3.375000e-01 -3.000000e+00 0.000000e+00
nan nan 7.450000e-01 3.624999e-01 -3.000000e+00 0.000000e+00
nan nan 7.450000e-01 3.874999e-01 -3.000000e+00 0.000000e+00
nan nan 7.450000e-01 4.124999e-01 -3.000000e+00 0.000000e+00
nan nan 7.450000e-01 4.374999e-01 -3.000000e+00 0.000000e+00
nan nan 7.450000e-01 4.624999e-01 -3.000000e+00 0.000000e+00
nan nan 7.450000e-01 4.874999e-01 -3.000000e+00 0.000000e+00
nan nan 7.450000e-01 5.124999e-01 -3.000000e+00 0.000000e+00
nan nan 7.450000e-01 5.374999e-01 -3.000000e+00 0.000000e+00
nan nan 7.450000e-01 5.624999e-01 -3.000000e+00 0.000000e+00
nan nan 7.450000e-01 5.874999e-01 -3.000000e+00 0.000000e+00
nan nan 7.450000e-01 6.124999e-01 -3.000000e+00 0.000000e+00
nan nan 7.450000e-01 6.374998e-01 -3.000000e+00 0.000000e+00
nan nan 7.450000e-01 6.624998e-01 -3.000000e+00 0.000000e+00
nan nan 7.450000e-01 6.874998e-01 -3.000000e+00 0.000000e+00
nan nan 7.450000e-01 7.124998e-01 -3.000000e+00 0.000000e+00
nan nan 7.450000e-01 7.374998e-01 -3.000000e+00 0.000000e+00
nan nan 7.450000e-01 7.624998e-01 -3.000000e+00 0.000000e+00
nan nan 7.450000e-01 7.874998e-01 -3.000000e+00 0.000000e+00
nan nan 7.450000e-01 8.124998e-01 -3.000000e+00 0.000000e+00
nan nan 7.450000e-01 8.374998e-01 -3.000000e+00 0.000000e+00
nan nan 7.450000e-01 8.624998e-01 -3.000000e+00 0.000000e+00
nan nan 7.450000e-01 8.874998e-01 -3.000000e+00 0.000000e+00
nan nan 7.450000e-01 9.124997e-01 -3.000000e+00 0.000000e+00
nan nan 7.450000e-01 9.374997e-01 -3.000000e+00 0.000000e+00
nan nan 7.450000e-01 9.624997e-01 -3.000000e+00 0.000000e+00
nan nan 7.450000e-01 9.874997e-01 -3.000000e+00 0.000000e+00
nan nan 7.450000e-01 1.012500e+00 -3.000000e+00 0.000000e+00
nan nan 7.450000e-01 1.037500e+00 -3.000000e+00 0.000000e+00
nan nan 7.450000e-01 1.062500e+00 -3.000000e+00 0.000000e+00
nan nan 7.450000e-01 1.087500e+00 -3.000000e+00 0.000000e+00
nan nan 7.450000e-01 1.112500e+00 -3.000000e+00 0.000000e+00
nan nan 7.450000e-01 1.137500e+00 -3.000000e+00 0.000000e+00
nan nan 7.450000e-01 1.162500e+00 -3.000000e+00 0.000000e+00
nan nan 7.450000e-01 1.187500e+00 -3.000000e+00 0.000000e+00
nan nan 7.450000e-01 1.212500e+00 -3.000000e+00 0.000000e+00
nan nan 7.450000e-01 1.237500e+00 -3.000000e+00 0.000000e+00
nan nan 7.450000e-01 1.262500e+00 -3.000000e+00 0.000000e+00
nan nan 7.450000e-01 1.287500e+00 -3.000000e+00 0.000000e+00
nan nan 7.450000e-01 1.312500e+00 -3.000000e+00 0.000000e+00
nan nan 7.450000e-01 1.337500e+00 -3.000000e+00 0.000000e+00
nan nan 7.450000e-01 1.362500e+00 -3.000000e+00 0.000000e+00
nan nan 7.450000e-01 1.387500e+00 -3.000000e+00 0.000000e+00
nan nan 7.450000e-01 1.412500e+00 -3.000000e+00 0.000000e+00
nan nan 7.450000e-01 1.437500e+00 -3.000000e+00 0.000000e+00
nan nan 7.450000e-01 1.462500e+00 -3.000000e+00 0.000000e+00
nan nan 7.450000e-01 1.487500e+00 -3.000000e+00 0.000000e+00
nan nan 7.450000e-01 1.512500e+00 -3.000000e+00 0.000000e+00
nan nan 7.450000e-01 1.537500e+00 -3.000000e+00 0.000000e+00
nan nan 7.450000e-01 1.562500e+00 -3.000000e+00 0.000000e+00
nan nan 7.450000e-01 1.587500e+00 -3.000000e+00 0.000000e+00
nan nan 7.450000e-01 1.612499e+00 -3.000000e+00 0.000000e+00
nan nan 7.450000e-01 1.637499e+00 -3.000000e+00 0.000000e+00
nan nan 7.450000e-01 1.662499e+00 -3.000000e+00 0.000000e+00
nan nan 7.450000e-01 1.687499e+00 -3.000000e+00 0.000000e+00
nan nan 7.450000e-01 1.712499e+00 -3.000000e+00 0.000000e+00
nan nan 7.450000e-01 1.737499e+00 -3.000000e+00 0.000000e+00
nan nan 7.450000e-01 1.762499e+00 -3.000000e+00 0.000000e+00
nan nan 7.450000e-01 1.787499e+00 -3.000000e+00 0.000000e+00
nan nan 7.450000e-01 1.812499e+00 -3.000000e+00 0.000000e+00
nan nan 7.450000e-01 1.837499e+00 -3.000000e+00 0.000000e+00
nan nan 7.450000e-01 1.862499e+00 -3.000000e+00 0.000000e+00
nan nan 7.450000e-01 1.887499e+00 -3.000000e+00 0.000000e+00
nan nan 7.450000e-01 1.912499e+00 -3.000000e+00 0.000000e+00
nan nan 7.450000e-01 1.937499e+00 -3.000000e+00 0.000000e+00
nan nan 7.450000e-01 1.962499e+00 -3.000000e+00 0.000000e+00
nan nan 7.450000e-01 1.987499e+00 -3.000000e+00 0.000000e+00
